{"methods_ivi": ["iVi", "Res iVi"], "methods_non_ivi": ["Population", "Ogata"], "n_paths_time_meas": 100000, "n_paths_non_ivi": 10000, "time_Population": 535.158314704895, "time_Ogata": 1045.3522443771362, "mean_N_T": 89.03456590288981, "U_p_values_10": {"Population-Ogata": [0.2968514903604106, 0.0138], "Population-iVi": [0.0, 0.4579], "Population-Res iVi": [0.3305488484947325, 0.0134]}, "N_p_values_10": {"Population-Ogata": [0.6398931694241892, 0.0105], "Population-iVi": [0.0, 0.3562], "Population-Res iVi": [0.07832207989955421, 0.018]}, "U_p_values_50": {"Population-Ogata": [0.2968514903604106, 0.0138], "Population-iVi": [2.09020979905735e-34, 0.0884], "Population-Res iVi": [0.967081996278138, 0.007]}, "N_p_values_50": {"Population-Ogata": [0.6398931694241892, 0.0105], "Population-iVi": [4.33806489537115e-22, 0.0706], "Population-Res iVi": [0.21692483428445863, 0.0149]}, "U_p_values_100": {"Population-Ogata": [0.2968514903604106, 0.0138], "Population-iVi": [1.8098173009717144e-06, 0.0373], "Population-Res iVi": [0.2509732672225685, 0.0144]}, "N_p_values_100": {"Population-Ogata": [0.6398931694241892, 0.0105], "Population-iVi": [8.636450209468445e-05, 0.0317], "Population-Res iVi": [0.013843815295457773, 0.0223]}, "U_p_values_1000": {"Population-Ogata": [0.2968514903604106, 0.0138], "Population-iVi": [0.15454104632436025, 0.016], "Population-Res iVi": [0.9212790168134688, 0.0078]}, "N_p_values_1000": {"Population-Ogata": [0.6398931694241892, 0.0105], "Population-iVi": [0.010081483182653565, 0.023], "Population-Res iVi": [0.39547859404270563, 0.0127]}, "n_steps_arr_cf": [20, 35, 50, 65, 80, 100, 200, 350, 500, 750, 1000], "n_paths_ivi": 100000, "mc_std_U": 0.0002859348078691945, "mc_std_N": 0.0003941948233503238, "time_iVi_20": 0.3118276596069336, "errors_ivi": {"U": {"iVi": [0.04863337273351975, 0.026210431822699, 0.017621221421147748, 0.013908230975357538, 0.01075724526626104, 0.008530501606832164, 0.004286906460628792, 0.0022234089014300795, 0.0018423612309274584, 0.0011644602761727296, 0.0009283296188279944], "Res iVi": [0.0008909927012561436, 0.0007977656871441807, 0.0003815759844382205, 0.00035455198036615787, 0.0006516372554066785, 8.762772603498892e-05, 0.00036208144136828935, 0.0005401110835611678, 0.00010502579922477828, 0.00032718518054331014, 0.0001422264184881561]}, "N": {"iVi": [0.04816473126710519, 0.02572826359343311, 0.01713427402114459, 0.013672311375155344, 0.010484788159831893, 0.008215065094010432, 0.0041377997472547, 0.0020807209819335704, 0.0019129556056539099, 0.0012257228247400942, 0.0008185599040638758], "Res iVi": [0.0013011860348308701, 0.0010669074169533665, 0.0004778311457720452, 0.0005312586144363696, 0.000882674198990907, 9.96747213450333e-05, 0.00042974628678033033, 0.000591501559529195, 0.00018176850461582017, 0.0003828398788447429, 0.00016786769611321084]}}, "time_iVi_35": 0.5356612205505371, "time_iVi_50": 0.8088047504425049, "time_iVi_65": 1.0711262226104736, "time_iVi_80": 1.3609626293182373, "time_iVi_100": 1.7981345653533936, "time_iVi_200": 4.4707090854644775, "time_iVi_350": 9.616221189498901, "time_iVi_500": 16.648990631103516, "time_iVi_750": 32.65671443939209, "time_iVi_1000": 52.860535621643066, "time_Res iVi_20": 0.437150239944458, "time_Res iVi_35": 0.6256313323974609, "time_Res iVi_50": 0.8163678646087646, "time_Res iVi_65": 1.0892109870910645, "time_Res iVi_80": 1.3702220916748047, "time_Res iVi_100": 1.8675780296325684, "time_Res iVi_200": 4.5256805419921875, "time_Res iVi_350": 9.971839427947998, "time_Res iVi_500": 17.467813968658447, "time_Res iVi_750": 34.12240695953369, "time_Res iVi_1000": 56.674129247665405, "mc_std_iVi_U": 0.0002853849135661373, "mc_std_Res iVi_U": 0.0002842730238868078, "mc_std_iVi_N": 0.0003922372878947265, "mc_std_Res iVi_N": 0.00039114318095619533}