{"is_log_time": true, "methods_ivi": ["iVi", "Res iVi"], "methods_non_ivi": ["Population", "Ogata"], "n_paths_time_meas": 100000, "n_steps_arr_cf": [20, 35, 50, 65, 80, 100, 200, 350, 500, 750, 1000], "n_batch_cf": 10, "batch_size_cf": 100000, "n_paths_non_ivi": 10000, "time_Population": 1209.4652891159058, "time_Ogata": 2141.6094040870667, "n_paths_ivi": 1000000, "mean_N_T": 288.1422726513042, "mc_std_U": 1.9910839055804705e-05, "mc_std_N": 3.967949992845952e-05, "time_iVi_20": 0.2576826810836792, "errors_ivi": {"U": {"iVi": [0.016288990901224154, 0.009402619625324071, 0.006621226644331457, 0.005110219435150221, 0.004156504406342021, 0.003330895776456233, 0.0016273505911757469, 0.0009362249786349919, 0.0006666522682367559, 0.00044884183743210126, 0.00032212904644302043], "Res iVi": [4.3556017409740466e-05, 5.036722579720987e-05, 5.4770167770445966e-05, 6.355180365291702e-06, 4.4975133129343536e-05, 7.919747485263251e-06, 4.642097085810759e-05, 4.458250316274892e-05, 6.618122975532437e-05, 6.547883032415047e-05, 4.2893099163443527e-05]}, "N": {"iVi": [0.01661645932192901, 0.009659889684999035, 0.0068208107373682325, 0.005279289664081643, 0.004323300724834334, 0.0034687918000045337, 0.001685422835945416, 0.0010070764191776882, 0.0007321778418812874, 0.0005312318223179568, 0.0003661893265031191], "Res iVi": [0.0002167962607143581, 0.000132826669167585, 0.00010507741658272174, 0.00015889828029852504, 8.467221946106829e-05, 0.00011243457029458392, 2.3512743587583707e-05, 1.1856791774844666e-05, 6.708232117064172e-05, 4.7193977119497355e-05, 3.533281676654232e-05]}}, "time_iVi_35": 0.4604808330535889, "time_iVi_50": 0.6384569883346558, "time_iVi_65": 0.8682401895523072, "time_iVi_80": 1.0806523084640502, "time_iVi_100": 1.4387545108795168, "time_iVi_200": 3.566547727584839, "time_iVi_350": 8.299689006805421, "time_iVi_500": 14.740363121032715, "time_iVi_750": 28.70191626548767, "time_iVi_1000": 47.36893849372864, "time_Res iVi_20": 0.2752569913864136, "time_Res iVi_35": 0.4595449686050415, "time_Res iVi_50": 0.6388566732406616, "time_Res iVi_65": 0.8546741008758545, "time_Res iVi_80": 1.0885224580764772, "time_Res iVi_100": 1.4195078849792482, "time_Res iVi_200": 3.6196722745895387, "time_Res iVi_350": 8.226139426231384, "time_Res iVi_500": 14.497893309593202, "time_Res iVi_750": 29.21228511333466, "time_Res iVi_1000": 49.477827334404, "mc_std_iVi_U": 1.987793310879811e-05, "mc_std_Res iVi_U": 2.0159826339307417e-05, "mc_std_iVi_N": 3.965426984671577e-05, "mc_std_Res iVi_N": 3.998693386031454e-05}