{"time_Population_10000": 18.542764902114868, "time_Ogata_10000": 31.227054119110107, "mean_N_T": 31.406245827113267, "U_p_values_10": {"Population-Ogata": [0.2582344696265808, 0.0143], "Population-iVi": [1.7226653725831867e-56, 0.1135], "Population-Res iVi": [0.005191430598013493, 0.0244]}, "N_p_values_10": {"Population-Ogata": [0.10740980185915357, 0.0171], "Population-iVi": [3.5896102095244285e-181, 0.2033], "Population-Res iVi": [0.0017823478988117213, 0.0265]}, "U_p_values_50": {"Population-Ogata": [0.2582344696265808, 0.0143], "Population-iVi": [3.338306709793405e-07, 0.0395], "Population-Res iVi": [0.09353139411912735, 0.0175]}, "N_p_values_50": {"Population-Ogata": [0.10740980185915357, 0.0171], "Population-iVi": [2.854668341236491e-05, 0.0334], "Population-Res iVi": [0.01581175286855823, 0.022]}, "U_p_values_100": {"Population-Ogata": [0.2582344696265808, 0.0143], "Population-iVi": [0.018824742428484434, 0.0216], "Population-Res iVi": [0.39547859404270563, 0.0127]}, "N_p_values_100": {"Population-Ogata": [0.10740980185915357, 0.0171], "Population-iVi": [0.0038596010962783566, 0.025], "Population-Res iVi": [0.009627220439461456, 0.0231]}, "U_p_values_1000": {"Population-Ogata": [0.2582344696265808, 0.0143], "Population-iVi": [0.898195296299018, 0.0081], "Population-Res iVi": [0.898195296299018, 0.0081]}, "N_p_values_1000": {"Population-Ogata": [0.10740980185915357, 0.0171], "Population-iVi": [0.0038596010962783566, 0.025], "Population-Res iVi": [0.022340230544746754, 0.0212]}, "time_iVi_20": 2.123124837875366, "time_iVi_35": 4.315241813659668, "time_iVi_50": 5.612961530685425, "time_iVi_65": 7.659961223602295, "time_iVi_80": 9.772175312042236, "time_iVi_100": 13.183249950408936, "time_iVi_200": 34.73137593269348, "time_iVi_350": 87.31473278999329, "time_iVi_500": 155.77486515045166, "time_iVi_750": 312.524365901947, "time_iVi_1000": 515.3690683841705, "time_Res iVi_20": 2.9387712478637695, "time_Res iVi_35": 4.992534160614014, "time_Res iVi_50": 7.20348048210144, "time_Res iVi_65": 9.592650890350342, "time_Res iVi_80": 12.358351230621338, "time_Res iVi_100": 16.27510094642639, "time_Res iVi_200": 41.268187522888184, "time_Res iVi_350": 94.24744272232056, "time_Res iVi_500": 166.65841245651245, "time_Res iVi_750": 330.325763463974, "time_Res iVi_1000": 545.8261439800262, "arriavals_p_values_10": {"Population": [0.7822528139368767, 0.10246025230160938], "Ogata": [0.9606475117543724, 0.08882997460566444], "iVi": [0.275862526039814, 0.1347674898924791], "Res iVi": [0.4047163746594191, 0.11524445570928621]}, "arriavals_p_values_50": {"Population": [0.7822528139368767, 0.10246025230160938], "Ogata": [0.9606475117543724, 0.08882997460566444], "iVi": [0.11447022956056763, 0.13761743431109896], "Res iVi": [0.03491123512048422, 0.3429378979917863]}, "arriavals_p_values_100": {"Population": [0.7822528139368767, 0.10246025230160938], "Ogata": [0.9606475117543724, 0.08882997460566444], "iVi": [0.16809804953365393, 0.24029593012405354], "Res iVi": [0.7189435649253024, 0.1087694590865268]}, "arriavals_p_values_1000": {"Population": [0.7822528139368767, 0.10246025230160938], "Ogata": [0.9606475117543724, 0.08882997460566444], "iVi": [0.27316948287568865, 0.20517546707394912], "Res iVi": [0.5896479912901879, 0.1358727585859381]}}