{"time_Population_10000": 29.81535768508911, "time_Ogata_10000": 50.08241057395935, "mean_N_T": 31.406245827113267, "U_p_values_10": {"Population-Ogata": [0.2582344696265808, 0.0143], "Population-iVi": [1.7226653725831867e-56, 0.1135], "Population-Res iVi": [0.005191430598013493, 0.0244]}, "N_p_values_10": {"Population-Ogata": [0.10740980185915357, 0.0171], "Population-iVi": [3.5896102095244285e-181, 0.2033], "Population-Res iVi": [0.0017823478988117213, 0.0265]}, "U_p_values_50": {"Population-Ogata": [0.2582344696265808, 0.0143], "Population-iVi": [3.338306709793405e-07, 0.0395], "Population-Res iVi": [0.09353139411912735, 0.0175]}, "N_p_values_50": {"Population-Ogata": [0.10740980185915357, 0.0171], "Population-iVi": [2.854668341236491e-05, 0.0334], "Population-Res iVi": [0.01581175286855823, 0.022]}, "U_p_values_100": {"Population-Ogata": [0.2582344696265808, 0.0143], "Population-iVi": [0.018824742428484434, 0.0216], "Population-Res iVi": [0.39547859404270563, 0.0127]}, "N_p_values_100": {"Population-Ogata": [0.10740980185915357, 0.0171], "Population-iVi": [0.0038596010962783566, 0.025], "Population-Res iVi": [0.009627220439461456, 0.0231]}, "U_p_values_1000": {"Population-Ogata": [0.2582344696265808, 0.0143], "Population-iVi": [0.898195296299018, 0.0081], "Population-Res iVi": [0.898195296299018, 0.0081]}, "N_p_values_1000": {"Population-Ogata": [0.10740980185915357, 0.0171], "Population-iVi": [0.0038596010962783566, 0.025], "Population-Res iVi": [0.022340230544746754, 0.0212]}, "time_iVi_20": 2.7596805095672607, "errors_ivi": {"U": {"iVi": [0.03122125045586921, 0.019690314168587575, 0.013685966862226062, 0.010405198096670731, 0.008706229085219563, 0.006739024430473528, 0.003537293743176906, 0.002172054526447642, 0.0012849188605140172, 0.0006318544669163262, 0.0005544935801932716], "Res iVi": [0.0016526713986541597, 0.0010837715667900705, 0.0006921073086726959, 0.00047030092898175946, 0.0003893536065459058, 0.00038234827048183595, 0.00031250007529376456, 0.000252578080154664, 6.109326056347175e-05, 0.0001303866886417926, 0.00018761560315511128]}, "N": {"iVi": [0.03588774094684771, 0.019433377190205325, 0.01306663264042457, 0.00978472381033929, 0.008221551285193585, 0.006304849927930123, 0.003362292077172979, 0.0022031255157601848, 0.0011150772286457888, 0.0004894119793632523, 0.00042578924203928725], "Res iVi": [0.002388899943821854, 0.0015738510356983482, 0.0009433046777818643, 0.0006249452850515813, 0.000553155778303227, 0.0005016226702031501, 0.00042682657273501734, 0.00032704884388184974, 0.00012510988477021368, 0.0001291415169812904, 0.00023710238321600352]}}, "time_iVi_35": 5.413660287857056, "time_iVi_50": 8.885433197021484, "time_iVi_65": 9.943315982818604, "time_iVi_80": 12.061458826065063, "time_iVi_100": 13.37411642074585, "time_iVi_200": 40.0065016746521, "time_iVi_350": 86.48530840873718, "time_iVi_500": 156.39031958580017, "time_iVi_750": 311.79163885116577, "time_iVi_1000": 507.30165243148804, "time_Res iVi_20": 3.0513358116149902, "time_Res iVi_35": 5.427705764770508, "time_Res iVi_50": 7.685515880584717, "time_Res iVi_65": 9.794478416442871, "time_Res iVi_80": 9.872851610183716, "time_Res iVi_100": 13.409043550491333, "time_Res iVi_200": 33.85878014564514, "time_Res iVi_350": 79.64994955062866, "time_Res iVi_500": 149.13491535186768, "time_Res iVi_750": 340.1719665527344, "time_Res iVi_1000": 554.6423835754395, "arriavals_p_values_10": {"Population": [0.7822528139368767, 0.10246025230160938], "Ogata": [0.9606475117543724, 0.08882997460566444], "iVi": [0.275862526039814, 0.1347674898924791], "Res iVi": [0.4047163746594191, 0.11524445570928621]}, "arriavals_p_values_50": {"Population": [0.7822528139368767, 0.10246025230160938], "Ogata": [0.9606475117543724, 0.08882997460566444], "iVi": [0.11447022956056763, 0.13761743431109896], "Res iVi": [0.03491123512048422, 0.3429378979917863]}, "arriavals_p_values_100": {"Population": [0.7822528139368767, 0.10246025230160938], "Ogata": [0.9606475117543724, 0.08882997460566444], "iVi": [0.16809804953365393, 0.24029593012405354], "Res iVi": [0.7189435649253024, 0.1087694590865268]}, "arriavals_p_values_1000": {"Population": [0.7822528139368767, 0.10246025230160938], "Ogata": [0.9606475117543724, 0.08882997460566444], "iVi": [0.27316948287568865, 0.20517546707394912], "Res iVi": [0.5896479912901879, 0.1358727585859381]}}