{"methods_ivi": ["iVi", "Res iVi"], "methods_non_ivi": ["Population", "Ogata"], "n_paths_time_meas": 1000000, "n_paths_non_ivi": 10000, "time_Population": 5105.100846290588, "time_Ogata": 7704.375171661377, "mean_N_T": 89.03456590288981, "U_p_values_10": {"Population-Ogata": [0.2968514903604106, 0.0138], "Population-iVi": [0.0, 0.8426], "Population-Res iVi": [0.0019808990340339913, 0.0263]}, "N_p_values_10": {"Population-Ogata": [0.6398931694241892, 0.0105], "Population-iVi": [0.0, 0.9349], "Population-Res iVi": [0.005191430598013493, 0.0244]}, "U_p_values_50": {"Population-Ogata": [0.2968514903604106, 0.0138], "Population-iVi": [1.6619250923895013e-05, 0.0342], "Population-Res iVi": [0.6756592612416861, 0.0102]}, "N_p_values_50": {"Population-Ogata": [0.6398931694241892, 0.0105], "Population-iVi": [6.145397512748782e-21, 0.0687], "Population-Res iVi": [0.4893600375017084, 0.0118]}, "U_p_values_100": {"Population-Ogata": [0.2968514903604106, 0.0138], "Population-iVi": [0.03811973702041487, 0.0199], "Population-Res iVi": [0.37616617897202725, 0.0129]}, "N_p_values_100": {"Population-Ogata": [0.6398931694241892, 0.0105], "Population-iVi": [0.20433493803247618, 0.0151], "Population-Res iVi": [0.1149640605104508, 0.0169]}, "U_p_values_1000": {"Population-Ogata": [0.2968514903604106, 0.0138], "Population-iVi": [0.934921367863862, 0.0076], "Population-Res iVi": [0.9212790168134688, 0.0078]}, "N_p_values_1000": {"Population-Ogata": [0.6398931694241892, 0.0105], "Population-iVi": [0.21692483428445863, 0.0149], "Population-Res iVi": [0.2369059200442076, 0.0146]}, "n_steps_arr_cf": [20, 35, 50, 65, 80, 100, 200, 350, 500, 750, 1000], "n_paths_ivi": 1000000, "mc_std_U": 9.042052551892916e-05, "mc_std_N": 0.00012465534836347497, "time_iVi_20": 4.358484506607056, "errors_ivi": {"U": {"iVi": [0.07439279752519024, 0.019726189896012936, 0.006110122424271003, 0.001041161326152451, 0.0010678285713280888, 0.002183456544425366, 0.0026683036094350965, 0.0019980727178183777, 0.0015586339885284017, 0.0010161988489702511, 0.000756040706997918], "Res iVi": [0.0006893231747354678, 0.00031078597047839995, 0.00019374394272542173, 0.0001323780737237934, 2.0493869994808733e-05, 0.00020834259255442245, 6.81627681156094e-05, 5.88113654214073e-05, 9.274069654169326e-05, 8.110388595039542e-05, 5.226390075185883e-05]}, "N": {"iVi": [0.1316370468997407, 0.0425747593145972, 0.01823162899818781, 0.008529241224473016, 0.004074838757925747, 0.0012550552365109269, 0.0017081488641033649, 0.001654537138578993, 0.001399291443620776, 0.0009099017080726468, 0.0006459121975441184], "Res iVi": [0.0010448000429256754, 0.00048274744726134466, 0.00030011377931188354, 0.0002779694592955906, 0.0001008317015330773, 0.00031277182203909293, 9.68323214813882e-05, 0.00010614762682370493, 9.497185018420007e-05, 9.773703890919583e-05, 0.00013765606789201135]}}, "time_iVi_35": 6.84578537940979, "time_iVi_50": 9.397703886032104, "time_iVi_65": 8.684619426727295, "time_iVi_80": 10.884164333343506, "time_iVi_100": 14.218177318572998, "time_iVi_200": 37.775739669799805, "time_iVi_350": 92.42403531074524, "time_iVi_500": 169.94803428649902, "time_iVi_750": 388.84487557411194, "time_iVi_1000": 675.7508516311646, "time_Res iVi_20": 4.032511949539185, "time_Res iVi_35": 6.637692928314209, "time_Res iVi_50": 9.359645128250122, "time_Res iVi_65": 12.38930058479309, "time_Res iVi_80": 15.8182213306427, "time_Res iVi_100": 20.82625985145569, "time_Res iVi_200": 52.97215390205383, "time_Res iVi_350": 124.11764430999756, "time_Res iVi_500": 194.96113109588623, "time_Res iVi_750": 300.9165120124817, "time_Res iVi_1000": 521.2889704704285, "arriavals_p_values_10": {"Population": [0.470575940918029, 0.08792403333152543], "Ogata": [0.7069317763637735, 0.07269830149052042], "iVi": [4.2505441514329197e-07, 0.1357364817585789], "Res iVi": [0.48324757307768185, 0.08753598407958821]}, "arriavals_p_values_50": {"Population": [0.470575940918029, 0.08792403333152543], "Ogata": [0.7069317763637735, 0.07269830149052042], "iVi": [0.5583835282613785, 0.08207959231798759], "Res iVi": [0.03268393409742176, 0.10863335618512604]}, "arriavals_p_values_100": {"Population": [0.470575940918029, 0.08792403333152543], "Ogata": [0.7069317763637735, 0.07269830149052042], "iVi": [0.12613830530399284, 0.11699822051300779], "Res iVi": [0.9328934997780857, 0.053191497594874515]}, "arriavals_p_values_1000": {"Population": [0.470575940918029, 0.08792403333152543], "Ogata": [0.7069317763637735, 0.07269830149052042], "iVi": [0.6348162886524964, 0.06699194699578093], "Res iVi": [0.14705511310278374, 0.16299983572032684]}}