{"methods_ivi": ["iVi", "Res iVi"], "methods_non_ivi": ["Population", "Ogata"], "n_paths_time_meas": 100000, "n_paths_non_ivi": 10000, "time_Population": 2297.194848060608, "time_Ogata": 1033.7463235855103, "mean_N_T": 309.05680343098845, "U_p_values_10": {"Population-Ogata": [0.934921367863862, 0.0076], "Population-iVi": [4.2620724283015394e-280, 0.2524], "Population-Res iVi": [5.610789321962591e-45, 0.1012]}, "N_p_values_10": {"Population-Ogata": [0.9282795837972042, 0.0077], "Population-iVi": [0.0, 0.9888], "Population-Res iVi": [0.0001043687301288486, 0.0314]}, "U_p_values_50": {"Population-Ogata": [0.934921367863862, 0.0076], "Population-iVi": [0.0, 0.9], "Population-Res iVi": [0.0023174761527665106, 0.026]}, "N_p_values_50": {"Population-Ogata": [0.9282795837972042, 0.0077], "Population-iVi": [0.0, 0.9777], "Population-Res iVi": [0.03966362560959423, 0.0198]}, "U_p_values_100": {"Population-Ogata": [0.934921367863862, 0.0076], "Population-iVi": [0.0, 0.6172], "Population-Res iVi": [0.4784083389368079, 0.0119]}, "N_p_values_100": {"Population-Ogata": [0.9282795837972042, 0.0077], "Population-iVi": [0.0, 0.7776], "Population-Res iVi": [0.5342696653345376, 0.0114]}, "U_p_values_1000": {"Population-Ogata": [0.934921367863862, 0.0076], "Population-iVi": [7.643147484576831e-24, 0.0734], "Population-Res iVi": [0.6637453476707832, 0.0103]}, "N_p_values_1000": {"Population-Ogata": [0.9282795837972042, 0.0077], "Population-iVi": [1.7581443997718148e-47, 0.104], "Population-Res iVi": [0.5806415540561973, 0.011]}, "n_steps_arr_cf": [20, 35, 50, 65, 80, 100, 200, 350, 500, 750, 1000], "n_paths_ivi": 100000, "mc_std_U": 0.00021979576816733996, "mc_std_N": 0.0002814787411130323, "time_iVi_20": 0.3460078239440918, "errors_ivi": {"U": {"iVi": [0.3287396814164521, 0.3087772582151633, 0.24968516104545077, 0.19909767834002223, 0.1625258912373449, 0.12907954240414435, 0.062026952981414696, 0.03458716430822523, 0.024125855933382012, 0.01595797841634483, 0.011576938569265727], "Res iVi": [0.0023618695130893097, 0.001575116161604495, 0.0009131177698410986, 0.0005472317468124266, 0.0006426577487121388, 0.00048649473087414297, 1.780973729326174e-05, 6.680219658550257e-06, 4.790723992775803e-05, 0.00012157078889013517, 0.0002422347601767072]}, "N": {"iVi": [0.37661204863328557, 0.3694651228638334, 0.33891585461716767, 0.2954713035903819, 0.25469841269525406, 0.21137562058189527, 0.1092258057001852, 0.06242577745968153, 0.04382943661158745, 0.0291728646604813, 0.021404249018756705], "Res iVi": [0.002352428923588723, 0.0017476181048586281, 0.001051042234462285, 0.0005792699539562407, 0.0007172422153798874, 0.00059990190241066, 3.426192565786357e-05, 4.7618346002697987e-05, 6.494373407694987e-05, 0.00013166528098734753, 0.00028774188822927593]}}, "time_iVi_35": 0.5338742733001709, "time_iVi_50": 0.8036346435546875, "time_iVi_65": 1.1618471145629883, "time_iVi_80": 1.409792184829712, "time_iVi_100": 1.722545862197876, "time_iVi_200": 3.041017532348633, "time_iVi_350": 5.341871976852417, "time_iVi_500": 6.753742694854736, "time_iVi_750": 9.709440231323242, "time_iVi_1000": 13.314928770065308, "time_Res iVi_20": 0.36343979835510254, "time_Res iVi_35": 0.5188236236572266, "time_Res iVi_50": 0.6754512786865234, "time_Res iVi_65": 0.833503007888794, "time_Res iVi_80": 1.0078489780426025, "time_Res iVi_100": 1.2743871212005615, "time_Res iVi_200": 2.563129425048828, "time_Res iVi_350": 4.693605661392212, "time_Res iVi_500": 6.4475250244140625, "time_Res iVi_750": 9.498860836029053, "time_Res iVi_1000": 12.85191535949707, "mc_std_iVi_U": 0.0002259187707288241, "mc_std_Res iVi_U": 0.00022148911321270598, "mc_std_iVi_N": 0.000286461808935515, "mc_std_Res iVi_N": 0.0002838586514649044}