{"time_Population_10000": 15.85503888130188, "time_Ogata_10000": 6.79776406288147, "mean_N_T": 24.695163078136517, "U_p_values_10": {"Population-Ogata": [0.734599370602186, 0.0097], "Population-iVi": [0.0, 0.3689], "Population-Res iVi": [4.100535218416419e-11, 0.0496]}, "N_p_values_10": {"Population-Ogata": [0.40535690578815814, 0.0126], "Population-iVi": [2.3335052653930922e-120, 0.1658], "Population-Res iVi": [3.723410418903642e-05, 0.033]}, "U_p_values_50": {"Population-Ogata": [0.734599370602186, 0.0097], "Population-iVi": [2.7806186723432776e-27, 0.0786], "Population-Res iVi": [0.5228883388356883, 0.0115]}, "N_p_values_50": {"Population-Ogata": [0.40535690578815814, 0.0126], "Population-iVi": [4.994629616943177e-09, 0.0445], "Population-Res iVi": [0.06288105634528753, 0.0186]}, "U_p_values_100": {"Population-Ogata": [0.734599370602186, 0.0097], "Population-iVi": [3.084305112309125e-07, 0.0396], "Population-Res iVi": [0.8811642663237643, 0.0083]}, "N_p_values_100": {"Population-Ogata": [0.40535690578815814, 0.0126], "Population-iVi": [9.200976539765021e-05, 0.0316], "Population-Res iVi": [0.08118453676750115, 0.0179]}, "U_p_values_1000": {"Population-Ogata": [0.734599370602186, 0.0097], "Population-iVi": [0.9212790168134688, 0.0078], "Population-Res iVi": [0.5228883388356883, 0.0115]}, "N_p_values_1000": {"Population-Ogata": [0.40535690578815814, 0.0126], "Population-iVi": [0.003154819333691267, 0.0254], "Population-Res iVi": [0.007622190763921241, 0.0236]}, "time_iVi_20": 2.0392539501190186, "errors_ivi": {"U": {"iVi": [0.04033065645605971, 0.02308441981933107, 0.016203004458356873, 0.012429706841730725, 0.009898439828603722, 0.008058892597034406, 0.003959869789656845, 0.0022770339594977984, 0.0016001441219620771, 0.001189370068050588, 0.0008061432792069168], "Res iVi": [0.002056575919484993, 0.0012560067461084845, 0.0008834815802644669, 0.0006231343233183417, 0.0006104315480514044, 0.000383288779640667, 0.00016332255366335868, 0.00015045395784146764, 9.613425329879632e-05, 5.1689600857329765e-05, 8.307625640002758e-05]}, "N": {"iVi": [0.03142846087525758, 0.01841618549326529, 0.013020318258856023, 0.010141835898071883, 0.008508686494428375, 0.006661035944647231, 0.0034950108971860128, 0.0019600744870358344, 0.0013703835130767783, 0.0006672127138972472, 0.0007235356465909448], "Res iVi": [0.0031299701787705914, 0.0019700849244631002, 0.0014856033036662053, 0.0010211105543481147, 0.0010499721784698046, 0.0007171814548337374, 0.0003175012953945955, 0.00035477160730890134, 0.00018618682378485074, 9.595799669837035e-05, 0.00010111550851843454]}}, "time_iVi_35": 4.135065078735352, "time_iVi_50": 5.464256286621094, "time_iVi_65": 7.364308595657349, "time_iVi_80": 9.305658340454102, "time_iVi_100": 12.559097528457642, "time_iVi_200": 32.736777544021606, "time_iVi_350": 76.92043232917786, "time_iVi_500": 136.56177043914795, "time_iVi_750": 279.5144181251526, "time_iVi_1000": 476.3188536167145, "time_Res iVi_20": 2.2419700622558594, "time_Res iVi_35": 3.9816670417785645, "time_Res iVi_50": 5.899160385131836, "time_Res iVi_65": 7.699979782104492, "time_Res iVi_80": 9.847806692123413, "time_Res iVi_100": 13.3153235912323, "time_Res iVi_200": 33.750627279281616, "time_Res iVi_350": 78.60237836837769, "time_Res iVi_500": 136.82321429252625, "time_Res iVi_750": 276.43851137161255, "time_Res iVi_1000": 468.39932084083557, "arriavals_p_values_10": {"Population": [0.6993361135298879, 0.12822041412193796], "Ogata": [0.019529288083357743, 0.3906924102531852], "iVi": [0.9109627224134681, 0.1008734670401446], "Res iVi": [0.7115019622287907, 0.1567372767138074]}, "arriavals_p_values_50": {"Population": [0.6993361135298879, 0.12822041412193796], "Ogata": [0.019529288083357743, 0.3906924102531852], "iVi": [0.6297483967100277, 0.11733893305601839], "Res iVi": [0.506980506288537, 0.1722781588874771]}, "arriavals_p_values_100": {"Population": [0.6993361135298879, 0.12822041412193796], "Ogata": [0.019529288083357743, 0.3906924102531852], "iVi": [0.7785584489762511, 0.13670211221759054], "Res iVi": [0.2706892516975782, 0.23970575682193818]}, "arriavals_p_values_1000": {"Population": [0.6993361135298879, 0.12822041412193796], "Ogata": [0.019529288083357743, 0.3906924102531852], "iVi": [0.5815197407343196, 0.15227624758530645], "Res iVi": [0.0702493295837241, 0.31178883401330837]}}