{"time_Population_10000": 9.053809404373169, "time_Ogata_10000": 18.102144479751587, "mean_N_T": 24.782956239809778, "U_p_values_10": {"Population-Ogata": [0.34833322133888034, 0.0132], "Population-iVi": [1e-323, 0.2753], "Population-Res iVi": [7.285022540143347e-07, 0.0385]}, "N_p_values_10": {"Population-Ogata": [0.9526534360915695, 0.0073], "Population-iVi": [0.0, 0.4505], "Population-Res iVi": [8.104937718383805e-05, 0.0318]}, "U_p_values_50": {"Population-Ogata": [0.34833322133888034, 0.0132], "Population-iVi": [8.73300166062117e-90, 0.1432], "Population-Res iVi": [0.3393633805365633, 0.0133]}, "N_p_values_50": {"Population-Ogata": [0.9526534360915695, 0.0073], "Population-iVi": [2.6252307622255116e-167, 0.1954], "Population-Res iVi": [0.018026945146397706, 0.0217]}, "U_p_values_100": {"Population-Ogata": [0.34833322133888034, 0.0132], "Population-iVi": [1.7256959317082706e-46, 0.1029], "Population-Res iVi": [0.08413471385146415, 0.0178]}, "N_p_values_100": {"Population-Ogata": [0.9526534360915695, 0.0073], "Population-iVi": [1.0609579535436868e-85, 0.1399], "Population-Res iVi": [2.4965560810514017e-05, 0.0336]}, "U_p_values_1000": {"Population-Ogata": [0.34833322133888034, 0.0132], "Population-iVi": [2.100314609257551e-06, 0.0371], "Population-Res iVi": [0.20433493803247618, 0.0151]}, "N_p_values_1000": {"Population-Ogata": [0.9526534360915695, 0.0073], "Population-iVi": [5.4235267158864475e-15, 0.0579], "Population-Res iVi": [4.24728924053937e-05, 0.0328]}, "time_iVi_20": 3.1092472076416016, "errors_ivi": {"U": {"iVi": [0.05498428599353167, 0.04280204385972053, 0.03572407606968375, 0.03110822726526291, 0.027888294317894025, 0.024656677872350652, 0.016831862493824845, 0.012200552551472177, 0.01010288593538583, 0.007726919914260277, 0.006455553604338915], "Res iVi": [0.0011894045895404215, 0.0006395885013931735, 0.00036196041162356307, 0.00042736326119025003, 0.00030991041535627373, 4.03240686435713e-05, 9.403601789104155e-05, 3.161584160754627e-05, 6.375308851047645e-05, 0.0002626582221623708, 1.2633582784360442e-06]}, "N": {"iVi": [0.12263102259539344, 0.09018076088163546, 0.07357962361475573, 0.06317327383553134, 0.056054570539035675, 0.04921278324520484, 0.03282029487143001, 0.023493965276402795, 0.01932752274358429, 0.014717159816242331, 0.012333796255968144], "Res iVi": [0.0018400567550580504, 0.0009668876068455456, 0.0006356860546071208, 0.000746560564368226, 0.0004672492655175553, 0.00014644963710852554, 0.00021636240680833474, 0.0001144261205096031, 0.00015025886684916223, 0.00039329422446554574, 6.70550260433167e-05]}}, "time_iVi_35": 5.757591247558594, "time_iVi_50": 7.713227272033691, "time_iVi_65": 9.877766132354736, "time_iVi_80": 10.330868005752563, "time_iVi_100": 12.854690074920654, "time_iVi_200": 33.25478434562683, "time_iVi_350": 77.01386022567749, "time_iVi_500": 138.3781349658966, "time_iVi_750": 279.9332287311554, "time_iVi_1000": 470.03572845458984, "time_Res iVi_20": 2.30873703956604, "time_Res iVi_35": 3.8099918365478516, "time_Res iVi_50": 5.660294771194458, "time_Res iVi_65": 7.6751861572265625, "time_Res iVi_80": 9.812706708908081, "time_Res iVi_100": 13.112900733947754, "time_Res iVi_200": 33.430787086486816, "time_Res iVi_350": 78.34129786491394, "time_Res iVi_500": 141.65405178070068, "time_Res iVi_750": 284.62725472450256, "time_Res iVi_1000": 480.18915915489197, "arriavals_p_values_10": {"Population": [0.6373124890601509, 0.13513700982842147], "Ogata": [0.12472499997542263, 0.3022032764448765], "iVi": [0.14438355219255739, 0.176979641305689], "Res iVi": [0.618812699777747, 0.14775965278474357]}, "arriavals_p_values_50": {"Population": [0.6373124890601509, 0.13513700982842147], "Ogata": [0.12472499997542263, 0.3022032764448765], "iVi": [0.1645609820905447, 0.16281156405684338], "Res iVi": [0.6031278194318538, 0.15956627082401725]}, "arriavals_p_values_100": {"Population": [0.6373124890601509, 0.13513700982842147], "Ogata": [0.12472499997542263, 0.3022032764448765], "iVi": [0.8087420350898471, 0.11963047856069575], "Res iVi": [0.7257119090359097, 0.12314944739505784]}, "arriavals_p_values_1000": {"Population": [0.6373124890601509, 0.13513700982842147], "Ogata": [0.12472499997542263, 0.3022032764448765], "iVi": [0.7794293824436188, 0.11901596787427166], "Res iVi": [0.07675425274526204, 0.3076024389489992]}}