{"methods_ivi": ["iVi", "Res iVi"], "methods_non_ivi": ["ExpExact", "Ogata"], "n_paths_time_meas": 100000, "n_paths_non_ivi": 10000, "time_ExpExact": 201.99472188949585, "time_Ogata": 276.8127393722534, "mean_N_T": 111.81142129826466, "U_p_values_10": {"ExpExact-Ogata": [0.08413471385146415, 0.0178], "ExpExact-iVi": [0.0, 0.9666], "ExpExact-Res iVi": [9.362245542961714e-37, 0.0914]}, "N_p_values_10": {"ExpExact-Ogata": [0.0541006396905892, 0.019], "ExpExact-iVi": [8.514588771749293e-256, 0.2413], "ExpExact-Res iVi": [3.8147229939069957e-10, 0.0473]}, "U_p_values_50": {"ExpExact-Ogata": [0.08413471385146415, 0.0178], "ExpExact-iVi": [1e-323, 0.3273], "ExpExact-Res iVi": [0.05207814814192635, 0.0191]}, "N_p_values_50": {"ExpExact-Ogata": [0.0541006396905892, 0.019], "ExpExact-iVi": [1.2314062348822435e-37, 0.0925], "ExpExact-Res iVi": [0.19231550503923178, 0.0153]}, "U_p_values_100": {"ExpExact-Ogata": [0.08413471385146415, 0.0178], "ExpExact-iVi": [3.450297134873959e-108, 0.1572], "ExpExact-Res iVi": [0.8020826659808376, 0.0091]}, "N_p_values_100": {"ExpExact-Ogata": [0.0541006396905892, 0.019], "ExpExact-iVi": [2.8484937289854423e-08, 0.0425], "ExpExact-Res iVi": [0.41538042565668437, 0.0125]}, "U_p_values_1000": {"ExpExact-Ogata": [0.08413471385146415, 0.0178], "ExpExact-iVi": [8.636450209468445e-05, 0.0317], "ExpExact-Res iVi": [0.06525767706262187, 0.0185]}, "N_p_values_1000": {"ExpExact-Ogata": [0.0541006396905892, 0.019], "ExpExact-iVi": [0.05619041963691477, 0.0189], "ExpExact-Res iVi": [0.10740980185915357, 0.0171]}, "n_steps_arr_cf": [20, 35, 50, 65, 80, 100, 200, 350, 500, 750, 1000], "n_paths_ivi": 100000, "mc_std_U": 0.0002791811341411766, "mc_std_N": 0.00037873308368883735, "time_iVi_20": 0.23588156700134277, "errors_ivi": {"U": {"iVi": [0.15176165325678637, 0.09026038226391059, 0.06399579360018204, 0.0491172740515865, 0.040320244180677756, 0.032031433714172886, 0.016039656757196208, 0.00919843965368461, 0.006020773090345821, 0.004356862282674012, 0.003137406926350339], "Res iVi": [0.0030801692791785906, 0.0019915708043996005, 0.0012653981776538648, 0.001091561903354632, 0.001080667136600988, 0.0006212756155227206, 0.0003602054623542128, 0.00029698369492914267, 0.00014432705927275302, 4.187915513109708e-05, 9.27339373135716e-05]}, "N": {"iVi": [0.04334758621693113, 0.028200366936948884, 0.02051644678159431, 0.01656975320649179, 0.013117976479135873, 0.011007068198543968, 0.005563759312343541, 0.003211518455472462, 0.0028821774035800996, 0.0014773581884656717, 0.0012321072728871396], "Res iVi": [0.003746672420306796, 0.0025922321004349658, 0.0016657467658269254, 0.0014150325940663344, 0.0014145879200588296, 0.0008451592602875535, 0.00043192824974813693, 0.00048139159228133277, 0.00020618151056800427, 2.953325806143159e-05, 0.00012462535162710564]}}, "time_iVi_35": 0.3974156379699707, "time_iVi_50": 0.5330610275268555, "time_iVi_65": 0.6555092334747314, "time_iVi_80": 0.7413449287414551, "time_iVi_100": 0.992279052734375, "time_iVi_200": 1.8245928287506104, "time_iVi_350": 3.285221576690674, "time_iVi_500": 4.67949652671814, "time_iVi_750": 7.805198669433594, "time_iVi_1000": 10.61504340171814, "time_Res iVi_20": 0.29912877082824707, "time_Res iVi_35": 0.4260528087615967, "time_Res iVi_50": 0.5859823226928711, "time_Res iVi_65": 0.6569392681121826, "time_Res iVi_80": 0.8509173393249512, "time_Res iVi_100": 1.5896408557891846, "time_Res iVi_200": 3.413266658782959, "time_Res iVi_350": 5.812574863433838, "time_Res iVi_500": 4.858025789260864, "time_Res iVi_750": 11.320332527160645, "time_Res iVi_1000": 13.342357397079468, "mc_std_iVi_U": 0.0002808725967481843, "mc_std_Res iVi_U": 0.0002840024939446176, "mc_std_iVi_N": 0.00038091146182878805, "mc_std_Res iVi_N": 0.00038457227564583885}