{"methods_ivi": ["iVi", "Res iVi"], "methods_non_ivi": ["ExpExact", "Ogata"], "n_paths_time_meas": 100000, "n_steps_arr_cf": [20, 35, 50, 65, 80, 100, 200, 350, 500, 750, 1000, 2000, 3000, 5000], "n_batch_cf": 10, "batch_size_cf": 100000, "n_paths_non_ivi": 10000, "time_ExpExact": 35.92612028121948, "time_Ogata": 52.39206552505493, "mean_N_T": 24.695163078136517, "U_p_values_10": {"ExpExact-Ogata": [0.4784083389368079, 0.0119], "ExpExact-iVi": [4.671278479132142e-164, 0.1935], "ExpExact-Res iVi": [0.06288105634528753, 0.0186]}, "N_p_values_10": {"ExpExact-Ogata": [0.34833322133888034, 0.0132], "ExpExact-iVi": [2.60438893411519e-82, 0.1371], "ExpExact-Res iVi": [0.0005290265350566941, 0.0287]}, "U_p_values_50": {"ExpExact-Ogata": [0.4784083389368079, 0.0119], "ExpExact-iVi": [1.9103682412648477e-07, 0.0402], "ExpExact-Res iVi": [0.03518876957795689, 0.0201]}, "N_p_values_50": {"ExpExact-Ogata": [0.34833322133888034, 0.0132], "ExpExact-iVi": [1.8098173009717144e-06, 0.0373], "ExpExact-Res iVi": [1.7794418993158944e-05, 0.0341]}, "U_p_values_100": {"ExpExact-Ogata": [0.4784083389368079, 0.0119], "ExpExact-iVi": [0.007989835535840706, 0.0235], "ExpExact-Res iVi": [0.42554664596413133, 0.0124]}, "N_p_values_100": {"ExpExact-Ogata": [0.34833322133888034, 0.0132], "ExpExact-iVi": [0.0001111240923452992, 0.0313], "ExpExact-Res iVi": [5.513283443567753e-05, 0.0324]}, "U_p_values_1000": {"ExpExact-Ogata": [0.4784083389368079, 0.0119], "ExpExact-iVi": [0.4784083389368079, 0.0119], "ExpExact-Res iVi": [0.38574770611965037, 0.0128]}, "N_p_values_1000": {"ExpExact-Ogata": [0.34833322133888034, 0.0132], "ExpExact-iVi": [0.0015189232077951196, 0.0268], "ExpExact-Res iVi": [0.0009828645572326894, 0.0276]}, "n_paths_ivi": 1000000, "mc_std_U": 9.949303142874138e-05, "mc_std_N": 0.00016546997032198862, "time_iVi_20": 0.20866336822509768, "errors_ivi": {"U": {"iVi": [0.023062674155949203, 0.012999305989060905, 0.008925127230886898, 0.006804245080988147, 0.005614305204904857, 0.004437827141335948, 0.0022128641640393187, 0.0012414183543979496, 0.0008551323942075917, 0.0005104306370523615, 0.0003958030765985332, 0.00026108535489710594, 3.086156008014207e-05, 3.824339223179596e-05], "Res iVi": [0.0007049068704946815, 0.0004704910486402758, 0.00036697588228262745, 0.0003639573755676584, 0.00019716616983439517, 0.0002721551845660253, 0.00017323699735305453, 4.239239577874532e-05, 4.0172018159367884e-05, 0.0001434371546080726, 0.00015188900999557609, 1.0802197053572105e-05, 0.00012068584996222098, 0.00014246694678521354]}, "N": {"iVi": [0.021501090569092773, 0.012005468620612525, 0.00810030453162458, 0.006147626152849417, 0.005150231863490395, 0.004022124968835916, 0.002072361096186859, 0.001113433360620697, 0.0007495302756619915, 0.0004310778057549647, 0.0003589406545838614, 0.00022500610385656206, 1.6306027885659713e-05, 0.00011161594721725843], "Res iVi": [0.0015872596511047887, 0.0010351792529757486, 0.0006986417480892015, 0.0007058721827382097, 0.0003649903661226417, 0.00043349303464174094, 0.0002750791454840251, 1.5293235634927793e-05, 5.331937962244071e-05, 0.00025710818267904445, 0.00022224800868775318, 1.6650659277750446e-05, 0.0001897020252669135, 0.00018756499592809117]}}, "time_iVi_35": 0.34850914478302003, "time_iVi_50": 0.4808247566223145, "time_iVi_65": 0.6181800603866577, "time_iVi_80": 0.7150295972824097, "time_iVi_100": 0.9122524976730347, "time_iVi_200": 1.6927549600601197, "time_iVi_350": 3.009672975540161, "time_iVi_500": 4.468885540962219, "time_iVi_750": 11.402228403091431, "time_iVi_1000": 16.37326216697693, "time_iVi_2000": 39.531423163414004, "time_iVi_3000": 70.37315340042115, "time_iVi_5000": 323.4500712871552, "time_Res iVi_20": 0.3188065528869629, "time_Res iVi_35": 0.45795390605926517, "time_Res iVi_50": 0.6184630632400513, "time_Res iVi_65": 0.791314172744751, "time_Res iVi_80": 0.9651282072067261, "time_Res iVi_100": 1.2202104330062866, "time_Res iVi_200": 2.6275086402893066, "time_Res iVi_350": 4.26257209777832, "time_Res iVi_500": 6.265410876274109, "time_Res iVi_750": 9.798552560806275, "time_Res iVi_1000": 14.185838770866395, "time_Res iVi_2000": 32.468792819976805, "time_Res iVi_3000": 56.89531698226929, "time_Res iVi_5000": 348.3579634189606, "mc_std_iVi_U": 9.98588252180646e-05, "mc_std_Res iVi_U": 9.980786394924632e-05, "mc_std_iVi_N": 0.00016617961389563568, "mc_std_Res iVi_N": 0.00016608946161713033}