{"methods_ivi": ["iVi", "Res iVi"], "methods_non_ivi": ["Population", "Ogata"], "n_paths_time_meas": 100000, "n_paths_non_ivi": 10000, "time_Population": 580.1410627365112, "time_Ogata": 237.28867292404175, "mean_N_T": 111.81142129826466, "U_p_values_10": {"Population-Ogata": [0.5228883388356883, 0.0115], "Population-iVi": [0.0, 0.4151], "Population-Res iVi": [0.0, 0.6294]}, "N_p_values_10": {"Population-Ogata": [0.4568717692969701, 0.0121], "Population-iVi": [0.0, 0.5852], "Population-Res iVi": [0.0, 0.659]}, "U_p_values_50": {"Population-Ogata": [0.5228883388356883, 0.0115], "Population-iVi": [4.856878704971798e-28, 0.0797], "Population-Res iVi": [5.238719226254503e-73, 0.1291]}, "N_p_values_50": {"Population-Ogata": [0.4568717692969701, 0.0121], "Population-iVi": [6.19951662437857e-52, 0.1088], "Population-Res iVi": [8.914349139849176e-77, 0.1324]}, "U_p_values_100": {"Population-Ogata": [0.5228883388356883, 0.0115], "Population-iVi": [2.0295214653656482e-09, 0.0455], "Population-Res iVi": [3.292813300160365e-23, 0.0724]}, "N_p_values_100": {"Population-Ogata": [0.4568717692969701, 0.0121], "Population-iVi": [1.8697827631822935e-17, 0.0626], "Population-Res iVi": [2.37513863418661e-27, 0.0787]}, "U_p_values_1000": {"Population-Ogata": [0.5228883388356883, 0.0115], "Population-iVi": [0.0541006396905892, 0.019], "Population-Res iVi": [0.15954315749968195, 0.0159]}, "N_p_values_1000": {"Population-Ogata": [0.4568717692969701, 0.0121], "Population-iVi": [0.0038596010962783566, 0.025], "Population-Res iVi": [0.00470673563176954, 0.0246]}, "n_steps_arr_cf": [20, 35, 50, 65, 80, 100, 200, 350, 500, 750, 1000], "n_paths_ivi": 100000, "mc_std_U": 0.00028096921450605994, "mc_std_N": 0.00038018717196316337, "time_iVi_20": 0.1963036060333252, "errors_ivi": {"U": {"iVi": [0.04110675847713702, 0.02254035738103316, 0.015762169117777503, 0.011783846555805944, 0.009399479979112113, 0.007971044825853146, 0.003857511481634046, 0.0021795143206206347, 0.0014206089621208728, 0.0010357607083769649, 0.0007907404847573019], "Res iVi": [0.0718804548721016, 0.04234685885699041, 0.029878909190473646, 0.02304837757155559, 0.018791125134182518, 0.014612827377442572, 0.007430676283178894, 0.0043820092008481915, 0.003062258635223525, 0.0022069723633207916, 0.001966847137059191]}, "N": {"iVi": [0.09234697610145348, 0.04513236435115742, 0.030180238261687864, 0.022151369548401134, 0.017398735779080854, 0.014397713475364005, 0.0068659326263676435, 0.00383489168635609, 0.002500040210372423, 0.0017866895766958657, 0.001294608368186012], "Res iVi": [0.11568360447698545, 0.06348040155230356, 0.04338661259970361, 0.03300122935595129, 0.026711097496209035, 0.02043800404581514, 0.010251259157679105, 0.005999201829738121, 0.004074525918425276, 0.003013169092904777, 0.0026447031247883723]}}, "time_iVi_35": 0.35513925552368164, "time_iVi_50": 0.47986626625061035, "time_iVi_65": 0.6188764572143555, "time_iVi_80": 0.7420651912689209, "time_iVi_100": 0.9550216197967529, "time_iVi_200": 1.8358428478240967, "time_iVi_350": 3.1983017921447754, "time_iVi_500": 4.480518817901611, "time_iVi_750": 6.781557559967041, "time_iVi_1000": 9.381282329559326, "time_Res iVi_20": 0.23465991020202637, "time_Res iVi_35": 0.4297342300415039, "time_Res iVi_50": 0.5027859210968018, "time_Res iVi_65": 0.5743582248687744, "time_Res iVi_80": 0.7118470668792725, "time_Res iVi_100": 0.8692018985748291, "time_Res iVi_200": 1.7503888607025146, "time_Res iVi_350": 3.152083396911621, "time_Res iVi_500": 4.458751440048218, "time_Res iVi_750": 6.900755882263184, "time_Res iVi_1000": 9.162790536880493, "mc_std_iVi_U": 0.00028384398899121763, "mc_std_Res iVi_U": 0.00028325957622142816, "mc_std_iVi_N": 0.00038553251548807704, "mc_std_Res iVi_N": 0.00038507376843788314}