{"methods_ivi": ["iVi", "Res iVi"], "methods_non_ivi": ["ExpExact", "Ogata"], "n_paths_time_meas": 100000, "n_paths_non_ivi": 10000, "time_ExpExact": 394.65673208236694, "time_Ogata": 523.0046582221985, "mean_N_T": 209.76951781806642, "U_p_values_10": {"ExpExact-Ogata": [0.5116055794163079, 0.0116], "ExpExact-iVi": [0.0, 1.0], "ExpExact-Res iVi": [1.82946703018695e-108, 0.1574]}, "N_p_values_10": {"ExpExact-Ogata": [0.8435889342947497, 0.0087], "ExpExact-iVi": [2.657106121555293e-242, 0.2349], "ExpExact-Res iVi": [1.893383040993969e-30, 0.0831]}, "U_p_values_50": {"ExpExact-Ogata": [0.5116055794163079, 0.0116], "ExpExact-iVi": [0.0, 0.6239], "ExpExact-Res iVi": [0.00016121649523459045, 0.0307]}, "N_p_values_50": {"ExpExact-Ogata": [0.8435889342947497, 0.0087], "ExpExact-iVi": [8.955446227978754e-70, 0.1262], "ExpExact-Res iVi": [0.006004628256311834, 0.0241]}, "U_p_values_100": {"ExpExact-Ogata": [0.5116055794163079, 0.0116], "ExpExact-iVi": [1e-323, 0.3197], "ExpExact-Res iVi": [0.014473851205715274, 0.0222]}, "N_p_values_100": {"ExpExact-Ogata": [0.8435889342947497, 0.0087], "ExpExact-iVi": [4.456300679483551e-27, 0.0783], "ExpExact-Res iVi": [0.009191586965088977, 0.0232]}, "U_p_values_1000": {"ExpExact-Ogata": [0.5116055794163079, 0.0116], "ExpExact-iVi": [0.0012921023140605172, 0.0271], "ExpExact-Res iVi": [0.30504141099080584, 0.0137]}, "N_p_values_1000": {"ExpExact-Ogata": [0.8435889342947497, 0.0087], "ExpExact-iVi": [0.031162582913927636, 0.0204], "ExpExact-Res iVi": [0.28881767299299355, 0.0139]}, "n_steps_arr_cf": [20, 35, 50, 65, 80, 100, 200, 350, 500, 750, 1000], "n_paths_ivi": 100000, "mc_std_U": 0.00024753562035062233, "mc_std_N": 0.00032167649747914237, "time_iVi_20": 0.23098182678222656, "errors_ivi": {"U": {"iVi": [0.24967900130885112, 0.15983338026249605, 0.11570909694424392, 0.09025658141155996, 0.07388844303246128, 0.059432192827200137, 0.029898622761330262, 0.017184316866651506, 0.011575229807629595, 0.00782491656981904, 0.006213326377002282], "Res iVi": [0.0038257073299084454, 0.002538057515246328, 0.0017028457014440779, 0.001246053036117245, 0.0010336465774263837, 0.0006496836227995462, 0.00020345614650119082, 0.00024609474209091875, 0.0002977850379313751, 0.00032759892950023906, 0.00032270486133517684]}, "N": {"iVi": [0.038535696859939184, 0.02691962640545953, 0.020660783899348167, 0.016785122790097418, 0.014002904736104216, 0.011503478930343147, 0.006111425547023097, 0.003481437579765989, 0.003076887431619768, 0.0019443007287949787, 0.001019392071766767], "Res iVi": [0.004392346982123707, 0.0030318389391448264, 0.002137238232140737, 0.0015529659285523634, 0.0012355922639166184, 0.0007709875201644123, 0.0002727663779037437, 0.0003564272455218176, 0.00044156835107783676, 0.00042092298517032445, 0.0003917180872302639]}}, "time_iVi_35": 0.36166906356811523, "time_iVi_50": 0.49787449836730957, "time_iVi_65": 0.6138172149658203, "time_iVi_80": 0.774935245513916, "time_iVi_100": 0.9332599639892578, "time_iVi_200": 1.9075822830200195, "time_iVi_350": 3.3097314834594727, "time_iVi_500": 4.723702430725098, "time_iVi_750": 7.021971940994263, "time_iVi_1000": 9.753396034240723, "time_Res iVi_20": 0.3091440200805664, "time_Res iVi_35": 0.3629932403564453, "time_Res iVi_50": 0.5398149490356445, "time_Res iVi_65": 0.6044387817382812, "time_Res iVi_80": 0.7710411548614502, "time_Res iVi_100": 0.9439668655395508, "time_Res iVi_200": 1.8828282356262207, "time_Res iVi_350": 3.282379627227783, "time_Res iVi_500": 4.615358114242554, "time_Res iVi_750": 7.01816463470459, "time_Res iVi_1000": 9.732587099075317, "mc_std_iVi_U": 0.0002436585243023233, "mc_std_Res iVi_U": 0.000248560954257154, "mc_std_iVi_N": 0.0003184645442108068, "mc_std_Res iVi_N": 0.00032358040734753706}