{"methods_ivi": ["iVi", "Res iVi"], "methods_non_ivi": ["ExpExact", "Ogata"], "n_paths_time_meas": 100000, "n_paths_non_ivi": 10000, "time_ExpExact": 359.0716028213501, "time_Ogata": 383.0784487724304, "mean_N_T": 111.81142129826466, "U_p_values_10": {"ExpExact-Ogata": [0.08413471385146415, 0.0178], "ExpExact-iVi": [1e-323, 0.305], "ExpExact-Res iVi": [0.0021998068154162414, 0.0261]}, "N_p_values_10": {"ExpExact-Ogata": [0.0541006396905892, 0.019], "ExpExact-iVi": [1.6475847283152953e-257, 0.2421], "ExpExact-Res iVi": [0.0011588744041518826, 0.0273]}, "U_p_values_50": {"ExpExact-Ogata": [0.08413471385146415, 0.0178], "ExpExact-iVi": [1.3903711746802184e-22, 0.0714], "ExpExact-Res iVi": [0.40535690578815814, 0.0126]}, "N_p_values_50": {"ExpExact-Ogata": [0.0541006396905892, 0.019], "ExpExact-iVi": [8.295048608163805e-17, 0.0614], "ExpExact-Res iVi": [0.09030614497194767, 0.0176]}, "U_p_values_100": {"ExpExact-Ogata": [0.08413471385146415, 0.0178], "ExpExact-iVi": [0.0002322100494248541, 0.0301], "ExpExact-Res iVi": [0.1982547232209886, 0.0152]}, "N_p_values_100": {"ExpExact-Ogata": [0.0541006396905892, 0.019], "ExpExact-iVi": [0.0010971745502738898, 0.0274], "ExpExact-Res iVi": [0.06288105634528753, 0.0186]}, "U_p_values_1000": {"ExpExact-Ogata": [0.08413471385146415, 0.0178], "ExpExact-iVi": [0.10378951258539135, 0.0172], "ExpExact-Res iVi": [0.042915742476880514, 0.0196]}, "N_p_values_1000": {"ExpExact-Ogata": [0.0541006396905892, 0.019], "ExpExact-iVi": [0.006004628256311834, 0.0241], "ExpExact-Res iVi": [0.03518876957795689, 0.0201]}, "n_steps_arr_cf": [20, 35, 50, 65, 80, 100, 200, 350, 500, 750, 1000], "n_paths_ivi": 100000, "mc_std_U": 0.0002791811341411766, "mc_std_N": 0.00037873308368883735, "time_iVi_20": 0.4244537353515625, "errors_ivi": {"U": {"iVi": [0.03768729616578398, 0.022053132205649972, 0.015115105177073707, 0.011780266020500418, 0.009154317597126427, 0.007720701672906616, 0.003497606222078564, 0.0020602352322331985, 0.0017560797362284886, 0.0009662218152372559, 0.0008366619912398843], "Res iVi": [0.00047794798829792207, 0.00016990290501112115, 0.0001594520923370868, 6.885447029053582e-05, 0.00010984890961257543, 0.00018770730754141818, 7.449572652046266e-05, 4.5963210762223206e-05, 0.0003273939272004367, 0.0001635534526742144, 0.00018487634049341173]}, "N": {"iVi": [0.03824757284949393, 0.0219199613623679, 0.01485976559750446, 0.011619728154108944, 0.00878682473523329, 0.007572949042000232, 0.0032255980646394566, 0.002003813553574374, 0.0018658887825439563, 0.0009514110478121562, 0.0008717881617156809], "Res iVi": [0.0005382507351019417, 0.00021032858479241856, 0.0002298641755743569, 0.0001438128656423565, 0.00010693231916936163, 0.00023715705033283685, 0.00016097572042872432, 0.0001395505923008078, 0.00046012739544115666, 0.00019796228151947037, 0.0002517113770233448]}}, "time_iVi_35": 0.6312592029571533, "time_iVi_50": 0.8973584175109863, "time_iVi_65": 1.1810989379882812, "time_iVi_80": 1.3841564655303955, "time_iVi_100": 1.7348442077636719, "time_iVi_200": 3.389698028564453, "time_iVi_350": 5.843364715576172, "time_iVi_500": 5.887094020843506, "time_iVi_750": 6.6119139194488525, "time_iVi_1000": 9.149946689605713, "time_Res iVi_20": 0.2846395969390869, "time_Res iVi_35": 0.3508942127227783, "time_Res iVi_50": 0.45742249488830566, "time_Res iVi_65": 0.5705819129943848, "time_Res iVi_80": 0.7170767784118652, "time_Res iVi_100": 0.8713810443878174, "time_Res iVi_200": 1.7834155559539795, "time_Res iVi_350": 3.194068193435669, "time_Res iVi_500": 4.33922815322876, "time_Res iVi_750": 6.634971857070923, "time_Res iVi_1000": 9.21955418586731, "mc_std_iVi_U": 0.0002841634463778833, "mc_std_Res iVi_U": 0.00028514623110034216, "mc_std_iVi_N": 0.00038411389024451434, "mc_std_Res iVi_N": 0.00038581852909818357}