{"methods_ivi": ["iVi", "Res iVi"], "methods_non_ivi": ["Population", "Ogata"], "n_paths_time_meas": 100000, "n_paths_non_ivi": 10000, "time_Population": 653.6831068992615, "time_Ogata": 229.24074172973633, "mean_N_T": 111.81142129826466, "U_p_values_10": {"Population-Ogata": [0.5228883388356883, 0.0115], "Population-iVi": [1e-323, 0.3072], "Population-Res iVi": [5.166734198543513e-05, 0.0325]}, "N_p_values_10": {"Population-Ogata": [0.4568717692969701, 0.0121], "Population-iVi": [2.0161005655614642e-264, 0.2453], "Population-Res iVi": [0.00012589922674927242, 0.0311]}, "U_p_values_50": {"Population-Ogata": [0.5228883388356883, 0.0115], "Population-iVi": [6.235048693871316e-26, 0.0766], "Population-Res iVi": [0.3305488484947325, 0.0134]}, "N_p_values_50": {"Population-Ogata": [0.4568717692969701, 0.0121], "Population-iVi": [6.8149663249504475e-18, 0.0634], "Population-Res iVi": [0.16993405715882504, 0.0157]}, "U_p_values_100": {"Population-Ogata": [0.5228883388356883, 0.0115], "Population-iVi": [3.723410418903642e-05, 0.033], "Population-Res iVi": [0.7912059350314521, 0.0092]}, "N_p_values_100": {"Population-Ogata": [0.4568717692969701, 0.0121], "Population-iVi": [0.0013639447962066767, 0.027], "Population-Res iVi": [0.38574770611965037, 0.0128]}, "U_p_values_1000": {"Population-Ogata": [0.5228883388356883, 0.0115], "Population-iVi": [0.5806415540561973, 0.011], "Population-Res iVi": [0.4784083389368079, 0.0119]}, "N_p_values_1000": {"Population-Ogata": [0.4568717692969701, 0.0121], "Population-iVi": [0.1646735174066772, 0.0158], "Population-Res iVi": [0.2582344696265808, 0.0143]}, "n_steps_arr_cf": [20, 35, 50, 65, 80, 100, 200, 350, 500, 750, 1000], "n_paths_ivi": 1000000, "mc_std_U": 8.885026702275707e-05, "mc_std_N": 0.00012022574005817057, "time_iVi_20": 0.21039891242980957, "errors_ivi": {"U": {"iVi": [0.037755781491249196, 0.02212487731781726, 0.015420942501624957, 0.011860528285644045, 0.009432103715133866, 0.007515921912093437, 0.0036280213694174224, 0.002026410296102288, 0.0014733515487215798, 0.0009706312769877101, 0.000683244022586349], "Res iVi": [0.0006353550095959393, 6.296160624708058e-05, 0.00012168112121302421, 0.00014413822541448074, 0.0002449227201237747, 0.0002509298956633321, 0.00010533217162300712, 3.83058850161877e-05, 0.0002029270002036898, 0.00010412873719434224, 2.0594216158409395e-05]}, "N": {"iVi": [0.038311556947237035, 0.022063493177202687, 0.015201649909865833, 0.011666753035215804, 0.00916274557832858, 0.007308215659924677, 0.003461657372735738, 0.001938481117750912, 0.001417419044566437, 0.000967962755030527, 0.0006455054541767979], "Res iVi": [0.0007258877641784789, 2.192896775798925e-05, 0.00022596681525283158, 0.0002384520115404909, 0.00036008811332577384, 0.000349397615065028, 0.00013607820462802067, 2.1354027264275377e-05, 0.0002711842080762028, 0.00011670130740359941, 6.534582602579775e-06]}}, "time_iVi_35": 0.33900744915008546, "time_iVi_50": 0.4992568969726563, "time_iVi_65": 0.5955148935317993, "time_iVi_80": 0.7271352291107178, "time_iVi_100": 0.9189843654632569, "time_iVi_200": 1.8106165885925294, "time_iVi_350": 3.156858801841736, "time_iVi_500": 4.511331629753113, "time_iVi_750": 6.933873796463013, "time_iVi_1000": 9.789788389205933, "time_Res iVi_20": 0.21499853134155275, "time_Res iVi_35": 0.3389575242996216, "time_Res iVi_50": 0.46345822811126713, "time_Res iVi_65": 0.5938005447387695, "time_Res iVi_80": 0.7256056547164917, "time_Res iVi_100": 0.9157706022262574, "time_Res iVi_200": 1.825823473930359, "time_Res iVi_350": 3.150044298171997, "time_Res iVi_500": 4.604538822174073, "time_Res iVi_750": 6.9640699386596685, "time_Res iVi_1000": 9.752419495582581, "mc_std_iVi_U": 8.993472628120813e-05, "mc_std_Res iVi_U": 9.002028997458106e-05, "mc_std_iVi_N": 0.00012163496706989166, "mc_std_Res iVi_N": 0.00012180825597706368}