{"time_Population_10000": 2.8918240070343018, "time_Ogata_10000": 4.513696908950806, "mean_N_T": 19.45788364786124, "U_p_values_10": {"Population-Ogata": [0.6042251174586427, 0.0108], "Population-iVi": [5.212747222795947e-60, 0.117], "Population-Res iVi": [0.127110543245193, 0.0166]}, "N_p_values_10": {"Population-Ogata": [0.9471107086522933, 0.0074], "Population-iVi": [2.6950891481067712e-14, 0.0565], "Population-Res iVi": [0.08118453676750115, 0.0179]}, "U_p_values_50": {"Population-Ogata": [0.6042251174586427, 0.0108], "Population-iVi": [0.0002322100494248541, 0.0301], "Population-Res iVi": [0.5573011135660462, 0.0112]}, "N_p_values_50": {"Population-Ogata": [0.9471107086522933, 0.0074], "Population-iVi": [0.0002779349561056713, 0.0298], "Population-Res iVi": [0.00026182395806761743, 0.0299]}, "U_p_values_100": {"Population-Ogata": [0.6042251174586427, 0.0108], "Population-iVi": [0.10740980185915357, 0.0171], "Population-Res iVi": [0.9062284518844627, 0.008]}, "N_p_values_100": {"Population-Ogata": [0.9471107086522933, 0.0074], "Population-iVi": [7.7352821467605e-06, 0.0353], "Population-Res iVi": [3.723410418903642e-05, 0.033]}, "U_p_values_1000": {"Population-Ogata": [0.6042251174586427, 0.0108], "Population-iVi": [0.8127749152563353, 0.009], "Population-Res iVi": [0.15954315749968195, 0.0159]}, "N_p_values_1000": {"Population-Ogata": [0.9471107086522933, 0.0074], "Population-iVi": [5.58874651320761e-08, 0.0417], "Population-Res iVi": [3.1918050187599914e-09, 0.045]}, "time_iVi_20": 2.102871894836426, "time_iVi_35": 3.816864252090454, "time_iVi_50": 5.819656610488892, "time_iVi_65": 7.609543323516846, "time_iVi_80": 9.648344039916992, "time_iVi_100": 12.916770935058594, "time_iVi_200": 33.16249680519104, "time_iVi_350": 77.39207911491394, "time_iVi_500": 138.39264750480652, "time_iVi_750": 279.1504681110382, "time_iVi_1000": 475.37831711769104, "time_Res iVi_20": 2.375877618789673, "time_Res iVi_35": 4.047966718673706, "time_Res iVi_50": 5.952514410018921, "time_Res iVi_65": 8.034356832504272, "time_Res iVi_80": 10.233928918838501, "time_Res iVi_100": 13.792431592941284, "time_Res iVi_200": 34.400431632995605, "time_Res iVi_350": 80.07306623458862, "time_Res iVi_500": 139.85837173461914, "time_Res iVi_750": 280.0780508518219, "time_Res iVi_1000": 467.50787711143494, "arriavals_p_values_10": {"Population": [0.8840858689233446, 0.1207095532289994], "Ogata": [0.7523433347369621, 0.14025266798386188], "iVi": [0.555237534365419, 0.16214322021760041], "Res iVi": [0.43706586878612286, 0.19113930288830705]}, "arriavals_p_values_50": {"Population": [0.8840858689233446, 0.1207095532289994], "Ogata": [0.7523433347369621, 0.14025266798386188], "iVi": [0.2036114981536803, 0.20314395504224442], "Res iVi": [0.23792059075853156, 0.2639084105906925]}, "arriavals_p_values_100": {"Population": [0.8840858689233446, 0.1207095532289994], "Ogata": [0.7523433347369621, 0.14025266798386188], "iVi": [0.8907232149246447, 0.12864344010090928], "Res iVi": [0.2299920226584009, 0.2756491703182778]}, "arriavals_p_values_1000": {"Population": [0.8840858689233446, 0.1207095532289994], "Ogata": [0.7523433347369621, 0.14025266798386188], "iVi": [0.2935349490174315, 0.22172955195085503], "Res iVi": [0.1756027682170912, 0.2734320370489266]}}