{"methods_ivi": ["iVi", "Res iVi"], "methods_non_ivi": ["Population", "Ogata"], "n_paths_time_meas": 100000, "n_paths_non_ivi": 10000, "time_Population": 712.8852367401123, "time_Ogata": 224.91389989852905, "mean_N_T": 111.81142129826466, "U_p_values_10": {"Population-Ogata": [0.5228883388356883, 0.0115], "Population-iVi": [0.0, 0.9998], "Population-Res iVi": [0.2809396165446236, 0.014]}, "N_p_values_10": {"Population-Ogata": [0.4568717692969701, 0.0121], "Population-iVi": [0.0, 0.9999], "Population-Res iVi": [0.23009750585879926, 0.0147]}, "U_p_values_50": {"Population-Ogata": [0.5228883388356883, 0.0115], "Population-iVi": [0.0, 0.7558], "Population-Res iVi": [0.5116055794163079, 0.0116]}, "N_p_values_50": {"Population-Ogata": [0.4568717692969701, 0.0121], "Population-iVi": [0.0, 0.7899], "Population-Res iVi": [0.3667356837968788, 0.013]}, "U_p_values_100": {"Population-Ogata": [0.5228883388356883, 0.0115], "Population-iVi": [0.0, 0.4249], "Population-Res iVi": [0.7689615674766569, 0.0094]}, "N_p_values_100": {"Population-Ogata": [0.4568717692969701, 0.0121], "Population-iVi": [0.0, 0.4529], "Population-Res iVi": [0.31338762324335184, 0.0136]}, "U_p_values_1000": {"Population-Ogata": [0.5228883388356883, 0.0115], "Population-iVi": [1.6909366208780338e-09, 0.0457], "Population-Res iVi": [0.5342696653345376, 0.0114]}, "N_p_values_1000": {"Population-Ogata": [0.4568717692969701, 0.0121], "Population-iVi": [3.5727044438965934e-12, 0.052], "Population-Res iVi": [0.186515593263376, 0.0154]}, "n_steps_arr_cf": [20, 35, 50, 65, 80, 100, 200, 350, 500, 750, 1000], "n_paths_ivi": 100000, "mc_std_U": 0.00028096921450605994, "mc_std_N": 0.00038018717196316337, "time_iVi_20": 0.20792436599731445, "errors_ivi": {"U": {"iVi": [0.37307937112950446, 0.3010025393240835, 0.2210689917761468, 0.16914859016752173, 0.1352385967786288, 0.10631306618757175, 0.050728129080275686, 0.02862936075867961, 0.01965404687320277, 0.012937515032324598, 0.009976985214337208], "Res iVi": [0.0006210900445914325, 0.0004388776516237036, 0.00016353646851763326, 0.00019907694964832467, 0.00025424595757139734, 5.804107188961405e-05, 3.140401128826076e-05, 2.067493000468268e-05, 8.098161025682504e-05, 0.00024914928919606005, 0.00020779055460612428]}, "N": {"iVi": [0.38703779988311193, 0.3473446798064108, 0.27560414355257923, 0.21932022484181937, 0.17923664979464832, 0.14331088590670482, 0.07058162216763902, 0.04016736552589317, 0.027646312177713295, 0.018295212059199262, 0.014129372024371978], "Res iVi": [0.00047070427998519015, 0.0005223240672702079, 0.00024412239931231872, 0.00032525483674106237, 0.00033449801473134366, 0.00010687162747308188, 8.260642210461411e-05, 1.312964723837462e-05, 0.00011564890736665001, 0.00024766771725781567, 0.0002889720832566778]}}, "time_iVi_35": 0.3637244701385498, "time_iVi_50": 0.49371957778930664, "time_iVi_65": 0.5891404151916504, "time_iVi_80": 0.7349879741668701, "time_iVi_100": 0.9165611267089844, "time_iVi_200": 1.7525193691253662, "time_iVi_350": 3.0292093753814697, "time_iVi_500": 4.280872106552124, "time_iVi_750": 6.516226053237915, "time_iVi_1000": 9.221253871917725, "time_Res iVi_20": 0.24961233139038086, "time_Res iVi_35": 0.3338620662689209, "time_Res iVi_50": 0.5070593357086182, "time_Res iVi_65": 0.597862720489502, "time_Res iVi_80": 0.7502567768096924, "time_Res iVi_100": 0.8680329322814941, "time_Res iVi_200": 1.7464756965637207, "time_Res iVi_350": 3.0272130966186523, "time_Res iVi_500": 4.311671733856201, "time_Res iVi_750": 6.577590227127075, "time_Res iVi_1000": 9.029787302017212, "mc_std_iVi_U": 0.00028899442296069017, "mc_std_Res iVi_U": 0.0002846729347435253, "mc_std_iVi_N": 0.00038751320160218886, "mc_std_Res iVi_N": 0.00038524347975154015}