{"time_Population_10000": 33.0038583278656, "time_Ogata_10000": 147.23949122428894, "mean_N_T": 202.43274966694767, "U_p_values_10": {"Population-Ogata": [0.5342696653345376, 0.0114], "Population-iVi": [0.0, 0.6973], "Population-Res iVi": [1.1383638313332442e-26, 0.0777]}, "N_p_values_10": {"Population-Ogata": [0.30504141099080584, 0.0137], "Population-iVi": [0.0, 0.7883], "Population-Res iVi": [9.562876283968222e-25, 0.0748]}, "U_p_values_50": {"Population-Ogata": [0.5342696653345376, 0.0114], "Population-iVi": [1.0070222909693575e-66, 0.1234], "Population-Res iVi": [0.007270007928200741, 0.0237]}, "N_p_values_50": {"Population-Ogata": [0.30504141099080584, 0.0137], "Population-iVi": [2.541992935523331e-63, 0.1202], "Population-Res iVi": [0.008373537366957604, 0.0234]}, "U_p_values_100": {"Population-Ogata": [0.5342696653345376, 0.0114], "Population-iVi": [1.6493218803115478e-17, 0.0627], "Population-Res iVi": [0.018026945146397706, 0.0217]}, "N_p_values_100": {"Population-Ogata": [0.30504141099080584, 0.0137], "Population-iVi": [9.379316706833986e-17, 0.0613], "Population-Res iVi": [0.018026945146397706, 0.0217]}, "U_p_values_1000": {"Population-Ogata": [0.5342696653345376, 0.0114], "Population-iVi": [0.46757740082070737, 0.012], "Population-Res iVi": [0.898195296299018, 0.0081]}, "N_p_values_1000": {"Population-Ogata": [0.30504141099080584, 0.0137], "Population-iVi": [0.6279782033821611, 0.0106], "Population-Res iVi": [0.746165905555301, 0.0096]}, "time_iVi_20": 2.3692538738250732, "time_iVi_35": 4.218397855758667, "time_iVi_50": 6.410930156707764, "time_iVi_65": 8.465263605117798, "time_iVi_80": 10.709099531173706, "time_iVi_100": 14.172313451766968, "time_iVi_200": 35.19323420524597, "time_iVi_350": 80.10741853713989, "time_iVi_500": 141.40508484840393, "time_iVi_750": 282.0115432739258, "time_iVi_1000": 471.6874270439148, "time_Res iVi_20": 2.4230594635009766, "time_Res iVi_35": 4.237309455871582, "time_Res iVi_50": 6.499508857727051, "time_Res iVi_65": 8.525160551071167, "time_Res iVi_80": 10.794148445129395, "time_Res iVi_100": 14.40860915184021, "time_Res iVi_200": 36.42984414100647, "time_Res iVi_350": 84.14546132087708, "time_Res iVi_500": 148.63204622268677, "time_Res iVi_750": 299.1723930835724, "time_Res iVi_1000": 502.2428855895996, "arriavals_p_values_10": {"Population": [0.5033927694340421, 0.06884690279338379], "Ogata": [0.6313132789312852, 0.05366155992375288], "iVi": [0.42286100405134464, 0.10344243237015283], "Res iVi": [0.37625358538623, 0.053543813670558826]}, "arriavals_p_values_50": {"Population": [0.5033927694340421, 0.06884690279338379], "Ogata": [0.6313132789312852, 0.05366155992375288], "iVi": [0.8079906065828143, 0.04287261020805433], "Res iVi": [0.3212299618144494, 0.05432598896583296]}, "arriavals_p_values_100": {"Population": [0.5033927694340421, 0.06884690279338379], "Ogata": [0.6313132789312852, 0.05366155992375288], "iVi": [0.7692403040952986, 0.04213600536785719], "Res iVi": [0.47461051304833646, 0.0999833579790042]}, "arriavals_p_values_1000": {"Population": [0.5033927694340421, 0.06884690279338379], "Ogata": [0.6313132789312852, 0.05366155992375288], "iVi": [0.43598245732429153, 0.05841494923002827], "Res iVi": [0.040699029488385885, 0.12802155972099932]}}