{"methods_ivi": ["iVi", "Res iVi"], "methods_non_ivi": ["Population", "Ogata"], "n_paths_time_meas": 100000, "n_paths_non_ivi": 10000, "time_Population": 258.9889907836914, "time_Ogata": 106.37574434280396, "mean_N_T": 24.695163078136517, "U_p_values_10": {"Population-Ogata": [0.734599370602186, 0.0097], "Population-iVi": [0.0, 0.4016], "Population-Res iVi": [0.006004628256311834, 0.0241]}, "N_p_values_10": {"Population-Ogata": [0.40535690578815814, 0.0126], "Population-iVi": [0.0, 0.5478], "Population-Res iVi": [0.03379876165411855, 0.0202]}, "U_p_values_50": {"Population-Ogata": [0.734599370602186, 0.0097], "Population-iVi": [3.553087110820756e-40, 0.0956], "Population-Res iVi": [0.43585275359069964, 0.0123]}, "N_p_values_50": {"Population-Ogata": [0.40535690578815814, 0.0126], "Population-iVi": [1.2152955281334563e-80, 0.1357], "Population-Res iVi": [0.03518876957795689, 0.0201]}, "U_p_values_100": {"Population-Ogata": [0.734599370602186, 0.0097], "Population-iVi": [1.0098681803666315e-12, 0.0532], "Population-Res iVi": [0.6756592612416861, 0.0102]}, "N_p_values_100": {"Population-Ogata": [0.40535690578815814, 0.0126], "Population-iVi": [7.268709717186636e-26, 0.0765], "Population-Res iVi": [0.007622190763921241, 0.0236]}, "U_p_values_1000": {"Population-Ogata": [0.734599370602186, 0.0097], "Population-iVi": [0.12295028892712498, 0.0167], "Population-Res iVi": [0.8898368093550385, 0.0082]}, "N_p_values_1000": {"Population-Ogata": [0.40535690578815814, 0.0126], "Population-iVi": [9.200976539765021e-05, 0.0316], "Population-Res iVi": [0.007622190763921241, 0.0236]}, "n_steps_arr_cf": [20, 35, 50, 65, 80, 100, 200, 350, 500, 750, 1000], "n_paths_ivi": 100000, "mc_std_U": 0.0003132936382176148, "mc_std_N": 0.0005207841993631714, "time_iVi_20": 0.2518913745880127, "errors_ivi": {"U": {"iVi": [0.061232813260655605, 0.03559393551240292, 0.02527289519329806, 0.019412122464542048, 0.015695998797402966, 0.012529254325710504, 0.006174418558110184, 0.0037326264615295535, 0.0026509324763668296, 0.0014351099566428105, 0.0012226013257255475], "Res iVi": [0.0007418898864766654, 0.00022408171217047634, 0.00047311988044523856, 0.0001903855663418219, 0.0004293363854860899, 0.0005721831802864008, 0.00037237493922859244, 0.00019266241723381317, 5.591593918413684e-05, 0.00041392023005309975, 0.00013709265050265707]}, "N": {"iVi": [0.1243385885813682, 0.07312271986984475, 0.05196944992994973, 0.039878843658551155, 0.0321998381287566, 0.025889149259988142, 0.012811503638062716, 0.007644622406923318, 0.005509682299628005, 0.0031858650915808084, 0.0024907024889530005], "Res iVi": [0.0010712091121047873, 0.0003497873454613165, 0.0007008021903303074, 0.00041763485278251133, 0.0006998398066319633, 0.0008561924216202166, 0.0005776588277860428, 0.0004230878407728844, 0.00012117945741035863, 0.0005819775557154294, 0.0001673171148926511]}}, "time_iVi_35": 0.4086573123931885, "time_iVi_50": 0.5700583457946777, "time_iVi_65": 0.687422513961792, "time_iVi_80": 0.8694429397583008, "time_iVi_100": 1.0706894397735596, "time_iVi_200": 2.1702802181243896, "time_iVi_350": 4.265010833740234, "time_iVi_500": 5.806063413619995, "time_iVi_750": 8.887457370758057, "time_iVi_1000": 12.432276010513306, "time_Res iVi_20": 0.2831385135650635, "time_Res iVi_35": 0.4239208698272705, "time_Res iVi_50": 0.553403377532959, "time_Res iVi_65": 0.6879732608795166, "time_Res iVi_80": 0.8817596435546875, "time_Res iVi_100": 1.1381380558013916, "time_Res iVi_200": 2.1855807304382324, "time_Res iVi_350": 3.980008363723755, "time_Res iVi_500": 5.892847537994385, "time_Res iVi_750": 8.80324411392212, "time_Res iVi_1000": 12.42483901977539, "mc_std_iVi_U": 0.0003170375221726128, "mc_std_Res iVi_U": 0.0003155172409070944, "mc_std_iVi_N": 0.0005267631300629844, "mc_std_Res iVi_N": 0.0005254130824204357}