{"time_Population_10000": 111.45010805130005, "time_Ogata_10000": 56.53868746757507, "mean_N_T": 202.3123123123123, "U_p_values_10": {"Population-Ogata": [0.08717458640626448, 0.0177], "Population-iVi": [0.0, 0.5708], "Population-Res iVi": [3.338306709793405e-07, 0.0395]}, "N_p_values_10": {"Population-Ogata": [0.0702415315299295, 0.0183], "Population-iVi": [0.0, 0.3845], "Population-Res iVi": [0.0020876942681196885, 0.0262]}, "U_p_values_50": {"Population-Ogata": [0.08717458640626448, 0.0177], "Population-iVi": [2.7950424414942666e-75, 0.1311], "Population-Res iVi": [0.31338762324335184, 0.0136]}, "N_p_values_50": {"Population-Ogata": [0.0702415315299295, 0.0183], "Population-iVi": [8.857124405869549e-149, 0.1843], "Population-Res iVi": [0.24386411273382524, 0.0145]}, "U_p_values_100": {"Population-Ogata": [0.08717458640626448, 0.0177], "Population-iVi": [2.7209788942117734e-17, 0.0623], "Population-Res iVi": [0.031162582913927636, 0.0204]}, "N_p_values_100": {"Population-Ogata": [0.0702415315299295, 0.0183], "Population-iVi": [1.3535345596543116e-39, 0.0949], "Population-Res iVi": [0.018026945146397706, 0.0217]}, "U_p_values_1000": {"Population-Ogata": [0.08717458640626448, 0.0177], "Population-iVi": [0.04822817851247244, 0.0193], "Population-Res iVi": [0.20433493803247618, 0.0151]}, "N_p_values_1000": {"Population-Ogata": [0.0702415315299295, 0.0183], "Population-iVi": [0.8533882178607826, 0.0086], "Population-Res iVi": [0.07285250920851642, 0.0182]}, "time_iVi_20": 2.7476794719696045, "time_iVi_35": 4.446851491928101, "time_iVi_50": 6.418816328048706, "time_iVi_65": 8.640425682067871, "time_iVi_80": 10.97019648551941, "time_iVi_100": 14.549670457839966, "time_iVi_200": 36.03416156768799, "time_iVi_350": 81.2814531326294, "time_iVi_500": 141.78435850143433, "time_iVi_750": 280.8925817012787, "time_iVi_1000": 470.5695140361786, "time_Res iVi_20": 2.5114190578460693, "time_Res iVi_35": 4.377771377563477, "time_Res iVi_50": 6.369569301605225, "time_Res iVi_65": 8.79129672050476, "time_Res iVi_80": 11.00428819656372, "time_Res iVi_100": 14.595608472824097, "time_Res iVi_200": 36.174490213394165, "time_Res iVi_350": 81.47392225265503, "time_Res iVi_500": 143.22927927970886, "time_Res iVi_750": 281.8028390407562, "time_Res iVi_1000": 470.13492822647095, "arriavals_p_values_10": {"Population": [0.6083751219523454, 0.06843101856712519], "Ogata": [0.58260318293865, 0.0383753784658567], "iVi": [0.07439144000342712, 0.05778267969908396], "Res iVi": [0.13457703960966616, 0.1563279124522981]}, "arriavals_p_values_50": {"Population": [0.6083751219523454, 0.06843101856712519], "Ogata": [0.58260318293865, 0.0383753784658567], "iVi": [0.9024205031980709, 0.049260639060791034], "Res iVi": [0.6312352954932685, 0.05919790261137853]}, "arriavals_p_values_100": {"Population": [0.6083751219523454, 0.06843101856712519], "Ogata": [0.58260318293865, 0.0383753784658567], "iVi": [0.5189035995679088, 0.10264876981081972], "Res iVi": [0.662344628642199, 0.033042788798132494]}, "arriavals_p_values_1000": {"Population": [0.6083751219523454, 0.06843101856712519], "Ogata": [0.58260318293865, 0.0383753784658567], "iVi": [0.32134424522511285, 0.09626074798806561], "Res iVi": [0.8668098699142708, 0.04793591439253023]}}