{"time_Population_10000": 280.1859450340271, "time_Ogata_10000": 482.4448812007904, "mean_N_T": 551.4569644020902, "U_p_values_10": {"Population-Ogata": [0.7801603722233774, 0.0093], "Population-iVi": [0.0, 0.7374], "Population-Res iVi": [4.391952565512371e-51, 0.1079]}, "N_p_values_10": {"Population-Ogata": [0.6398931694241892, 0.0105], "Population-iVi": [0.0, 0.9299], "Population-Res iVi": [1.1457765804065715e-48, 0.1053]}, "U_p_values_50": {"Population-Ogata": [0.7801603722233774, 0.0093], "Population-iVi": [1.372017125303049e-62, 0.1195], "Population-Res iVi": [0.026427483341253152, 0.0208]}, "N_p_values_50": {"Population-Ogata": [0.6398931694241892, 0.0105], "Population-iVi": [1.9024061675069986e-233, 0.2306], "Population-Res iVi": [0.02870902529941938, 0.0206]}, "U_p_values_100": {"Population-Ogata": [0.7801603722233774, 0.0093], "Population-iVi": [3.5751340894516995e-16, 0.0602], "Population-Res iVi": [0.10027104449847714, 0.0173]}, "N_p_values_100": {"Population-Ogata": [0.6398931694241892, 0.0105], "Population-iVi": [4.064721363459123e-65, 0.1219], "Population-Res iVi": [0.14966522632015317, 0.0161]}, "U_p_values_1000": {"Population-Ogata": [0.7801603722233774, 0.0093], "Population-iVi": [0.28881767299299355, 0.0139], "Population-Res iVi": [0.24386411273382524, 0.0145]}, "N_p_values_1000": {"Population-Ogata": [0.6398931694241892, 0.0105], "Population-iVi": [0.01581175286855823, 0.022], "Population-Res iVi": [0.2509732672225685, 0.0144]}, "time_iVi_20": 3.1874423027038574, "time_iVi_35": 5.5511474609375, "time_iVi_50": 8.641286373138428, "time_iVi_65": 10.882289171218872, "time_iVi_80": 14.352010488510132, "time_iVi_100": 18.56962537765503, "time_iVi_200": 44.471492528915405, "time_iVi_350": 96.31173610687256, "time_iVi_500": 166.90349435806274, "time_iVi_750": 318.36582040786743, "time_iVi_1000": 525.6868104934692, "time_Res iVi_20": 3.296628713607788, "time_Res iVi_35": 5.874148607254028, "time_Res iVi_50": 8.231050968170166, "time_Res iVi_65": 11.361496925354004, "time_Res iVi_80": 14.43681788444519, "time_Res iVi_100": 19.411823987960815, "time_Res iVi_200": 44.842360973358154, "time_Res iVi_350": 100.16665291786194, "time_Res iVi_500": 168.486909866333, "time_Res iVi_750": 313.0040092468262, "time_Res iVi_1000": 526.8414113521576, "arriavals_p_values_10": {"Population": [0.10174451149269159, 0.07270787699195763], "Ogata": [0.8509695590094072, 0.017787743848990623], "iVi": [7.609598305690624e-41, 0.10769486845609699], "Res iVi": [0.07757003961676046, 0.1257263098153097]}, "arriavals_p_values_50": {"Population": [0.10174451149269159, 0.07270787699195763], "Ogata": [0.8509695590094072, 0.017787743848990623], "iVi": [0.08215844454008181, 0.03595841525786159], "Res iVi": [0.47857877148949024, 0.046165135943391]}, "arriavals_p_values_100": {"Population": [0.10174451149269159, 0.07270787699195763], "Ogata": [0.8509695590094072, 0.017787743848990623], "iVi": [0.6361352110884575, 0.04346609668471185], "Res iVi": [0.5469679915078072, 0.04532095006700232]}, "arriavals_p_values_1000": {"Population": [0.10174451149269159, 0.07270787699195763], "Ogata": [0.8509695590094072, 0.017787743848990623], "iVi": [0.24948330509016903, 0.05120844474181055], "Res iVi": [0.14210594480184713, 0.10957069113949047]}}