{"methods_ivi": ["iVi", "Res iVi"], "methods_non_ivi": ["Population", "Ogata"], "n_paths_time_meas": 1000000, "n_paths_non_ivi": 10000, "time_Population": 122.62997627258301, "time_Ogata": 273.91016483306885, "mean_N_T": 4.969062618805543, "U_p_values_10": {"Population-Ogata": [0.06771054835137846, 0.0184], "Population-iVi": [1.1502323106212073e-25, 0.0762], "Population-Res iVi": [8.163029979441378e-12, 0.0512]}, "N_p_values_10": {"Population-Ogata": [0.0021998068154162414, 0.0261], "Population-iVi": [1.5043005488730207e-11, 0.0506], "Population-Res iVi": [2.401985488714115e-08, 0.0427]}, "U_p_values_50": {"Population-Ogata": [0.06771054835137846, 0.0184], "Population-iVi": [2.100314609257551e-06, 0.0371], "Population-Res iVi": [5.166734198543513e-05, 0.0325]}, "N_p_values_50": {"Population-Ogata": [0.0021998068154162414, 0.0261], "Population-iVi": [1.0767518959581666e-27, 0.0792], "Population-Res iVi": [4.063194854141906e-21, 0.069]}, "U_p_values_100": {"Population-Ogata": [0.06771054835137846, 0.0184], "Population-iVi": [0.020515502090086474, 0.0214], "Population-Res iVi": [0.0002779349561056713, 0.0298]}, "N_p_values_100": {"Population-Ogata": [0.0021998068154162414, 0.0261], "Population-iVi": [2.835559516233905e-22, 0.0709], "Population-Res iVi": [7.833447935626117e-23, 0.0718]}, "U_p_values_1000": {"Population-Ogata": [0.06771054835137846, 0.0184], "Population-iVi": [0.265648701789311, 0.0142], "Population-Res iVi": [0.0027063626279497438, 0.0257]}, "N_p_values_1000": {"Population-Ogata": [0.0021998068154162414, 0.0261], "Population-iVi": [5.347305622662554e-26, 0.0767], "Population-Res iVi": [3.527297123823144e-28, 0.0799]}, "n_steps_arr_cf": [20, 35, 50, 65, 80, 100, 200, 350, 500, 750, 1000], "n_paths_ivi": 1000000, "mc_std_U": 5.7285527650650215e-05, "mc_std_N": 0.00021539100379088853, "time_iVi_20": 2.080115556716919, "errors_ivi": {"U": {"iVi": [0.005495324085600772, 0.0033037141473974407, 0.002380788220827823, 0.001849011595894956, 0.0015201547403174698, 0.001094115764059378, 0.0005774892897169037, 0.0004090317671179844, 0.00030300894832768765, 0.00020559946155590536, 0.00012713324620072797], "Res iVi": [0.00041563724861376494, 0.00031037174193532246, 0.00014627378910703204, 0.00011845565220558463, 0.00010142033664167771, 0.00017255195574961135, 7.437653282932333e-05, 4.5982758626994524e-05, 4.08299352337993e-05, 6.083869865047831e-05, 2.038546287030929e-05]}, "N": {"iVi": [0.0023803632290980703, 0.0019313696983910833, 0.0015958685060119548, 0.0012820780323640202, 0.0012921594220961508, 0.0006176706820947286, 0.000348535039024378, 0.00028330477981325375, 0.00031659921839838345, 0.00032071656994930864, 0.00011553277898074255], "Res iVi": [0.0013385502610165911, 0.0010614693856239032, 0.00039525305680992995, 0.0003225160184953668, 7.466432986552585e-05, 0.0005200438667254392, 0.00023173173342672104, 0.0003860169586506479, 0.00011970375209052753, 0.0002742542138561843, 0.00012628425569988222]}}, "time_iVi_35": 3.6534111499786377, "time_iVi_50": 5.639851093292236, "time_iVi_65": 7.631784439086914, "time_iVi_80": 14.497676610946655, "time_iVi_100": 20.006322622299194, "time_iVi_200": 51.040783643722534, "time_iVi_350": 115.44032669067383, "time_iVi_500": 208.87941551208496, "time_iVi_750": 376.7404887676239, "time_iVi_1000": 669.3865139484406, "time_Res iVi_20": 3.192600965499878, "time_Res iVi_35": 5.534433126449585, "time_Res iVi_50": 7.994529724121094, "time_Res iVi_65": 11.347678184509277, "time_Res iVi_80": 15.459452629089355, "time_Res iVi_100": 19.798884868621826, "time_Res iVi_200": 50.09737038612366, "time_Res iVi_350": 121.7388174533844, "time_Res iVi_500": 207.19680285453796, "time_Res iVi_750": 401.23492765426636, "time_Res iVi_1000": 711.0730636119843, "arriavals_p_values_10": {"Population": [0.7794195840831174, 0.26952682271001416], "Ogata": [0.8938196141185125, 0.21486223480988664], "iVi": [0.9175059383539882, 0.22304219695198602], "Res iVi": [0.1745249904588939, 0.39274889599549445]}, "arriavals_p_values_50": {"Population": [0.7794195840831174, 0.26952682271001416], "Ogata": [0.8938196141185125, 0.21486223480988664], "iVi": [0.8234438684531872, 0.2566463464472386], "Res iVi": [0.7349270980614155, 0.25837373114224405]}, "arriavals_p_values_100": {"Population": [0.7794195840831174, 0.26952682271001416], "Ogata": [0.8938196141185125, 0.21486223480988664], "iVi": [0.7499076936233282, 0.23666084878483862], "Res iVi": [0.5549914159961092, 0.32763954325432576]}, "arriavals_p_values_1000": {"Population": [0.7794195840831174, 0.26952682271001416], "Ogata": [0.8938196141185125, 0.21486223480988664], "iVi": [0.797903001091492, 0.4089406331419486], "Res iVi": [0.661047174077273, 0.30074994183419457]}}