{"methods_ivi": ["iVi", "Res iVi"], "methods_non_ivi": ["Population", "Ogata"], "n_paths_time_meas": 100000, "n_paths_non_ivi": 10000, "time_Population": 161.68951511383057, "time_Ogata": 60.5491042137146, "mean_N_T": 24.695163078136517, "U_p_values_10": {"Population-Ogata": [0.734599370602186, 0.0097], "Population-iVi": [1.50147604685432e-169, 0.1967], "Population-Res iVi": [0.010555068162685212, 0.0229]}, "N_p_values_10": {"Population-Ogata": [0.40535690578815814, 0.0126], "Population-iVi": [1.0609579535436868e-85, 0.1399], "Population-Res iVi": [4.534891272231005e-05, 0.0327]}, "U_p_values_50": {"Population-Ogata": [0.734599370602186, 0.0097], "Population-iVi": [2.4354884475652767e-06, 0.0369], "Population-Res iVi": [0.04462706511711022, 0.0195]}, "N_p_values_50": {"Population-Ogata": [0.40535690578815814, 0.0126], "Population-iVi": [2.849058988036629e-07, 0.0397], "Population-Res iVi": [0.0001936584494228747, 0.0304]}, "U_p_values_100": {"Population-Ogata": [0.734599370602186, 0.0097], "Population-iVi": [0.0013639447962066767, 0.027], "Population-Res iVi": [0.4784083389368079, 0.0119]}, "N_p_values_100": {"Population-Ogata": [0.40535690578815814, 0.0126], "Population-iVi": [1.9048870270005854e-05, 0.034], "Population-Res iVi": [0.0005931599389177483, 0.0285]}, "U_p_values_1000": {"Population-Ogata": [0.734599370602186, 0.0097], "Population-iVi": [0.2582344696265808, 0.0143], "Population-Res iVi": [0.5573011135660462, 0.0112]}, "N_p_values_1000": {"Population-Ogata": [0.40535690578815814, 0.0126], "Population-iVi": [0.0005602322386359428, 0.0286], "Population-Res iVi": [0.0015189232077951196, 0.0268]}, "n_steps_arr_cf": [20, 35, 50, 65, 80, 100, 200, 350, 500, 750, 1000], "n_paths_ivi": 1000000, "mc_std_U": 9.907214732084377e-05, "mc_std_N": 0.00016468642394148328, "time_iVi_20": 0.2063443183898926, "errors_ivi": {"U": {"iVi": [0.023062674155949203, 0.012999305989060905, 0.008925127230886898, 0.006804245080988147, 0.005614305204904857, 0.004437827141335948, 0.0022128641640393187, 0.0012414183543979496, 0.0008551323942075917, 0.0005104306370523615, 0.0003958030765985332], "Res iVi": [0.0007049068704946815, 0.0004704910486402758, 0.00036697588228262745, 0.0003639573755676584, 0.00019716616983439517, 0.0002721551845660253, 0.00017323699735305453, 4.239239577874532e-05, 4.0172018159367884e-05, 0.0001434371546080726, 0.00015188900999557609]}, "N": {"iVi": [0.021501090569092773, 0.012005468620612525, 0.00810030453162458, 0.006147626152849417, 0.005150231863490395, 0.004022124968835916, 0.002072361096186859, 0.001113433360620697, 0.0007495302756619915, 0.0004310778057549647, 0.0003589406545838614], "Res iVi": [0.0015872596511047887, 0.0010351792529757486, 0.0006986417480892015, 0.0007058721827382097, 0.0003649903661226417, 0.00043349303464174094, 0.0002750791454840251, 1.5293235634927793e-05, 5.331937962244071e-05, 0.00025710818267904445, 0.00022224800868775318]}}, "time_iVi_35": 0.31695141792297366, "time_iVi_50": 0.4621731758117676, "time_iVi_65": 0.5454622030258179, "time_iVi_80": 0.6656326055526733, "time_iVi_100": 0.7982627153396606, "time_iVi_200": 1.676592755317688, "time_iVi_350": 3.0367725372314456, "time_iVi_500": 4.3563215970993046, "time_iVi_750": 6.756541967391968, "time_iVi_1000": 9.726177048683168, "time_Res iVi_20": 0.1947283983230591, "time_Res iVi_35": 0.30573852062225343, "time_Res iVi_50": 0.4207703351974488, "time_Res iVi_65": 0.5279887437820435, "time_Res iVi_80": 0.6468782663345337, "time_Res iVi_100": 0.8040239095687867, "time_Res iVi_200": 1.6464079380035401, "time_Res iVi_350": 3.0037193775177005, "time_Res iVi_500": 4.3606952190399175, "time_Res iVi_750": 6.720306468009949, "time_Res iVi_1000": 9.681632494926454, "mc_std_iVi_U": 0.00010000027567374984, "mc_std_Res iVi_U": 9.979070408507143e-05, "mc_std_iVi_N": 0.00016636018632898615, "mc_std_Res iVi_N": 0.00016616069099215246}