{"methods_ivi": ["iVi", "Res iVi"], "methods_non_ivi": ["Population", "Ogata"], "n_paths_time_meas": 100000, "n_paths_non_ivi": 10000, "time_Population": 1752.909541130066, "time_Ogata": 776.6350698471069, "mean_N_T": 309.05680343098845, "U_p_values_10": {"Population-Ogata": [0.934921367863862, 0.0076], "Population-iVi": [7.138985568015044e-280, 0.2523], "Population-Res iVi": [5.872732802166469e-23, 0.072]}, "N_p_values_10": {"Population-Ogata": [0.9282795837972042, 0.0077], "Population-iVi": [7.369091334475184e-188, 0.207], "Population-Res iVi": [7.643147484576831e-24, 0.0734]}, "U_p_values_50": {"Population-Ogata": [0.934921367863862, 0.0076], "Population-iVi": [2.375032079120672e-102, 0.1529], "Population-Res iVi": [1.1244585435884686e-36, 0.0913]}, "N_p_values_50": {"Population-Ogata": [0.9282795837972042, 0.0077], "Population-iVi": [1.236507036415844e-83, 0.1382], "Population-Res iVi": [2.5821625254981556e-37, 0.0921]}, "U_p_values_100": {"Population-Ogata": [0.934921367863862, 0.0076], "Population-iVi": [1.0227907360018634e-37, 0.0926], "Population-Res iVi": [5.731113844788313e-17, 0.0617]}, "N_p_values_100": {"Population-Ogata": [0.9282795837972042, 0.0077], "Population-iVi": [6.954904667155652e-33, 0.0864], "Population-Res iVi": [4.0945587758030704e-18, 0.0638]}, "U_p_values_1000": {"Population-Ogata": [0.934921367863862, 0.0076], "Population-iVi": [0.05834923238904962, 0.0188], "Population-Res iVi": [0.8898368093550385, 0.0082]}, "N_p_values_1000": {"Population-Ogata": [0.9282795837972042, 0.0077], "Population-iVi": [0.03379876165411855, 0.0202], "Population-Res iVi": [0.7112026399498019, 0.0099]}, "n_steps_arr_cf": [20, 35, 50, 65, 80, 100, 200, 350, 500, 750, 1000], "n_paths_ivi": 100000, "mc_std_U": 0.00021979576816733996, "mc_std_N": 0.0002814787411130323, "time_iVi_20": 0.2282578945159912, "errors_ivi": {"U": {"iVi": [0.03106993123914742, 0.02229929679613135, 0.017353035808735318, 0.013971267474621074, 0.011841647667197308, 0.009587122212342258, 0.005208457413742484, 0.0031045588895439735, 0.002114333967372206, 0.0013787210071382061, 0.0008886658432641359], "Res iVi": [0.003293263694856885, 0.0030413102379536205, 0.003006473027374501, 0.00246355741007126, 0.002272630319765989, 0.002100544033716123, 0.0010953437906608965, 0.0006924362736085987, 0.0007237505802225597, 0.0005227626157542908, 0.0001861279718988751]}, "N": {"iVi": [0.03275578263688872, 0.024306051568918297, 0.019325580614600213, 0.0157323538789913, 0.013462939021926301, 0.010962388219915686, 0.006079116518687533, 0.0036738454915664076, 0.0025207024215559426, 0.001687779971440595, 0.0010811229297162939], "Res iVi": [0.0053786098661739445, 0.005060819442188169, 0.004913791062170214, 0.0041326018734845205, 0.0037903232670272735, 0.003488336571292383, 0.001927618611762938, 0.00121013232692313, 0.0011707687309990278, 0.000859401222067846, 0.0003863993187379622]}}, "time_iVi_35": 0.3789687156677246, "time_iVi_50": 0.5355081558227539, "time_iVi_65": 0.6301300525665283, "time_iVi_80": 0.7884364128112793, "time_iVi_100": 0.9526488780975342, "time_iVi_200": 1.926800012588501, "time_iVi_350": 3.588210105895996, "time_iVi_500": 4.892522811889648, "time_iVi_750": 7.570303678512573, "time_iVi_1000": 9.709706544876099, "time_Res iVi_20": 0.24913716316223145, "time_Res iVi_35": 0.39750242233276367, "time_Res iVi_50": 0.5101583003997803, "time_Res iVi_65": 0.6345152854919434, "time_Res iVi_80": 0.7892282009124756, "time_Res iVi_100": 0.9519426822662354, "time_Res iVi_200": 1.877753496170044, "time_Res iVi_350": 3.3366682529449463, "time_Res iVi_500": 4.852266550064087, "time_Res iVi_750": 7.183002233505249, "time_Res iVi_1000": 9.880918741226196, "mc_std_iVi_U": 0.00021642676551827334, "mc_std_Res iVi_U": 0.00021677687124883055, "mc_std_iVi_N": 0.0002770335193905727, "mc_std_Res iVi_N": 0.0002777191855658164}