{"is_log_time": false, "methods_ivi": ["iVi"], "methods_non_ivi": ["Population", "Ogata"], "n_paths_time_meas": 100000, "n_steps_arr_cf": [20, 35, 50, 65, 80, 100, 200, 350, 500, 750, 1000], "n_batch_cf": 10, "batch_size_cf": 100000, "n_paths_non_ivi": 10000, "time_Population": 54.54603433609009, "time_Ogata": 79.50434446334839, "n_paths_ivi": 1000000, "mean_N_T": 7.37231604438123, "mc_std_U": 6.660194025393524e-05, "mc_std_N": 0.00019296289050698548, "time_iVi_20": 0.21584050655364992, "errors_ivi": {"U": {"iVi": [0.0075011728473777795, 0.004595873362955805, 0.003339736662421766, 0.002659282845614175, 0.0019732968256758743, 0.0016269156815103547, 0.0009619855280284528, 0.000501421600905605, 0.0003551993655843133, 0.0002539523228299312, 0.0001269247615238167]}, "N": {"iVi": [0.0035874095194663447, 0.0031283801879085082, 0.0026064148091333172, 0.002142623383344644, 0.0014117175230781154, 0.0011698610663791742, 0.0008854197552085052, 0.0005170204373899923, 0.0003658361169235902, 0.0002907520559161658, 0.0001902028502469566]}}, "time_iVi_35": 0.39869368076324463, "time_iVi_50": 0.6339871168136597, "time_iVi_65": 0.8535065174102784, "time_iVi_80": 1.05831298828125, "time_iVi_100": 1.4225276231765749, "time_iVi_200": 3.5033451080322267, "time_iVi_350": 8.35003981590271, "time_iVi_500": 14.824285221099855, "time_iVi_750": 30.495033144950867, "time_iVi_1000": 51.320649480819704, "mc_std_iVi_U": 6.619912766826583e-05, "mc_std_iVi_N": 0.00019201495338197678, "U_p_values_100": null, "N_p_values_100": null}