{"is_log_time": false, "methods_ivi": ["iVi"], "methods_non_ivi": ["Population", "Ogata"], "n_paths_time_meas": 100000, "n_steps_arr_cf": [20, 35, 50, 65, 80, 100, 200, 350, 500, 750, 1000], "n_batch_cf": 10, "batch_size_cf": 100000, "n_paths_non_ivi": 10000, "time_Population": 22.34569787979126, "time_Ogata": 35.53138971328735, "n_paths_ivi": 1000000, "mean_N_T": 7.372316044381228, "mc_std_U": 6.660194025393524e-05, "mc_std_N": 0.00019296289050698548, "time_iVi_20": 0.18680918216705322, "errors_ivi": {"U": {"iVi": [0.008873803672872549, 0.00505261789985445, 0.003528529480203213, 0.0028085479535046587, 0.002090399044378133, 0.0017052669178702629, 0.0009195781085871158, 0.0005275824908848037, 0.00031349161755678256, 0.0002546194332593843, 0.00010905171697145333]}, "N": {"iVi": [0.007886248644405403, 0.004548885096441191, 0.0031988756160502563, 0.00256115596008627, 0.001695534144051547, 0.0014376125816116248, 0.0007560526156182856, 0.0006230702660564025, 0.00034190660403454753, 0.00023292411323733164, 0.0001018744622926504]}}, "time_iVi_35": 0.31317949295043945, "time_iVi_50": 0.45821509361267093, "time_iVi_65": 0.6110214233398438, "time_iVi_80": 0.8241239070892334, "time_iVi_100": 1.0929402828216552, "time_iVi_200": 2.587547183036804, "time_iVi_350": 6.2678292989730835, "time_iVi_500": 10.180208897590639, "time_iVi_750": 20.90036392211914, "time_iVi_1000": 37.67115421295166, "mc_std_iVi_U": 6.621299862651542e-05, "mc_std_iVi_N": 0.00019201705603556614, "U_p_values_100": null, "N_p_values_100": null}