{"methods_ivi": ["iVi", "Res iVi"], "methods_non_ivi": ["Population", "Ogata"], "n_paths_time_meas": 100000, "n_paths_non_ivi": 10000, "time_Population": 1817.0560503005981, "time_Ogata": 748.5070037841797, "mean_N_T": 309.05680343098845, "U_p_values_10": {"Population-Ogata": [0.934921367863862, 0.0076], "Population-iVi": [0.0, 1.0], "Population-Res iVi": [0.05619041963691477, 0.0189]}, "N_p_values_10": {"Population-Ogata": [0.9282795837972042, 0.0077], "Population-iVi": [0.0, 1.0], "Population-Res iVi": [0.0016901574904271007, 0.0266]}, "U_p_values_50": {"Population-Ogata": [0.934921367863862, 0.0076], "Population-iVi": [0.0, 1.0], "Population-Res iVi": [0.43585275359069964, 0.0123]}, "N_p_values_50": {"Population-Ogata": [0.9282795837972042, 0.0077], "Population-iVi": [0.0, 1.0], "Population-Res iVi": [0.6042251174586427, 0.0108]}, "U_p_values_100": {"Population-Ogata": [0.934921367863862, 0.0076], "Population-iVi": [0.0, 0.9969], "Population-Res iVi": [0.9578278872766892, 0.0072]}, "N_p_values_100": {"Population-Ogata": [0.9282795837972042, 0.0077], "Population-iVi": [0.0, 0.9978], "Population-Res iVi": [0.8629266196033867, 0.0085]}, "U_p_values_1000": {"Population-Ogata": [0.934921367863862, 0.0076], "Population-iVi": [1.447770563564835e-150, 0.1854], "Population-Res iVi": [0.8335435086261689, 0.0088]}, "N_p_values_1000": {"Population-Ogata": [0.9282795837972042, 0.0077], "Population-iVi": [1.5763972406168732e-162, 0.1926], "Population-Res iVi": [0.7576249852868608, 0.0095]}, "n_steps_arr_cf": [20, 35, 50, 65, 80, 100, 200, 350, 500, 750, 1000], "n_paths_ivi": 100000, "mc_std_U": 0.00021979576816733996, "mc_std_N": 0.0002814787411130323, "time_iVi_20": 0.2189168930053711, "errors_ivi": {"U": {"iVi": [0.37364046200357454, 0.37364046200357454, 0.3736404618237095, 0.3736337501788029, 0.372975847011418, 0.361189439622743, 0.19955950622429017, 0.10568404410117044, 0.07092472369114494, 0.046250255228088455, 0.03405084752019277], "Res iVi": [0.00010762169714234604, 8.081814369137463e-05, 0.0002931925255939549, 9.523489865748136e-05, 6.562862808767722e-05, 8.156960652150325e-05, 0.0002605789106700507, 2.9756637637878836e-05, 0.00023163819424754095, 0.00027572358127730956, 0.00015860155152708222]}, "N": {"iVi": [0.3780320683035862, 0.3780320683035862, 0.37803206830325076, 0.3780310430753453, 0.3778546093337985, 0.3725739712073617, 0.23566642108700636, 0.13124191000718693, 0.08951769844345092, 0.05897938876628772, 0.04368901700931027], "Res iVi": [0.0005449106370242762, 0.00016362395147284658, 0.00023215752585092897, 0.00021188029615759607, 0.00019911099774455598, 0.00011637286223775689, 0.0003127318828269332, 3.370039138361758e-05, 0.0002909148411958662, 0.0003673724423226554, 0.00015816630275233834]}}, "time_iVi_35": 0.3336460590362549, "time_iVi_50": 0.4754774570465088, "time_iVi_65": 0.6468732357025146, "time_iVi_80": 0.8361852169036865, "time_iVi_100": 1.0581538677215576, "time_iVi_200": 1.949103832244873, "time_iVi_350": 3.328347682952881, "time_iVi_500": 4.723116159439087, "time_iVi_750": 7.105255603790283, "time_iVi_1000": 9.67966341972351, "time_Res iVi_20": 0.2722156047821045, "time_Res iVi_35": 0.3808555603027344, "time_Res iVi_50": 0.5088996887207031, "time_Res iVi_65": 0.5902016162872314, "time_Res iVi_80": 0.7173557281494141, "time_Res iVi_100": 0.9194977283477783, "time_Res iVi_200": 1.8438177108764648, "time_Res iVi_350": 3.2366013526916504, "time_Res iVi_500": 4.644557476043701, "time_Res iVi_750": 6.895360469818115, "time_Res iVi_1000": 9.467249631881714, "mc_std_iVi_U": 0.00023403168172673574, "mc_std_Res iVi_U": 0.00022242861461667905, "mc_std_iVi_N": 0.0002917412501504336, "mc_std_Res iVi_N": 0.0002847982633893791}