{"methods_ivi": ["iVi", "Res iVi"], "methods_non_ivi": ["Population", "Ogata"], "n_paths_time_meas": 100000, "n_paths_non_ivi": 10000, "time_Population": 1179.8014450073242, "time_Ogata": 2175.1196026802063, "mean_N_T": 288.1422726513042, "U_p_values_10": {"Population-Ogata": [0.6160853764303585, 0.0107], "Population-iVi": [0.0, 0.5907], "Population-Res iVi": [0.42554664596413133, 0.0124]}, "N_p_values_10": {"Population-Ogata": [0.31338762324335184, 0.0136], "Population-iVi": [1e-323, 0.3279], "Population-Res iVi": [0.1449137168873294, 0.0162]}, "U_p_values_50": {"Population-Ogata": [0.6160853764303585, 0.0107], "Population-iVi": [2.7391559486243423e-88, 0.142], "Population-Res iVi": [0.5342696653345376, 0.0114]}, "N_p_values_50": {"Population-Ogata": [0.31338762324335184, 0.0136], "Population-iVi": [4.664971860248842e-21, 0.0689], "Population-Res iVi": [0.175326677835407, 0.0156]}, "U_p_values_100": {"Population-Ogata": [0.6160853764303585, 0.0107], "Population-iVi": [8.710937473814647e-19, 0.065], "Population-Res iVi": [0.11890214798175557, 0.0168]}, "N_p_values_100": {"Population-Ogata": [0.31338762324335184, 0.0136], "Population-iVi": [3.0516336648740955e-05, 0.0333], "Population-Res iVi": [0.04822817851247244, 0.0193]}, "U_p_values_1000": {"Population-Ogata": [0.6160853764303585, 0.0107], "Population-iVi": [0.8435889342947497, 0.0087], "Population-Res iVi": [0.6994009459719119, 0.01]}, "N_p_values_1000": {"Population-Ogata": [0.31338762324335184, 0.0136], "Population-iVi": [0.15454104632436025, 0.016], "Population-Res iVi": [0.2809396165446236, 0.014]}, "n_steps_arr_cf": [20, 35, 50, 65, 80, 100, 200, 350, 500, 750, 1000], "n_paths_ivi": 1000000, "mc_std_U": 1.9910839055804705e-05, "mc_std_N": 3.967949992845952e-05, "time_iVi_20": 0.2745229482650757, "errors_ivi": {"U": {"iVi": [0.016288990901224154, 0.009402619625324071, 0.006621226644331457, 0.005110219435150221, 0.004156504406342021, 0.003330895776456233, 0.0016273505911757469, 0.0009362249786349919, 0.0006666522682367559, 0.00044884183743210126, 0.00032212904644302043], "Res iVi": [4.3556017409740466e-05, 5.036722579720987e-05, 5.4770167770445966e-05, 6.355180365291702e-06, 4.4975133129343536e-05, 7.919747485263251e-06, 4.642097085810759e-05, 4.458250316274892e-05, 6.618122975532437e-05, 6.547883032415047e-05, 4.2893099163443527e-05]}, "N": {"iVi": [0.016349272276147575, 0.00945809110023521, 0.006647643414721183, 0.005130944158187434, 0.004195208075540524, 0.0033509761144926986, 0.001606835118996508, 0.0009502633521913384, 0.0006866446983605501, 0.0004961458462328094, 0.0003359007798656166], "Res iVi": [6.894508673493949e-05, 8.455612516022892e-05, 7.221020220599117e-05, 9.97899984722661e-06, 5.029440864690038e-05, 6.219099624615865e-06, 5.50738246519189e-05, 4.413010365766912e-05, 0.00011445343440608102, 8.405109286252488e-05, 6.611927674105011e-05]}}, "time_iVi_35": 0.49918124675750736, "time_iVi_50": 0.7237072467803956, "time_iVi_65": 0.9188502550125123, "time_iVi_80": 1.2083614349365235, "time_iVi_100": 1.512284255027771, "time_iVi_200": 3.70310754776001, "time_iVi_350": 8.367817616462707, "time_iVi_500": 14.580023980140687, "time_iVi_750": 28.54218409061432, "time_iVi_1000": 47.833385872840886, "time_Res iVi_20": 0.27832157611846925, "time_Res iVi_35": 0.4730393171310425, "time_Res iVi_50": 0.664736843109131, "time_Res iVi_65": 0.8923193693161011, "time_Res iVi_80": 1.13130943775177, "time_Res iVi_100": 1.4973231315612794, "time_Res iVi_200": 3.7610132932662967, "time_Res iVi_350": 8.524416613578797, "time_Res iVi_500": 14.888915038108827, "time_Res iVi_750": 29.28828673362732, "time_Res iVi_1000": 48.53913543224335, "mc_std_iVi_U": 1.987793310879811e-05, "mc_std_Res iVi_U": 2.0159826339307417e-05, "mc_std_iVi_N": 3.993721941295539e-05, "mc_std_Res iVi_N": 4.027165055905009e-05}