{"is_log_time": true, "methods_ivi": ["iVi", "Res iVi"], "methods_non_ivi": ["Population", "Ogata"], "n_paths_time_meas": 100000, "n_steps_arr_cf": [20, 35, 50, 65, 80, 100, 200, 350, 500, 750, 1000], "n_batch_cf": 10, "batch_size_cf": 100000, "n_paths_non_ivi": 10000, "time_Population": 1475.938320159912, "time_Ogata": 2154.435451030731, "n_paths_ivi": 1000000, "mean_N_T": 288.1422726513042, "mc_std_U": 1.9910839055804705e-05, "mc_std_N": 3.967949992845952e-05, "time_iVi_20": 0.27221758365631105, "errors_ivi": {"U": {"iVi": [0.022800843788217673, 0.018704501759704173, 0.016192514228586863, 0.014500642669140307, 0.013201146626238836, 0.011908827641317177, 0.008480099258429519, 0.006357226857765408, 0.0052818751725686175, 0.0042334453369860525, 0.003643869666422439], "Res iVi": [7.391753777846732e-05, 4.6162625830681314e-05, 5.745756588526607e-05, 1.3163056940546092e-05, 4.335211807643402e-05, 1.1573977658607681e-05, 3.601691870047663e-05, 4.468202987850667e-05, 6.921467719012142e-05, 6.530144431732277e-05, 3.663830568578774e-05]}, "N": {"iVi": [0.07094835281512496, 0.053875913124315056, 0.044869082928391923, 0.039166719891793156, 0.03506946811549805, 0.031119856612517705, 0.021246309450666523, 0.015543845311448201, 0.012719417649028952, 0.010075463299069831, 0.008599621611611041], "Res iVi": [0.00017709397574844354, 0.00015422025651168347, 0.0001045486282849617, 0.00014505219569266314, 8.95840956637306e-05, 0.00011424872297133293, 4.3965716755467454e-05, 1.3788120813151838e-05, 6.184009655924028e-05, 5.051398980343569e-05, 1.5920864551821623e-05]}}, "time_iVi_35": 0.4564484834671021, "time_iVi_50": 0.6440598011016846, "time_iVi_65": 0.8691661357879639, "time_iVi_80": 1.104052209854126, "time_iVi_100": 1.4565348863601686, "time_iVi_200": 3.617591214179993, "time_iVi_350": 8.328791785240174, "time_iVi_500": 14.750413942337037, "time_iVi_750": 29.816125869750977, "time_iVi_1000": 49.96070547103882, "time_Res iVi_20": 0.28564431667327883, "time_Res iVi_35": 0.4853674650192261, "time_Res iVi_50": 0.6890199661254883, "time_Res iVi_65": 0.8908547163009644, "time_Res iVi_80": 1.1317951202392578, "time_Res iVi_100": 1.4647100448608399, "time_Res iVi_200": 3.7973541021347046, "time_Res iVi_350": 8.717922115325928, "time_Res iVi_500": 15.619487547874451, "time_Res iVi_750": 30.46234965324402, "time_Res iVi_1000": 50.32363119125367, "mc_std_iVi_U": 1.9729844170162352e-05, "mc_std_Res iVi_U": 2.0153149527873216e-05, "mc_std_iVi_N": 3.980484910227712e-05, "mc_std_Res iVi_N": 3.996252196108355e-05}