{"methods_ivi": ["iVi", "Res iVi"], "methods_non_ivi": ["ExpExact", "Ogata"], "n_paths_time_meas": 100000, "n_steps_arr_cf": [20, 35, 50, 65, 80, 100, 200, 350, 500, 750, 1000, 2000], "n_batch_cf": 10, "batch_size_cf": 100000, "n_paths_non_ivi": 10000, "time_ExpExact": 36.04405641555786, "time_Ogata": 50.70464611053467, "mean_N_T": 24.695163078136517, "U_p_values_10": {"ExpExact-Ogata": [0.4784083389368079, 0.0119], "ExpExact-iVi": [4.671278479132142e-164, 0.1935], "ExpExact-Res iVi": [0.06288105634528753, 0.0186]}, "N_p_values_10": {"ExpExact-Ogata": [0.34833322133888034, 0.0132], "ExpExact-iVi": [2.60438893411519e-82, 0.1371], "ExpExact-Res iVi": [0.0005290265350566941, 0.0287]}, "U_p_values_50": {"ExpExact-Ogata": [0.4784083389368079, 0.0119], "ExpExact-iVi": [1.9103682412648477e-07, 0.0402], "ExpExact-Res iVi": [0.03518876957795689, 0.0201]}, "N_p_values_50": {"ExpExact-Ogata": [0.34833322133888034, 0.0132], "ExpExact-iVi": [1.8098173009717144e-06, 0.0373], "ExpExact-Res iVi": [1.7794418993158944e-05, 0.0341]}, "U_p_values_100": {"ExpExact-Ogata": [0.4784083389368079, 0.0119], "ExpExact-iVi": [0.007989835535840706, 0.0235], "ExpExact-Res iVi": [0.42554664596413133, 0.0124]}, "N_p_values_100": {"ExpExact-Ogata": [0.34833322133888034, 0.0132], "ExpExact-iVi": [0.0001111240923452992, 0.0313], "ExpExact-Res iVi": [5.513283443567753e-05, 0.0324]}, "U_p_values_1000": {"ExpExact-Ogata": [0.4784083389368079, 0.0119], "ExpExact-iVi": [0.4784083389368079, 0.0119], "ExpExact-Res iVi": [0.38574770611965037, 0.0128]}, "N_p_values_1000": {"ExpExact-Ogata": [0.34833322133888034, 0.0132], "ExpExact-iVi": [0.0015189232077951196, 0.0268], "ExpExact-Res iVi": [0.0009828645572326894, 0.0276]}, "n_paths_ivi": 1000000, "mc_std_U": 9.949303142874138e-05, "mc_std_N": 0.00016546997032198862, "time_iVi_20": 0.22263946533203127, "errors_ivi": {"U": {"iVi": [0.023062674155949203, 0.012999305989060905, 0.008925127230886898, 0.006804245080988147, 0.005614305204904857, 0.004437827141335948, 0.0022128641640393187, 0.0012414183543979496, 0.0008551323942075917, 0.0005104306370523615, 0.0003958030765985332, 0.00026108535489710594], "Res iVi": [0.0007049068704946815, 0.0004704910486402758, 0.00036697588228262745, 0.0003639573755676584, 0.00019716616983439517, 0.0002721551845660253, 0.00017323699735305453, 4.239239577874532e-05, 4.0172018159367884e-05, 0.0001434371546080726, 0.00015188900999557609, 1.0802197053572105e-05]}, "N": {"iVi": [0.021501090569092773, 0.012005468620612525, 0.00810030453162458, 0.006147626152849417, 0.005150231863490395, 0.004022124968835916, 0.002072361096186859, 0.001113433360620697, 0.0007495302756619915, 0.0004310778057549647, 0.0003589406545838614, 0.00022500610385656206], "Res iVi": [0.0015872596511047887, 0.0010351792529757486, 0.0006986417480892015, 0.0007058721827382097, 0.0003649903661226417, 0.00043349303464174094, 0.0002750791454840251, 1.5293235634927793e-05, 5.331937962244071e-05, 0.00025710818267904445, 0.00022224800868775318, 1.6650659277750446e-05]}}, "time_iVi_35": 0.3477334022521973, "time_iVi_50": 0.45398850440979005, "time_iVi_65": 0.5626777172088623, "time_iVi_80": 0.6898116350173951, "time_iVi_100": 0.8593883991241456, "time_iVi_200": 1.6875529766082764, "time_iVi_350": 3.085914540290833, "time_iVi_500": 4.477995276451111, "time_iVi_750": 7.47813835144043, "time_iVi_1000": 12.522012448310853, "time_iVi_2000": 29.282832694053653, "time_Res iVi_20": 0.2834163188934326, "time_Res iVi_35": 0.41548707485198977, "time_Res iVi_50": 0.5721959829330444, "time_Res iVi_65": 0.7198464393615723, "time_Res iVi_80": 0.8818958759307862, "time_Res iVi_100": 1.1171936035156251, "time_Res iVi_200": 2.292147707939148, "time_Res iVi_350": 4.123182034492493, "time_Res iVi_500": 5.9891008853912355, "time_Res iVi_750": 9.179866099357605, "time_Res iVi_1000": 12.600573468208314, "time_Res iVi_2000": 29.026069712638858, "mc_std_iVi_U": 9.998071438155859e-05, "mc_std_Res iVi_U": 9.985359500340841e-05, "mc_std_iVi_N": 0.00016634930324615867, "mc_std_Res iVi_N": 0.00016616357633326704}