{"methods_ivi": ["iVi", "Res iVi"], "methods_non_ivi": ["Population", "Ogata"], "n_paths_time_meas": 100000, "n_paths_non_ivi": 10000, "time_Population": 972.2652530670166, "time_Ogata": 324.80666875839233, "mean_N_T": 111.81142129826466, "U_p_values_10": {"Population-Ogata": [0.5228883388356883, 0.0115], "Population-iVi": [0.0, 0.9702], "Population-Res iVi": [5.680504778811804e-43, 0.0989]}, "N_p_values_10": {"Population-Ogata": [0.4568717692969701, 0.0121], "Population-iVi": [6.893065230785126e-270, 0.2478], "Population-Res iVi": [6.585166088811949e-13, 0.0536]}, "U_p_values_50": {"Population-Ogata": [0.5228883388356883, 0.0115], "Population-iVi": [1e-323, 0.3206], "Population-Res iVi": [0.012657224426456587, 0.0225]}, "N_p_values_50": {"Population-Ogata": [0.4568717692969701, 0.0121], "Population-iVi": [9.245844712152985e-40, 0.0951], "Population-Res iVi": [0.020515502090086474, 0.0214]}, "U_p_values_100": {"Population-Ogata": [0.5228883388356883, 0.0115], "Population-iVi": [3.112078236308058e-104, 0.1543], "Population-Res iVi": [0.265648701789311, 0.0142]}, "N_p_values_100": {"Population-Ogata": [0.4568717692969701, 0.0121], "Population-iVi": [1.0955686684704507e-10, 0.0486], "Population-Res iVi": [0.1646735174066772, 0.0158]}, "U_p_values_1000": {"Population-Ogata": [0.5228883388356883, 0.0115], "Population-iVi": [0.0066097390500499155, 0.0239], "Population-Res iVi": [0.6279782033821611, 0.0106]}, "N_p_values_1000": {"Population-Ogata": [0.4568717692969701, 0.0121], "Population-iVi": [0.4784083389368079, 0.0119], "Population-Res iVi": [0.6279782033821611, 0.0106]}, "n_steps_arr_cf": [20, 35, 50, 65, 80, 100, 200, 350, 500, 750, 1000], "n_paths_ivi": 100000, "mc_std_U": 0.00028096921450605994, "mc_std_N": 0.00038018717196316337, "time_iVi_20": 0.26703476905822754, "errors_ivi": {"U": {"iVi": [0.15176165325678637, 0.09026038226391059, 0.06399579360018204, 0.0491172740515865, 0.040320244180677756, 0.032031433714172886, 0.016039656757196208, 0.00919843965368461, 0.006020773090345821, 0.004356862282674012, 0.003137406926350339], "Res iVi": [0.0030801692791785906, 0.0019915708043996005, 0.0012653981776538648, 0.001091561903354632, 0.001080667136600988, 0.0006212756155227206, 0.0003602054623542128, 0.00029698369492914267, 0.00014432705927275302, 4.187915513109708e-05, 9.27339373135716e-05]}, "N": {"iVi": [0.04334758621693113, 0.028200366936948884, 0.02051644678159431, 0.01656975320649179, 0.013117976479135873, 0.011007068198543968, 0.005563759312343541, 0.003211518455472462, 0.0028821774035800996, 0.0014773581884656717, 0.0012321072728871396], "Res iVi": [0.003746672420306796, 0.0025922321004349658, 0.0016657467658269254, 0.0014150325940663344, 0.0014145879200588296, 0.0008451592602875535, 0.00043192824974813693, 0.00048139159228133277, 0.00020618151056800427, 2.953325806143159e-05, 0.00012462535162710564]}}, "time_iVi_35": 0.44058990478515625, "time_iVi_50": 0.6284990310668945, "time_iVi_65": 0.816852331161499, "time_iVi_80": 1.1195461750030518, "time_iVi_100": 1.267716646194458, "time_iVi_200": 2.40439510345459, "time_iVi_350": 4.310523748397827, "time_iVi_500": 5.979431390762329, "time_iVi_750": 9.157335758209229, "time_iVi_1000": 12.27984619140625, "time_Res iVi_20": 0.33051204681396484, "time_Res iVi_35": 0.4596519470214844, "time_Res iVi_50": 0.613940954208374, "time_Res iVi_65": 0.7700011730194092, "time_Res iVi_80": 0.9586846828460693, "time_Res iVi_100": 1.21079683303833, "time_Res iVi_200": 2.391791820526123, "time_Res iVi_350": 4.238409519195557, "time_Res iVi_500": 6.06121039390564, "time_Res iVi_750": 9.071852922439575, "time_Res iVi_1000": 12.386819124221802, "mc_std_iVi_U": 0.0002808725967481843, "mc_std_Res iVi_U": 0.0002840024939446176, "mc_std_iVi_N": 0.00038091146182878805, "mc_std_Res iVi_N": 0.00038457227564583885}