{"methods_ivi": ["iVi", "Res iVi"], "methods_non_ivi": ["Population", "Ogata"], "n_paths_time_meas": 100000, "n_paths_non_ivi": 10000, "time_Population": 1395.898323059082, "time_Ogata": 717.3291754722595, "mean_N_T": 209.76951781806642, "U_p_values_10": {"Population-Ogata": [0.9968729274259033, 0.0057], "Population-iVi": [1e-323, 0.2802], "Population-Res iVi": [2.9783483994507045e-34, 0.0882]}, "N_p_values_10": {"Population-Ogata": [0.9968729274259033, 0.0057], "Population-iVi": [8.842136544726553e-221, 0.2243], "Population-Res iVi": [3.515679020657396e-35, 0.0894]}, "U_p_values_50": {"Population-Ogata": [0.9968729274259033, 0.0057], "Population-iVi": [4.057554010763126e-84, 0.1386], "Population-Res iVi": [2.461796075940553e-25, 0.0757]}, "N_p_values_50": {"Population-Ogata": [0.9968729274259033, 0.0057], "Population-iVi": [8.955446227978754e-70, 0.1262], "Population-Res iVi": [4.508716049367898e-25, 0.0753]}, "U_p_values_100": {"Population-Ogata": [0.9968729274259033, 0.0057], "Population-iVi": [1.602698403145652e-30, 0.0832], "Population-Res iVi": [2.6080450310863233e-10, 0.0477]}, "N_p_values_100": {"Population-Ogata": [0.9968729274259033, 0.0057], "Population-iVi": [3.930639500523146e-26, 0.0769], "Population-Res iVi": [4.100535218416419e-11, 0.0496]}, "U_p_values_1000": {"Population-Ogata": [0.9968729274259033, 0.0057], "Population-iVi": [0.16993405715882504, 0.0157], "Population-Res iVi": [0.34833322133888034, 0.0132]}, "N_p_values_1000": {"Population-Ogata": [0.9968729274259033, 0.0057], "Population-iVi": [0.12295028892712498, 0.0167], "Population-Res iVi": [0.21055778388518093, 0.015]}, "n_steps_arr_cf": [20, 35, 50, 65, 80, 100, 200, 350, 500, 750, 1000], "n_paths_ivi": 100000, "mc_std_U": 0.0002505352863112642, "mc_std_N": 0.0003249243515892733, "time_iVi_20": 0.22655701637268066, "errors_ivi": {"U": {"iVi": [0.036048509844451404, 0.02439730374547494, 0.018406243426617896, 0.014776186051193796, 0.012273544495719158, 0.010020084231331494, 0.0052471225671619215, 0.0029751285314278952, 0.0025599786611077424, 0.0016070457279128147, 0.0008617657815311319], "Res iVi": [0.003901926183596416, 0.0038431107835530387, 0.003177367467183445, 0.0028355937919912755, 0.0025547769493435846, 0.002122486595018347, 0.001170448078943509, 0.00041180744096708244, 0.0006380851007214972, 0.00034676859327531506, 2.662451976864766e-05]}, "N": {"iVi": [0.038535696859939184, 0.02691962640545953, 0.020660783899348167, 0.016785122790097418, 0.014002904736104216, 0.011503478930343147, 0.006111425547023097, 0.003481437579765989, 0.003076887431619768, 0.0019443007287949787, 0.001019392071766767], "Res iVi": [0.006655565748165615, 0.006435151310388132, 0.005404099707835008, 0.004830608813550907, 0.004278886222903122, 0.0035856138302253204, 0.0020735413514222922, 0.000899187212248076, 0.001093825496836065, 0.000606109360719087, 9.8057887934766e-05]}}, "time_iVi_35": 0.36130237579345703, "time_iVi_50": 0.4723975658416748, "time_iVi_65": 0.5925874710083008, "time_iVi_80": 0.7494268417358398, "time_iVi_100": 0.949892520904541, "time_iVi_200": 1.8381233215332031, "time_iVi_350": 3.2357680797576904, "time_iVi_500": 4.5683369636535645, "time_iVi_750": 6.990599155426025, "time_iVi_1000": 9.551681518554688, "time_Res iVi_20": 0.2572333812713623, "time_Res iVi_35": 0.3322594165802002, "time_Res iVi_50": 0.4876842498779297, "time_Res iVi_65": 0.6101531982421875, "time_Res iVi_80": 0.7067365646362305, "time_Res iVi_100": 0.9380702972412109, "time_Res iVi_200": 1.8378686904907227, "time_Res iVi_350": 3.2316317558288574, "time_Res iVi_500": 4.587143659591675, "time_Res iVi_750": 6.995679140090942, "time_Res iVi_1000": 9.481932640075684, "mc_std_iVi_U": 0.0002451049640209162, "mc_std_Res iVi_U": 0.0002455608511712954, "mc_std_iVi_N": 0.0003184645442108068, "mc_std_Res iVi_N": 0.00031924483280281623}