{"methods_ivi": ["iVi"], "methods_non_ivi": ["Population", "Ogata"], "n_paths_time_meas": 100000, "n_steps_arr_cf": [20, 35, 50, 65, 80, 100, 200, 350, 500, 750, 1000], "n_batch_cf": 10, "batch_size_cf": 100000, "n_paths_non_ivi": 10000, "time_Population": 49.25697326660156, "time_Ogata": 71.60605430603027, "mean_N_T": 7.37231604438123, "U_p_values_10": {"Population-Ogata": [0.11890214798175557, 0.0168], "Population-iVi": [1.5282513643318188e-42, 0.0984]}, "N_p_values_10": {"Population-Ogata": [0.031162582913927636, 0.0204], "Population-iVi": [3.084305112309125e-07, 0.0396]}, "U_p_values_50": {"Population-Ogata": [0.11890214798175557, 0.0168], "Population-iVi": [0.014473851205715274, 0.0222]}, "N_p_values_50": {"Population-Ogata": [0.031162582913927636, 0.0204], "Population-iVi": [9.187228212850023e-08, 0.0411]}, "U_p_values_100": {"Population-Ogata": [0.11890214798175557, 0.0168], "Population-iVi": [0.21692483428445863, 0.0149]}, "N_p_values_100": {"Population-Ogata": [0.031162582913927636, 0.0204], "Population-iVi": [2.773254541722611e-13, 0.0544]}, "U_p_values_1000": {"Population-Ogata": [0.11890214798175557, 0.0168], "Population-iVi": [0.14966522632015317, 0.0161]}, "N_p_values_1000": {"Population-Ogata": [0.031162582913927636, 0.0204], "Population-iVi": [1.2149611212456801e-14, 0.0572]}, "n_paths_ivi": 1000000, "mc_std_U": 6.660194025393524e-05, "mc_std_N": 0.00019296289050698548, "time_iVi_20": 0.21053617000579836, "errors_ivi": {"U": {"iVi": [0.008873803672872438, 0.005052617899854284, 0.0035285294802030465, 0.0028085479535045477, 0.0020903990443779663, 0.0017052669178700963, 0.0009195781085870047, 0.0005275824908846372, 0.0003134916175564495, 0.0002546194332592733, 0.00010905171697139782]}, "N": {"iVi": [0.007886248644405514, 0.004548885096441357, 0.0031988756160504783, 0.0025611559600864364, 0.0016955341440516025, 0.0014376125816119023, 0.0007560526156185077, 0.000623070266056569, 0.0003419066040347696, 0.00023292411323744266, 0.00010187446229276143]}}, "time_iVi_35": 0.3733728647232056, "time_iVi_50": 0.5529624462127686, "time_iVi_65": 0.7521421432495118, "time_iVi_80": 0.9433934926986695, "time_iVi_100": 1.2765560865402223, "time_iVi_200": 3.45562264919281, "time_iVi_350": 8.112849354743958, "time_iVi_500": 15.053130507469177, "time_iVi_750": 30.399893617630006, "time_iVi_1000": 50.3558347940445, "mc_std_iVi_U": 6.621299862651583e-05, "mc_std_iVi_N": 0.00019201705603556622, "arriavals_p_values_10": {"Population": [0.749482062940083, 0.20992758678526224], "Ogata": [0.9674960952046471, 0.1692634830895875], "iVi": [0.2504876394938792, 0.2924001816678222]}, "arriavals_p_values_50": {"Population": [0.749482062940083, 0.20992758678526224], "Ogata": [0.9674960952046471, 0.1692634830895875], "iVi": [0.44763203214397873, 0.24597168169788597]}, "arriavals_p_values_100": {"Population": [0.749482062940083, 0.20992758678526224], "Ogata": [0.9674960952046471, 0.1692634830895875], "iVi": [0.5924117858970321, 0.22929003569260098]}, "arriavals_p_values_1000": {"Population": [0.749482062940083, 0.20992758678526224], "Ogata": [0.9674960952046471, 0.1692634830895875], "iVi": [0.9916819016878228, 0.13823593293352365]}}