{"time_Population_10000": 2138.101910829544, "time_Ogata_10000": 8176.607195138931, "mean_N_T": 11012.61587449359, "U_p_values_50": {"Population-Ogata": [0.3393633805365633, 0.0133], "Population-iVi": [2.657500006601587e-254, 0.2406], "Population-Res iVi": [0.0024409511673546456, 0.0259]}, "N_p_values_50": {"Population-Ogata": [0.3305488484947325, 0.0134], "Population-iVi": [1e-323, 0.2929], "Population-Res iVi": [0.0029982320081052387, 0.0255]}, "U_p_values_100": {"Population-Ogata": [0.3393633805365633, 0.0133], "Population-iVi": [1.0309205013969125e-44, 0.1009], "Population-Res iVi": [0.186515593263376, 0.0154]}, "N_p_values_100": {"Population-Ogata": [0.3305488484947325, 0.0134], "Population-iVi": [3.176680910511299e-69, 0.1257], "Population-Res iVi": [0.15454104632436025, 0.016]}, "U_p_values_1000": {"Population-Ogata": [0.3393633805365633, 0.0133], "Population-iVi": [0.5806415540561973, 0.011], "Population-Res iVi": [0.46757740082070737, 0.012]}, "N_p_values_1000": {"Population-Ogata": [0.3305488484947325, 0.0134], "Population-iVi": [0.40535690578815814, 0.0126], "Population-Res iVi": [0.46757740082070737, 0.012]}, "time_iVi_20": 2.9693491458892822, "errors_ivi": {"U": {"iVi": [0.44392119066976976, 0.2827476633646161, 0.19627733568808975, 0.1479250556837592, 0.1185533085090642, 0.09301652178738745, 0.04497557936923946, 0.024775959839846484, 0.017296106868385897, 0.011165510715861915, 0.008211885082701098], "Res iVi": [0.016256501887749186, 0.018324601646016347, 0.015481157925872457, 0.011721965196308859, 0.010785756368495214, 0.008230407904697756, 0.004197336616766245, 0.0017152006247348472, 0.0010827855069686088, 0.000721078412364129, 6.336904116366338e-05]}, "N": {"iVi": [0.48417779220706203, 0.328982722243766, 0.23393401657858298, 0.17824912483441885, 0.14352086426964578, 0.11309949027714666, 0.05490741467687388, 0.030386172193658467, 0.021207553897431453, 0.013761783633259972, 0.010158809542889724], "Res iVi": [0.016227238233068597, 0.018320316760921607, 0.015483385007071582, 0.011725973218039809, 0.010787296932390555, 0.008227815297284113, 0.0042010606759309566, 0.0017103603928625422, 0.0010835776815476539, 0.000724232751707965, 6.447489693983677e-05]}}, "time_iVi_35": 5.469536781311035, "time_iVi_50": 8.47955322265625, "time_iVi_65": 10.972893714904785, "time_iVi_80": 14.065637111663818, "time_iVi_100": 19.350415468215942, "time_iVi_200": 45.82168006896973, "time_iVi_350": 100.00496220588684, "time_iVi_500": 170.59010481834412, "time_iVi_750": 332.7204239368439, "time_iVi_1000": 540.1668186187744, "time_Res iVi_20": 3.579927444458008, "time_Res iVi_35": 5.580768346786499, "time_Res iVi_50": 8.126118659973145, "time_Res iVi_65": 11.337414264678955, "time_Res iVi_80": 14.59500241279602, "time_Res iVi_100": 18.650023937225342, "time_Res iVi_200": 45.3807475566864, "time_Res iVi_350": 100.34632682800293, "time_Res iVi_500": 170.01250958442688, "time_Res iVi_750": 324.11670684814453, "time_Res iVi_1000": 542.2140996456146}