{"methods_ivi": ["iVi", "Res iVi"], "methods_non_ivi": ["Population", "Ogata"], "n_paths_time_meas": 100000, "n_paths_non_ivi": 10000, "time_Population": 1732.5551748275757, "time_Ogata": 712.6790857315063, "mean_N_T": 209.76951781806642, "U_p_values_10": {"Population-Ogata": [0.9968729274259033, 0.0057], "Population-iVi": [0.0, 1.0], "Population-Res iVi": [0.11890214798175557, 0.0168]}, "N_p_values_10": {"Population-Ogata": [0.9968729274259033, 0.0057], "Population-iVi": [0.0, 1.0], "Population-Res iVi": [0.39547859404270563, 0.0127]}, "U_p_values_50": {"Population-Ogata": [0.9968729274259033, 0.0057], "Population-iVi": [0.0, 0.9986], "Population-Res iVi": [0.8435889342947497, 0.0087]}, "N_p_values_50": {"Population-Ogata": [0.9968729274259033, 0.0057], "Population-iVi": [0.0, 0.9994], "Population-Res iVi": [0.934921367863862, 0.0076]}, "U_p_values_100": {"Population-Ogata": [0.9968729274259033, 0.0057], "Population-iVi": [0.0, 0.8615], "Population-Res iVi": [0.9749119230771707, 0.0068]}, "N_p_values_100": {"Population-Ogata": [0.9968729274259033, 0.0057], "Population-iVi": [0.0, 0.8753], "Population-Res iVi": [0.7912059350314521, 0.0092]}, "U_p_values_1000": {"Population-Ogata": [0.9968729274259033, 0.0057], "Population-iVi": [4.28078084174734e-56, 0.1131], "Population-Res iVi": [0.6279782033821611, 0.0106]}, "N_p_values_1000": {"Population-Ogata": [0.9968729274259033, 0.0057], "Population-iVi": [5.241996379558702e-63, 0.1199], "Population-Res iVi": [0.3574576387469889, 0.0131]}, "n_steps_arr_cf": [20, 35, 50, 65, 80, 100, 200, 350, 500, 750, 1000], "n_paths_ivi": 100000, "mc_std_U": 0.0002505352863112642, "mc_std_N": 0.0003249243515892733, "time_iVi_20": 0.2827174663543701, "errors_ivi": {"U": {"iVi": [0.37578855487070983, 0.37578112762873844, 0.3733824834877782, 0.350487501120655, 0.308064544960745, 0.2519305049831247, 0.11809869249987093, 0.06421935529159012, 0.04405772306307043, 0.02851211329432901, 0.021227505015403603], "Res iVi": [0.000598940221373967, 0.0001290524870768972, 6.609280732133849e-05, 0.00022953290124555492, 0.00019623160538440043, 0.0001412244345487812, 0.0001472310492211526, 2.1232165699269778e-05, 0.00016119340809950256, 0.00015516531849191217, 5.7127190657979554e-05]}, "N": {"iVi": [0.38172725217884157, 0.3817265726382148, 0.38110595399482755, 0.3701308657561387, 0.3409183964915319, 0.2924564671868324, 0.14897368107973602, 0.08315744192866725, 0.05757821096379434, 0.03753482634035943, 0.02808306239940922], "Res iVi": [0.0003357612915760311, 6.914196187812749e-08, 7.138783315768782e-05, 0.00033554720842493557, 0.00032185866396389207, 0.00015155991960758008, 0.00016301166587584515, 9.070719985782016e-05, 0.00021014776730288176, 0.00021523453771765677, 1.7725799535406317e-06]}}, "time_iVi_35": 0.48702025413513184, "time_iVi_50": 0.722419023513794, "time_iVi_65": 0.9427952766418457, "time_iVi_80": 1.1492478847503662, "time_iVi_100": 1.4197807312011719, "time_iVi_200": 2.594017267227173, "time_iVi_350": 4.680604696273804, "time_iVi_500": 6.498030662536621, "time_iVi_750": 9.452109575271606, "time_iVi_1000": 12.876561403274536, "time_Res iVi_20": 0.3770308494567871, "time_Res iVi_35": 0.48786115646362305, "time_Res iVi_50": 0.6597316265106201, "time_Res iVi_65": 0.8265516757965088, "time_Res iVi_80": 1.0415449142456055, "time_Res iVi_100": 1.4455034732818604, "time_Res iVi_200": 2.533815383911133, "time_Res iVi_350": 4.401205778121948, "time_Res iVi_500": 6.225186586380005, "time_Res iVi_750": 9.271917819976807, "time_Res iVi_1000": 12.840409517288208, "mc_std_iVi_U": 0.00025715247007206116, "mc_std_Res iVi_U": 0.00024918933415674636, "mc_std_iVi_N": 0.00032867907551463986, "mc_std_Res iVi_N": 0.0003237514138005062}