{"methods_ivi": ["iVi"], "methods_non_ivi": ["Population", "Ogata"], "n_paths_time_meas": 100000, "n_steps_arr_cf": [20, 35, 50, 65, 80, 100, 200, 350, 500, 750, 1000], "n_batch_cf": 10, "batch_size_cf": 100000, "n_paths_non_ivi": 10000, "time_Population": 84.45497035980225, "time_Ogata": 91.36264324188232, "mean_N_T": 7.37231604438123, "U_p_values_10": {"Population-Ogata": [0.11890214798175557, 0.0168], "Population-iVi": [1.5282513643318188e-42, 0.0984]}, "N_p_values_10": {"Population-Ogata": [0.031162582913927636, 0.0204], "Population-iVi": [1.044038376030117e-22, 0.0716]}, "U_p_values_50": {"Population-Ogata": [0.11890214798175557, 0.0168], "Population-iVi": [0.014473851205715274, 0.0222]}, "N_p_values_50": {"Population-Ogata": [0.031162582913927636, 0.0204], "Population-iVi": [4.585036479758856e-26, 0.0768]}, "U_p_values_100": {"Population-Ogata": [0.11890214798175557, 0.0168], "Population-iVi": [0.21692483428445863, 0.0149]}, "N_p_values_100": {"Population-Ogata": [0.031162582913927636, 0.0204], "Population-iVi": [9.97409198999349e-36, 0.0901]}, "U_p_values_1000": {"Population-Ogata": [0.11890214798175557, 0.0168], "Population-iVi": [0.14966522632015317, 0.0161]}, "N_p_values_1000": {"Population-Ogata": [0.031162582913927636, 0.0204], "Population-iVi": [8.409750964239297e-30, 0.0822]}, "n_paths_ivi": 1000000, "mc_std_U": 6.660194025393524e-05, "mc_std_N": 0.00019296289050698548, "time_iVi_20": 0.21621289253234866, "errors_ivi": {"U": {"iVi": [0.008873803672872438, 0.005052617899854284, 0.0035285294802030465, 0.0028085479535045477, 0.0020903990443779663, 0.0017052669178700963, 0.0009195781085870047, 0.0005275824908846372, 0.0003134916175564495, 0.0002546194332592733, 0.00010905171697139782]}, "N": {"iVi": [0.007278265287980257, 0.004344146793711312, 0.0030973193259949405, 0.0025003913038473824, 0.001655079212057875, 0.0014116028996217778, 0.0007494935509625988, 0.0006209390762546563, 0.0003408546545178859, 0.00023245589832632252, 0.00010161165721422893]}}, "time_iVi_35": 0.38668785095214847, "time_iVi_50": 0.5926532983779907, "time_iVi_65": 0.7991296768188477, "time_iVi_80": 1.0005676984786989, "time_iVi_100": 1.3279920339584352, "time_iVi_200": 3.458985161781311, "time_iVi_350": 8.01508960723877, "time_iVi_500": 14.626437067985535, "time_iVi_750": 29.613380002975465, "time_iVi_1000": 51.09829852581024, "mc_std_iVi_U": 6.621299862651583e-05, "mc_std_iVi_N": 0.000192017660556913, "arriavals_p_values_10": {"Population": [0.749482062940083, 0.20992758678526224], "Ogata": [0.9674960952046471, 0.1692634830895875], "iVi": [0.2504876394938792, 0.2924001816678222]}, "arriavals_p_values_50": {"Population": [0.749482062940083, 0.20992758678526224], "Ogata": [0.9674960952046471, 0.1692634830895875], "iVi": [0.44763203214397873, 0.24597168169788597]}, "arriavals_p_values_100": {"Population": [0.749482062940083, 0.20992758678526224], "Ogata": [0.9674960952046471, 0.1692634830895875], "iVi": [0.5924117858970321, 0.22929003569260098]}, "arriavals_p_values_1000": {"Population": [0.749482062940083, 0.20992758678526224], "Ogata": [0.9674960952046471, 0.1692634830895875], "iVi": [0.9916819016878228, 0.13823593293352365]}}