{"methods_ivi": ["iVi", "Res iVi"], "methods_non_ivi": ["Population", "Ogata"], "n_paths_time_meas": 100000, "n_paths_non_ivi": 10000, "time_Population": 2560.1525616645813, "time_Ogata": 1065.129747390747, "mean_N_T": 309.05680343098845, "U_p_values_10": {"Population-Ogata": [0.934921367863862, 0.0076], "Population-iVi": [0.0, 1.0], "Population-Res iVi": [3.415887193831785e-176, 0.2005]}, "N_p_values_10": {"Population-Ogata": [0.9282795837972042, 0.0077], "Population-iVi": [9.127017055602901e-187, 0.2064], "Population-Res iVi": [2.2363393366418407e-30, 0.083]}, "U_p_values_50": {"Population-Ogata": [0.934921367863862, 0.0076], "Population-iVi": [0.0, 0.868], "Population-Res iVi": [1.284029722130501e-09, 0.046]}, "N_p_values_50": {"Population-Ogata": [0.9282795837972042, 0.0077], "Population-iVi": [5.362659311265113e-84, 0.1385], "Population-Res iVi": [1.9048870270005854e-05, 0.034]}, "U_p_values_100": {"Population-Ogata": [0.934921367863862, 0.0076], "Population-iVi": [0.0, 0.5254], "Population-Res iVi": [0.023305587030701742, 0.0211]}, "N_p_values_100": {"Population-Ogata": [0.9282795837972042, 0.0077], "Population-iVi": [1.1683879259267872e-32, 0.0861], "Population-Res iVi": [0.09353139411912735, 0.0175]}, "U_p_values_1000": {"Population-Ogata": [0.934921367863862, 0.0076], "Population-iVi": [1.8697827631822935e-17, 0.0626], "Population-Res iVi": [0.9471107086522933, 0.0074]}, "N_p_values_1000": {"Population-Ogata": [0.9282795837972042, 0.0077], "Population-iVi": [0.03662861114079258, 0.02], "Population-Res iVi": [0.8127749152563353, 0.009]}, "n_steps_arr_cf": [20, 35, 50, 65, 80, 100, 200, 350, 500, 750, 1000], "n_paths_ivi": 100000, "mc_std_U": 0.00021979576816733996, "mc_std_N": 0.0002814787411130323, "time_iVi_20": 0.2531294822692871, "errors_ivi": {"U": {"iVi": [0.3188922380739511, 0.22017832747329252, 0.164090259405198, 0.1299923586842165, 0.10718184337104464, 0.08690088283912595, 0.04411298072106129, 0.02528405323715177, 0.01780436218429704, 0.01192284898954854, 0.009094339676558705], "Res iVi": [0.0034199483543269626, 0.002213393830219512, 0.0017094853194387638, 0.0012280435542364465, 0.0010318345743116075, 0.0009385580994751286, 0.00023108074140593127, 0.00018071927120205666, 0.00011679763475802574, 0.000192950981580009, 2.6174586996663418e-05]}, "N": {"iVi": [0.03275578263688872, 0.024306051568918186, 0.019325580614600213, 0.01573235387899119, 0.013462939021926301, 0.010962388219915742, 0.006079116518687533, 0.0036738454915664076, 0.0025207024215559426, 0.001687779971440595, 0.0010811229297162939], "Res iVi": [0.003677110214692858, 0.0025631177386009063, 0.0020216934126109365, 0.0014861455964871317, 0.0012138988693142783, 0.0011919834425774822, 0.00029248016416727474, 0.00024064702952586448, 0.0001360547353475572, 0.00028204715597202057, 6.670708105777079e-05]}}, "time_iVi_35": 0.41808366775512695, "time_iVi_50": 0.5247695446014404, "time_iVi_65": 0.6824049949645996, "time_iVi_80": 0.8908693790435791, "time_iVi_100": 1.0307693481445312, "time_iVi_200": 2.0065603256225586, "time_iVi_350": 3.706490993499756, "time_iVi_500": 5.125926971435547, "time_iVi_750": 7.27121639251709, "time_iVi_1000": 9.941307067871094, "time_Res iVi_20": 0.2940680980682373, "time_Res iVi_35": 0.40087342262268066, "time_Res iVi_50": 0.4731895923614502, "time_Res iVi_65": 0.6409451961517334, "time_Res iVi_80": 0.7477762699127197, "time_Res iVi_100": 0.9609794616699219, "time_Res iVi_200": 1.9574604034423828, "time_Res iVi_350": 3.47100830078125, "time_Res iVi_500": 4.941105127334595, "time_Res iVi_750": 9.639512300491333, "time_Res iVi_1000": 12.960759162902832, "mc_std_iVi_U": 0.00021472107129888614, "mc_std_Res iVi_U": 0.0002211037662668101, "mc_std_iVi_N": 0.0002770335193905727, "mc_std_Res iVi_N": 0.0002836632135602025}