{"methods_ivi": ["iVi", "Res iVi"], "methods_non_ivi": ["Population", "Ogata"], "n_paths_time_meas": 100000, "n_paths_non_ivi": 10000, "time_Population": 585.0334143638611, "time_Ogata": 231.59805059432983, "mean_N_T": 111.81142129826466, "U_p_values_10": {"Population-Ogata": [0.5228883388356883, 0.0115], "Population-iVi": [1e-323, 0.3063], "Population-Res iVi": [1.6229573858276633e-29, 0.0818]}, "N_p_values_10": {"Population-Ogata": [0.4568717692969701, 0.0121], "Population-iVi": [1.7808079568683415e-267, 0.2467], "Population-Res iVi": [5.479610505139134e-32, 0.0852]}, "U_p_values_50": {"Population-Ogata": [0.5228883388356883, 0.0115], "Population-iVi": [7.712357268159945e-52, 0.1087], "Population-Res iVi": [1.9985316504298487e-13, 0.0547]}, "N_p_values_50": {"Population-Ogata": [0.4568717692969701, 0.0121], "Population-iVi": [5.212008389040835e-40, 0.0954], "Population-Res iVi": [1.049324174041624e-15, 0.0593]}, "U_p_values_100": {"Population-Ogata": [0.5228883388356883, 0.0115], "Population-iVi": [9.077596061626571e-13, 0.0533], "Population-Res iVi": [0.01209899987480774, 0.0226]}, "N_p_values_100": {"Population-Ogata": [0.4568717692969701, 0.0121], "Population-iVi": [1.4654857801998744e-10, 0.0483], "Population-Res iVi": [0.0023174761527665106, 0.026]}, "U_p_values_1000": {"Population-Ogata": [0.5228883388356883, 0.0115], "Population-iVi": [0.7229401381401557, 0.0098], "Population-Res iVi": [0.8629266196033867, 0.0085]}, "N_p_values_1000": {"Population-Ogata": [0.4568717692969701, 0.0121], "Population-iVi": [0.5228883388356883, 0.0115], "Population-Res iVi": [0.6160853764303585, 0.0107]}, "n_steps_arr_cf": [20, 35, 50, 65, 80, 100, 200, 350, 500, 750, 1000], "n_paths_ivi": 100000, "mc_std_U": 0.00028096921450605994, "mc_std_N": 0.00038018717196316337, "time_iVi_20": 0.22327303886413574, "errors_ivi": {"U": {"iVi": [0.03972532978485194, 0.025124730446515087, 0.018052502403652027, 0.014446428390795074, 0.011480945641803852, 0.009543284796025564, 0.004833198554700657, 0.00274948849101464, 0.002352651558044483, 0.001223946011055299, 0.0010481743606104432], "Res iVi": [0.0046850413030327664, 0.00392486301043754, 0.0030804861924450533, 0.0026664180680883165, 0.0024387444611952414, 0.0017375697109376365, 0.0011428875920356796, 0.0005695096507727371, 0.00011255022282391502, 0.0001138181474040767, 0.0003153443850788529]}, "N": {"iVi": [0.04334758621693113, 0.028200366936948884, 0.02051644678159431, 0.01656975320649179, 0.013117976479135873, 0.011007068198543968, 0.005563759312343597, 0.0032115184554724063, 0.0028821774035800996, 0.0014773581884656717, 0.0012321072728871396], "Res iVi": [0.008637763851434943, 0.007121089557371507, 0.00563291581555736, 0.0048491667371513, 0.004350262349556877, 0.0032847297792811814, 0.0020689519568900527, 0.0011032113218333306, 0.00041410306081879344, 0.00036399938263237397, 0.0005375340524533256]}}, "time_iVi_35": 0.3497753143310547, "time_iVi_50": 0.4908163547515869, "time_iVi_65": 0.6012377738952637, "time_iVi_80": 0.796018123626709, "time_iVi_100": 0.9869728088378906, "time_iVi_200": 1.8689765930175781, "time_iVi_350": 3.2481112480163574, "time_iVi_500": 4.5664262771606445, "time_iVi_750": 6.943129301071167, "time_iVi_1000": 9.440232038497925, "time_Res iVi_20": 0.2363448143005371, "time_Res iVi_35": 0.33006739616394043, "time_Res iVi_50": 0.47940969467163086, "time_Res iVi_65": 0.5762467384338379, "time_Res iVi_80": 0.7112412452697754, "time_Res iVi_100": 0.9003396034240723, "time_Res iVi_200": 1.791759729385376, "time_Res iVi_350": 3.1077961921691895, "time_Res iVi_500": 4.440708637237549, "time_Res iVi_750": 6.9200215339660645, "time_Res iVi_1000": 9.70803165435791, "mc_std_iVi_U": 0.00028200210897696477, "mc_std_Res iVi_U": 0.00028207194423628964, "mc_std_iVi_N": 0.00038091146182878805, "mc_std_Res iVi_N": 0.0003817471857687179}