{"methods_ivi": ["iVi", "Res iVi"], "methods_non_ivi": ["Population", "Ogata"], "n_paths_time_meas": 1000000, "n_paths_non_ivi": 10000, "time_Population": 624.838137626648, "time_Ogata": 3181.7556858062744, "mean_N_T": 22.423082077256318, "U_p_values_10": {"Population-Ogata": [0.7689615674766569, 0.0094], "Population-iVi": [1.6472346637257944e-40, 0.096], "Population-Res iVi": [0.018824742428484434, 0.0216]}, "N_p_values_10": {"Population-Ogata": [0.1808532467067878, 0.0155], "Population-iVi": [1.7966003941245165e-77, 0.133], "Population-Res iVi": [0.0012237990083722164, 0.0272]}, "U_p_values_50": {"Population-Ogata": [0.7689615674766569, 0.0094], "Population-iVi": [1.8098173009717144e-06, 0.0373], "Population-Res iVi": [0.07554538445539462, 0.0181]}, "N_p_values_50": {"Population-Ogata": [0.1808532467067878, 0.0155], "Population-iVi": [3.977130558088571e-05, 0.0329], "Population-Res iVi": [0.0005602322386359428, 0.0286]}, "U_p_values_100": {"Population-Ogata": [0.7689615674766569, 0.0094], "Population-iVi": [0.01323855514020171, 0.0224], "Population-Res iVi": [0.5457429448400982, 0.0113]}, "N_p_values_100": {"Population-Ogata": [0.1808532467067878, 0.0155], "Population-iVi": [0.007270007928200741, 0.0237], "Population-Res iVi": [0.0019808990340339913, 0.0263]}, "U_p_values_1000": {"Population-Ogata": [0.7689615674766569, 0.0094], "Population-iVi": [0.5004275626413702, 0.0117], "Population-Res iVi": [0.2369059200442076, 0.0146]}, "N_p_values_1000": {"Population-Ogata": [0.1808532467067878, 0.0155], "Population-iVi": [0.0002322100494248541, 0.0301], "Population-Res iVi": [0.00041980308599243296, 0.0291]}, "n_steps_arr_cf": [20, 35, 50, 65, 80, 100, 200, 350, 500, 750, 1000], "n_paths_ivi": 1000000, "mc_std_U": 8.951114396659638e-05, "mc_std_N": 0.00015674780721978336, "time_iVi_20": 3.3523240089416504, "errors_ivi": {"U": {"iVi": [0.017803204868563127, 0.011359951499893994, 0.008197386512879379, 0.006459547075802596, 0.005278179820802309, 0.004166981848705398, 0.0021759638125999348, 0.0013177829491241022, 0.0008294609181458967, 0.0005460510492305559, 0.00038579311150382933], "Res iVi": [0.0010314593937412186, 0.0007112765118044151, 0.00043944437046500306, 0.0003429539545914406, 0.00017602668814509226, 0.00013586841275170514, 0.0001803245432604461, 5.1644287233643116e-05, 2.513340574999967e-05, 0.00014331486876750787, 5.081008305696244e-05]}, "N": {"iVi": [0.021322691854458786, 0.011527375306057852, 0.007969475476995114, 0.006206375342171, 0.005086175291600936, 0.003893037515837028, 0.0020330765359344305, 0.001361346416762721, 0.0007845491593609921, 0.0005433414180593954, 0.00027485766676288437], "Res iVi": [0.0018569342849591997, 0.0012167508321152543, 0.000702585707321679, 0.0005954042519061842, 0.00023774826269379323, 0.0001304617903186145, 0.00035744843204454924, 0.00010598402306927213, 2.704846426054841e-05, 0.00022330386642055444, 0.00013885016133785566]}}, "time_iVi_35": 6.791752576828003, "time_iVi_50": 9.042142868041992, "time_iVi_65": 12.288256406784058, "time_iVi_80": 15.110949039459229, "time_iVi_100": 20.24350881576538, "time_iVi_200": 50.71286177635193, "time_iVi_350": 116.83621835708618, "time_iVi_500": 201.4359998703003, "time_iVi_750": 321.35013604164124, "time_iVi_1000": 519.6814360618591, "time_Res iVi_20": 3.141716957092285, "time_Res iVi_35": 4.982520580291748, "time_Res iVi_50": 7.29635763168335, "time_Res iVi_65": 10.065006017684937, "time_Res iVi_80": 12.178706884384155, "time_Res iVi_100": 16.252299785614014, "time_Res iVi_200": 41.17456603050232, "time_Res iVi_350": 94.49726819992065, "time_Res iVi_500": 165.37396240234375, "time_Res iVi_750": 337.9120614528656, "time_Res iVi_1000": 579.3972220420837, "arriavals_p_values_10": {"Population": [0.9162871530268228, 0.10977609456726456], "Ogata": [0.5234041896091502, 0.14557245821298204], "iVi": [0.5767830941370771, 0.15601347650438102], "Res iVi": [0.34005630684092814, 0.20724652986016312]}, "arriavals_p_values_50": {"Population": [0.9162871530268228, 0.10977609456726456], "Ogata": [0.5234041896091502, 0.14557245821298204], "iVi": [0.36691430830964766, 0.16516068580508575], "Res iVi": [0.2854203940941412, 0.20282424692927753]}, "arriavals_p_values_100": {"Population": [0.9162871530268228, 0.10977609456726456], "Ogata": [0.5234041896091502, 0.14557245821298204], "iVi": [0.9508112387279569, 0.10649590342345994], "Res iVi": [0.8318380925133048, 0.11449922218957032]}, "arriavals_p_values_1000": {"Population": [0.9162871530268228, 0.10977609456726456], "Ogata": [0.5234041896091502, 0.14557245821298204], "iVi": [0.3650216028381158, 0.1933215316257767], "Res iVi": [0.1918988040202274, 0.26010635886795186]}}