{"methods_ivi": ["iVi", "Res iVi"], "methods_non_ivi": ["Population", "Ogata"], "n_paths_time_meas": 100000, "n_paths_non_ivi": 10000, "time_Population": 1168.2314610481262, "time_Ogata": 1403.6344599723816, "mean_N_T": 152.18797488298742, "U_p_values_10": {"Population-Ogata": [0.8629266196033867, 0.0085], "Population-iVi": [0.0, 0.9992], "Population-Res iVi": [0.000471449734729324, 0.0289]}, "N_p_values_10": {"Population-Ogata": [0.8533882178607826, 0.0086], "Population-iVi": [0.0, 1.0], "Population-Res iVi": [0.04462706511711022, 0.0195]}, "U_p_values_50": {"Population-Ogata": [0.8629266196033867, 0.0085], "Population-iVi": [1.220629344259451e-112, 0.1604], "Population-Res iVi": [0.19231550503923178, 0.0153]}, "N_p_values_50": {"Population-Ogata": [0.8533882178607826, 0.0086], "Population-iVi": [7.504152918315197e-179, 0.202], "Population-Res iVi": [0.1982547232209886, 0.0152]}, "U_p_values_100": {"Population-Ogata": [0.8629266196033867, 0.0085], "Population-iVi": [0.00013396769112607664, 0.031], "Population-Res iVi": [0.186515593263376, 0.0154]}, "N_p_values_100": {"Population-Ogata": [0.8533882178607826, 0.0086], "Population-iVi": [3.1918050187599914e-09, 0.045], "Population-Res iVi": [0.2509732672225685, 0.0144]}, "U_p_values_1000": {"Population-Ogata": [0.8629266196033867, 0.0085], "Population-iVi": [0.6994009459719119, 0.01], "Population-Res iVi": [0.16993405715882504, 0.0157]}, "N_p_values_1000": {"Population-Ogata": [0.8533882178607826, 0.0086], "Population-iVi": [0.4568717692969701, 0.0121], "Population-Res iVi": [0.03811973702041487, 0.0199]}, "n_steps_arr_cf": [20, 35, 50, 65, 80, 100, 200, 350, 500, 750, 1000], "n_paths_ivi": 100000, "mc_std_U": 0.0002843126807087701, "mc_std_N": 0.00036682003416796654, "time_iVi_20": 0.2606508731842041, "errors_ivi": {"U": {"iVi": [0.22445995144188668, 0.07793653729695194, 0.03573852413713302, 0.01882075474975281, 0.010534380462476567, 0.00486119537279861, 0.0014357055202447455, 0.0019700823169772064, 0.001596144622084017, 0.001347618352004365, 0.0011652582344144902], "Res iVi": [0.00043179105630392067, 0.0003410201645219213, 1.0809852292070765e-05, 0.00014164619162160275, 0.00035772421061225357, 0.00026545802780258976, 0.00016691157615184027, 0.0001404912843617212, 0.000100606515462065, 0.000280878513399474, 0.0002784946141478617]}, "N": {"iVi": [0.29348885362650023, 0.1172071096480648, 0.057583140714955405, 0.03261632865470537, 0.01989876711824151, 0.01106255372964532, 0.0002283914830542022, 0.0013975775007734614, 0.0012094733979087224, 0.0011706147588582683, 0.0010304489635866165], "Res iVi": [0.0005802019902033662, 0.00049335074428003, 6.428799997876267e-05, 0.00014790807063663758, 0.0005244192373469181, 0.00038494510867748133, 0.00015216087250735644, 0.000286508538542507, 0.00014639766278939925, 0.0003503113078734965, 0.0002928379199565456]}}, "time_iVi_35": 0.44034600257873535, "time_iVi_50": 0.6197929382324219, "time_iVi_65": 0.8429605960845947, "time_iVi_80": 1.056894302368164, "time_iVi_100": 1.5542469024658203, "time_iVi_200": 3.738569498062134, "time_iVi_350": 8.432187795639038, "time_iVi_500": 14.166670322418213, "time_iVi_750": 28.810105085372925, "time_iVi_1000": 48.63308572769165, "time_Res iVi_20": 0.29106783866882324, "time_Res iVi_35": 0.44930028915405273, "time_Res iVi_50": 0.6317198276519775, "time_Res iVi_65": 0.8456411361694336, "time_Res iVi_80": 1.0930287837982178, "time_Res iVi_100": 1.4544618129730225, "time_Res iVi_200": 3.6757094860076904, "time_Res iVi_350": 8.380714416503906, "time_Res iVi_500": 15.070730447769165, "time_Res iVi_750": 31.06803011894226, "time_Res iVi_1000": 52.360292196273804, "mc_std_iVi_U": 0.00028331185043308676, "mc_std_Res iVi_U": 0.00028446912562154103, "mc_std_iVi_N": 0.0003653659084140134, "mc_std_Res iVi_N": 0.00036681030385283034, "arriavals_p_values_10": {"Population": [0.3390732025727137, 0.07056849821823197], "Ogata": [0.5602189064078487, 0.06386091664347376], "iVi": [2.3360132577012513e-42, 0.19231006765984593], "Res iVi": [0.6645077396691279, 0.04780555515206675]}, "arriavals_p_values_50": {"Population": [0.3390732025727137, 0.07056849821823197], "Ogata": [0.5602189064078487, 0.06386091664347376], "iVi": [0.8343021576842281, 0.05177661260932337], "Res iVi": [0.9274199779159641, 0.04362180884924738]}, "arriavals_p_values_100": {"Population": [0.3390732025727137, 0.07056849821823197], "Ogata": [0.5602189064078487, 0.06386091664347376], "iVi": [0.08701462990346553, 0.09087495958483849], "Res iVi": [0.42353650693616385, 0.10195126955360101]}, "arriavals_p_values_1000": {"Population": [0.3390732025727137, 0.07056849821823197], "Ogata": [0.5602189064078487, 0.06386091664347376], "iVi": [0.8965832997068411, 0.04322730476223602], "Res iVi": [0.6717100719531103, 0.061539727873036854]}}