{"is_log_time": false, "methods_ivi": ["iVi", "Res iVi"], "methods_non_ivi": ["ExpExact", "Ogata"], "n_paths_time_meas": 100000, "n_steps_arr_cf": [20, 35, 50, 65, 80, 100, 200, 350, 500, 750, 1000, 2000], "n_batch_cf": 10, "batch_size_cf": 100000, "n_paths_non_ivi": 10000, "time_ExpExact": 86.36110067367554, "time_Ogata": 125.14854907989502, "n_paths_ivi": 1000000, "mean_N_T": 65.33336952141568, "mc_std_U": 9.494588705786646e-05, "mc_std_N": 0.00013514812011458367, "time_iVi_20": 0.1983644723892212, "errors_ivi": {"U": {"iVi": [0.03420335492460874, 0.019362131840459818, 0.013484461105204626, 0.010325540499258934, 0.008410478624027162, 0.006579212524208844, 0.003176741526485116, 0.0017392306261934665, 0.0012896855483864322, 0.0007240269269508381, 0.0006780753957043029, 0.00023449841967992935], "Res iVi": [0.00015511248292471302, 0.0001596559059480196, 0.00038662768490055344, 0.00028708403425997675, 0.00016942505837336252, 0.00018418189733132584, 0.00015388876380556527, 0.00016232494026408029, 0.00015622768842998846, 1.2769423550718084e-05, 9.17420814541825e-05, 7.253119163785904e-05]}, "N": {"iVi": [0.03785079079179199, 0.02172232132412716, 0.015229212082944477, 0.011694637972457955, 0.009549110517737214, 0.007444003579736624, 0.003579180438053997, 0.001977820411276976, 0.0014677123662653613, 0.0007915072376198373, 0.0007788756489044979, 0.0002711421510941392], "Res iVi": [0.0038309479436531846, 0.00228457577750113, 0.0014441579354636525, 0.001166208998441609, 0.0010853739993465505, 0.0008446404941532815, 0.00039937807639572886, 0.00015149713034118273, 7.968634641697392e-05, 0.00018284969399756656, 4.390527653114207e-05, 6.173858123348364e-06]}}, "time_iVi_35": 0.33168351650238037, "time_iVi_50": 0.45917022228240967, "time_iVi_65": 0.5890331506729126, "time_iVi_80": 0.7101709842681885, "time_iVi_100": 0.8822481155395508, "time_iVi_200": 1.7245444536209107, "time_iVi_350": 2.953684163093567, "time_iVi_500": 4.518616509437561, "time_iVi_750": 6.996101021766663, "time_iVi_1000": 9.6518119096756, "time_iVi_2000": 21.794671297073364, "time_Res iVi_20": 0.20985352993011475, "time_Res iVi_35": 0.34194793701171877, "time_Res iVi_50": 0.47921323776245117, "time_Res iVi_65": 0.6023828506469727, "time_Res iVi_80": 0.743934440612793, "time_Res iVi_100": 0.9428088188171387, "time_Res iVi_200": 1.7780964136123658, "time_Res iVi_350": 3.1088613271713257, "time_Res iVi_500": 4.466509580612183, "time_Res iVi_750": 6.8120982408523565, "time_Res iVi_1000": 9.470822048187257, "time_Res iVi_2000": 21.580660009384157, "mc_std_iVi_U": 9.58349291478178e-05, "mc_std_Res iVi_U": 9.577019464352531e-05, "mc_std_iVi_N": 0.00013665937818331587, "mc_std_Res iVi_N": 0.0001365894922839943}