{"methods_ivi": ["iVi", "Res iVi"], "methods_non_ivi": ["ExpExact", "Ogata"], "n_paths_time_meas": 100000, "n_paths_non_ivi": 10000, "time_ExpExact": 39.15611982345581, "time_Ogata": 110.08736371994019, "mean_N_T": 24.695163078136517, "U_p_values_10": {"ExpExact-Ogata": [0.4784083389368079, 0.0119], "ExpExact-iVi": [4.671278479132142e-164, 0.1935], "ExpExact-Res iVi": [0.06288105634528753, 0.0186]}, "N_p_values_10": {"ExpExact-Ogata": [0.34833322133888034, 0.0132], "ExpExact-iVi": [2.60438893411519e-82, 0.1371], "ExpExact-Res iVi": [0.0005290265350566941, 0.0287]}, "U_p_values_50": {"ExpExact-Ogata": [0.4784083389368079, 0.0119], "ExpExact-iVi": [1.9103682412648477e-07, 0.0402], "ExpExact-Res iVi": [0.03518876957795689, 0.0201]}, "N_p_values_50": {"ExpExact-Ogata": [0.34833322133888034, 0.0132], "ExpExact-iVi": [1.8098173009717144e-06, 0.0373], "ExpExact-Res iVi": [1.7794418993158944e-05, 0.0341]}, "U_p_values_100": {"ExpExact-Ogata": [0.4784083389368079, 0.0119], "ExpExact-iVi": [0.007989835535840706, 0.0235], "ExpExact-Res iVi": [0.42554664596413133, 0.0124]}, "N_p_values_100": {"ExpExact-Ogata": [0.34833322133888034, 0.0132], "ExpExact-iVi": [0.0001111240923452992, 0.0313], "ExpExact-Res iVi": [5.513283443567753e-05, 0.0324]}, "U_p_values_1000": {"ExpExact-Ogata": [0.4784083389368079, 0.0119], "ExpExact-iVi": [0.4784083389368079, 0.0119], "ExpExact-Res iVi": [0.38574770611965037, 0.0128]}, "N_p_values_1000": {"ExpExact-Ogata": [0.34833322133888034, 0.0132], "ExpExact-iVi": [0.0015189232077951196, 0.0268], "ExpExact-Res iVi": [0.0009828645572326894, 0.0276]}, "n_steps_arr_cf": [20, 35, 50, 65, 80, 100, 200, 350, 500, 750, 1000], "n_paths_ivi": 100000, "mc_std_U": 0.0003146245906295393, "mc_std_N": 0.0005232619905779493, "time_iVi_20": 0.34825825691223145, "errors_ivi": {"U": {"iVi": [0.02329925469741778, 0.01281654572230484, 0.00884209021809551, 0.00676473433500302, 0.00611708342261752, 0.00472135609938501, 0.0017144645303024952, 0.0013495833233588272, 0.0006345850896348759, 8.441323408159285e-05, 0.0003053580359608232], "Res iVi": [0.0006494034411663185, 0.0005046846456795984, 0.0004908700279168121, 7.393564273738829e-05, 0.0002027356243616274, 3.36988723212972e-05, 0.0006649504413882568, 1.0986132946921856e-05, 4.2163122352723015e-05, 0.0005674073252833756, 0.00040626296564089115]}, "N": {"iVi": [0.021725380404783445, 0.011816251163747737, 0.007984455219923137, 0.0060161810069598864, 0.006039156127663037, 0.004478691515127309, 0.0013577894750637642, 0.0013165249414932578, 0.0001964968800181599, 9.548426264788246e-05, 0.00027642575037312156], "Res iVi": [0.001515536893175351, 0.0009555184164852792, 0.0007814317047566965, 0.00015304959191575485, 0.0004956040838204889, 0.00016249447746025103, 0.0011699138776051776, 5.210272042538433e-05, 0.00016577117713273415, 0.0007675463165106033, 0.0004579380286147128]}}, "time_iVi_35": 0.5829126834869385, "time_iVi_50": 0.8330965042114258, "time_iVi_65": 0.9754281044006348, "time_iVi_80": 1.296022891998291, "time_iVi_100": 1.5005168914794922, "time_iVi_200": 2.960706949234009, "time_iVi_350": 5.3049328327178955, "time_iVi_500": 7.405571937561035, "time_iVi_750": 11.376142024993896, "time_iVi_1000": 15.54615831375122, "time_Res iVi_20": 0.3615097999572754, "time_Res iVi_35": 0.5335817337036133, "time_Res iVi_50": 0.7076680660247803, "time_Res iVi_65": 0.9195992946624756, "time_Res iVi_80": 1.0803496837615967, "time_Res iVi_100": 1.3843722343444824, "time_Res iVi_200": 2.8839187622070312, "time_Res iVi_350": 4.933836936950684, "time_Res iVi_500": 7.355913162231445, "time_Res iVi_750": 11.032431602478027, "time_Res iVi_1000": 15.23875904083252, "mc_std_iVi_U": 0.00031543830148611805, "mc_std_Res iVi_U": 0.0003151084427626943, "mc_std_iVi_N": 0.0005251952323039282, "mc_std_Res iVi_N": 0.0005243649566095105}