{"methods_ivi": ["iVi", "Res iVi"], "methods_non_ivi": ["Population", "Ogata"], "n_paths_time_meas": 100000, "n_paths_non_ivi": 10000, "time_Population": 129.98514890670776, "time_Ogata": 243.69346618652344, "mean_N_T": 30.3347250828278, "U_p_values_10": {"Population-Ogata": [0.8127749152563353, 0.009], "Population-iVi": [6.131908069490708e-129, 0.1716], "Population-Res iVi": [0.03379876165411855, 0.0202]}, "N_p_values_10": {"Population-Ogata": [0.2809396165446236, 0.014], "Population-iVi": [1.8359600584097988e-20, 0.0679], "Population-Res iVi": [4.2277665801074036e-07, 0.0392]}, "U_p_values_50": {"Population-Ogata": [0.8127749152563353, 0.009], "Population-iVi": [0.0003960229461626993, 0.0292], "Population-Res iVi": [0.1982547232209886, 0.0152]}, "N_p_values_50": {"Population-Ogata": [0.2809396165446236, 0.014], "Population-iVi": [1.8571648103721397e-08, 0.043], "Population-Res iVi": [4.5686086530626135e-09, 0.0446]}, "U_p_values_100": {"Population-Ogata": [0.8127749152563353, 0.009], "Population-iVi": [0.05012122567386552, 0.0192], "Population-Res iVi": [0.6637453476707832, 0.0103]}, "N_p_values_100": {"Population-Ogata": [0.2809396165446236, 0.014], "Population-iVi": [3.996326012053762e-08, 0.0421], "Population-Res iVi": [1.7038699295620148e-08, 0.0431]}, "U_p_values_1000": {"Population-Ogata": [0.8127749152563353, 0.009], "Population-iVi": [0.23009750585879926, 0.0147], "Population-Res iVi": [0.186515593263376, 0.0154]}, "N_p_values_1000": {"Population-Ogata": [0.2809396165446236, 0.014], "Population-iVi": [1.8571648103721397e-08, 0.043], "Population-Res iVi": [9.73283756164034e-10, 0.0463]}, "n_steps_arr_cf": [20, 35, 50, 65, 80, 100, 200, 350, 500, 750, 1000], "n_paths_ivi": 1000000, "mc_std_U": 1.5150120692628875e-05, "mc_std_N": 7.995414705030692e-05, "time_iVi_20": 0.22033095359802246, "errors_ivi": {"U": {"iVi": [0.0032855410563331633, 0.0018829600228590926, 0.0013469021231522493, 0.001022679862454412, 0.0008462404206042717, 0.0006817599508234795, 0.0003386561233061913, 0.00019497706333615472, 0.00014502580107600416, 5.727971718894054e-05, 6.956213452935511e-05], "Res iVi": [1.4294686196514306e-05, 2.6917586954167128e-05, 7.76071502839315e-06, 1.8041585732209153e-05, 4.55073908978143e-06, 6.205347798549088e-06, 3.6201364313481754e-06, 3.829487330075931e-06, 1.9937848187434604e-06, 3.520133454021357e-05, 6.5317788989216474e-06]}, "N": {"iVi": [0.003317825172931277, 0.0017639053238032165, 0.001388217568521699, 0.000980524665374738, 0.0008514515896482777, 0.0007485116564774352, 0.00037377708559660494, 0.00022222442840513779, 0.0002129055839921734, 4.23342359519574e-05, 9.058117419585843e-05], "Res iVi": [9.892272314482309e-05, 0.00021003359339244465, 5.962633866651856e-07, 0.00010513322517080592, 2.6735099030728016e-06, 1.702783634793814e-05, 3.195374802644757e-06, 4.573142918196105e-05, 5.193748267651177e-05, 0.0001278617452747377, 2.6321118035521618e-05]}}, "time_iVi_35": 0.3983856916427613, "time_iVi_50": 0.5879559516906738, "time_iVi_65": 0.8239536285400391, "time_iVi_80": 1.0024393796920776, "time_iVi_100": 1.335630488395691, "time_iVi_200": 3.36855731010437, "time_iVi_350": 7.81244080066681, "time_iVi_500": 13.86326768398285, "time_iVi_750": 27.955879545211793, "time_iVi_1000": 47.00902099609375, "time_Res iVi_20": 0.22774403095245363, "time_Res iVi_35": 0.4123266696929932, "time_Res iVi_50": 0.6052478551864624, "time_Res iVi_65": 0.7921181917190552, "time_Res iVi_80": 1.0117003679275514, "time_Res iVi_100": 1.3516151189804078, "time_Res iVi_200": 3.431647920608521, "time_Res iVi_350": 8.011535382270813, "time_Res iVi_500": 14.199718832969666, "time_Res iVi_750": 28.73302595615387, "time_Res iVi_1000": 48.076221966743475, "mc_std_iVi_U": 1.5209143155808015e-05, "mc_std_Res iVi_U": 1.528040816112151e-05, "mc_std_iVi_N": 8.112013221013697e-05, "mc_std_Res iVi_N": 8.127979451773962e-05}