{"methods_ivi": ["iVi", "Res iVi"], "methods_non_ivi": ["Population", "Ogata"], "n_paths_time_meas": 1000000, "n_paths_non_ivi": 10000, "time_Population": 168.0633306503296, "time_Ogata": 573.7611293792725, "mean_N_T": 7.37231604438123, "U_p_values_10": {"Population-Ogata": [0.11890214798175557, 0.0168], "Population-iVi": [8.300515761340325e-06, 0.0352], "Population-Res iVi": [0.02141057602373857, 0.0213]}, "N_p_values_10": {"Population-Ogata": [0.031162582913927636, 0.0204], "Population-iVi": [4.347151708936561e-08, 0.042], "Population-Res iVi": [6.744222195597755e-07, 0.0386]}, "U_p_values_50": {"Population-Ogata": [0.11890214798175557, 0.0168], "Population-iVi": [0.05012122567386552, 0.0192], "Population-Res iVi": [0.4568717692969701, 0.0121]}, "N_p_values_50": {"Population-Ogata": [0.031162582913927636, 0.0204], "Population-iVi": [1.0825430653223063e-07, 0.0409], "Population-Res iVi": [9.270472922739023e-09, 0.0438]}, "U_p_values_100": {"Population-Ogata": [0.11890214798175557, 0.0168], "Population-iVi": [0.175326677835407, 0.0156], "Population-Res iVi": [0.05619041963691477, 0.0189]}, "N_p_values_100": {"Population-Ogata": [0.031162582913927636, 0.0204], "Population-iVi": [2.773254541722611e-13, 0.0544], "Population-Res iVi": [9.077596061626571e-13, 0.0533]}, "U_p_values_1000": {"Population-Ogata": [0.11890214798175557, 0.0168], "Population-iVi": [0.14966522632015317, 0.0161], "Population-Res iVi": [0.19231550503923178, 0.0153]}, "N_p_values_1000": {"Population-Ogata": [0.031162582913927636, 0.0204], "Population-iVi": [5.128014906231592e-16, 0.0599], "Population-Res iVi": [5.128014906231592e-16, 0.0599]}, "n_steps_arr_cf": [20, 35, 50, 65, 80, 100, 200, 350, 500, 750, 1000], "n_paths_ivi": 1000000, "mc_std_U": 6.660194025393524e-05, "mc_std_N": 0.00019296289050698548, "time_iVi_20": 2.2323954105377197, "errors_ivi": {"U": {"iVi": [0.005731977632759289, 0.00398304808815253, 0.0029953126556733767, 0.002490053749577892, 0.0018790345178697487, 0.0015692752888126216, 0.0008852272473038325, 0.0005163087077146855, 0.00030795843501246756, 0.00025215735220912583, 0.0001076657591845831], "Res iVi": [0.000481392834691341, 0.00023547618491603917, 0.00019890238228142954, 6.970781212778387e-05, 0.0001526484759066249, 0.00015177274830330267, 3.224861396905476e-05, 2.1781120732478065e-05, 4.5491293054755744e-05, 2.9685136260060307e-05, 6.54870173583677e-05]}, "N": {"iVi": [0.007886248644405514, 0.004548885096441357, 0.003198875616050534, 0.0025611559600864364, 0.0016955341440516025, 0.0014376125816119023, 0.0007560526156185077, 0.000623070266056458, 0.0003419066040347696, 0.00023292411323749818, 0.00010187446229270591], "Res iVi": [0.0012152099939828354, 0.0005474606834935947, 0.00046465942054324527, 0.0002624581747839305, 0.0004091783512515379, 0.000389922434534562, 1.4423464496593486e-05, 4.7937027790823095e-05, 3.523230605778638e-05, 4.951669343555842e-05, 8.850220068329362e-05]}}, "time_iVi_35": 3.871941089630127, "time_iVi_50": 5.769199848175049, "time_iVi_65": 7.4726645946502686, "time_iVi_80": 9.3912193775177, "time_iVi_100": 12.717937231063843, "time_iVi_200": 32.827967405319214, "time_iVi_350": 77.26265168190002, "time_iVi_500": 138.99255681037903, "time_iVi_750": 279.14153814315796, "time_iVi_1000": 468.6307461261749, "time_Res iVi_20": 2.0743160247802734, "time_Res iVi_35": 3.5809152126312256, "time_Res iVi_50": 5.470421552658081, "time_Res iVi_65": 7.422111511230469, "time_Res iVi_80": 9.588080883026123, "time_Res iVi_100": 12.973831415176392, "time_Res iVi_200": 33.99232816696167, "time_Res iVi_350": 81.6912567615509, "time_Res iVi_500": 147.16674137115479, "time_Res iVi_750": 305.4833137989044, "time_Res iVi_1000": 497.812219619751, "arriavals_p_values_10": {"Population": [0.749482062940083, 0.20992758678526224], "Ogata": [0.9674960952046471, 0.1692634830895875], "iVi": [0.2504876394938792, 0.2924001816678222], "Res iVi": [0.4869972665987089, 0.29493266105794624]}, "arriavals_p_values_50": {"Population": [0.749482062940083, 0.20992758678526224], "Ogata": [0.9674960952046471, 0.1692634830895875], "iVi": [0.44763203214397873, 0.24597168169788597], "Res iVi": [0.4887765725432366, 0.276863152299766]}, "arriavals_p_values_100": {"Population": [0.749482062940083, 0.20992758678526224], "Ogata": [0.9674960952046471, 0.1692634830895875], "iVi": [0.5924117858970321, 0.22929003569260098], "Res iVi": [0.45357932041502835, 0.2447966781639095]}, "arriavals_p_values_1000": {"Population": [0.749482062940083, 0.20992758678526224], "Ogata": [0.9674960952046471, 0.1692634830895875], "iVi": [0.9916819016878228, 0.13823593293352365], "Res iVi": [0.7250773546467704, 0.18782184744263808]}}