{"time_Population_10000": 83.45988535881042, "time_Ogata_10000": 35.785380601882935, "mean_N_T": 70.8057694246398, "U_p_values_10": {"Population-Ogata": [0.1646735174066772, 0.0158], "Population-iVi": [3.4315766593075114e-82, 0.137], "Population-Res iVi": [8.135020942100927e-102, 0.1525]}, "N_p_values_10": {"Population-Ogata": [0.15954315749968195, 0.0159], "Population-iVi": [0.0, 0.4562], "Population-Res iVi": [3.497377381718644e-39, 0.0944]}, "U_p_values_50": {"Population-Ogata": [0.1646735174066772, 0.0158], "Population-iVi": [1.0825430653223063e-07, 0.0409], "Population-Res iVi": [9.965303058483196e-18, 0.0631]}, "N_p_values_50": {"Population-Ogata": [0.15954315749968195, 0.0159], "Population-iVi": [1.2675281251956457e-60, 0.1176], "Population-Res iVi": [2.4066028877898343e-14, 0.0566]}, "U_p_values_100": {"Population-Ogata": [0.1646735174066772, 0.0158], "Population-iVi": [0.018026945146397706, 0.0217], "Population-Res iVi": [1.261979810687848e-05, 0.0346]}, "N_p_values_100": {"Population-Ogata": [0.15954315749968195, 0.0159], "Population-iVi": [1.664474098626641e-11, 0.0505], "Population-Res iVi": [0.00044492209659532624, 0.029]}, "U_p_values_1000": {"Population-Ogata": [0.1646735174066772, 0.0158], "Population-iVi": [0.07832207989955421, 0.018], "Population-Res iVi": [0.8020826659808376, 0.0091]}, "N_p_values_1000": {"Population-Ogata": [0.15954315749968195, 0.0159], "Population-iVi": [0.03662861114079258, 0.02], "Population-Res iVi": [0.3667356837968788, 0.013]}, "time_iVi_20": 4.246679782867432, "errors_ivi": {"U": {"iVi": [0.04703389168802685, 0.03233953459367034, 0.02428537527322655, 0.01930110296715104, 0.015806033174014633, 0.01311794325127369, 0.006256271575319772, 0.0035591878743269634, 0.002132244064981137, 0.0014132192504024976, 0.0016586220713991073], "Res iVi": [0.04838542154235842, 0.037781775363931125, 0.03006578064096438, 0.025223602304248693, 0.020860863152025066, 0.01726102041379657, 0.00943014819524729, 0.005278949696878477, 0.0040118857113390916, 0.002436137445339215, 0.001866726613732883]}, "N": {"iVi": [0.2041508764595868, 0.12523223988486054, 0.08871263741858343, 0.06835606342448586, 0.05535127448635818, 0.04453940276458601, 0.021623528264002045, 0.012285781800408957, 0.008211080919489744, 0.0054600306939394105, 0.004744054252088348], "Res iVi": [0.047119736668939205, 0.03807121487590409, 0.03056733653849497, 0.025730107611376063, 0.021228736176619245, 0.017597977752757843, 0.009685703465952988, 0.005447658594592175, 0.004069836668507909, 0.0024822545139153718, 0.0019302509321819095]}}, "time_iVi_35": 6.498404502868652, "time_iVi_50": 8.791624069213867, "time_iVi_65": 11.460325241088867, "time_iVi_80": 14.999961853027344, "time_iVi_100": 19.49018669128418, "time_iVi_200": 45.94598937034607, "time_iVi_350": 99.7745954990387, "time_iVi_500": 171.72876715660095, "time_iVi_750": 330.15426301956177, "time_iVi_1000": 546.1091508865356, "time_Res iVi_20": 3.963482141494751, "time_Res iVi_35": 6.417685508728027, "time_Res iVi_50": 10.08341646194458, "time_Res iVi_65": 12.577311038970947, "time_Res iVi_80": 16.117406606674194, "time_Res iVi_100": 20.191282749176025, "time_Res iVi_200": 46.620665550231934, "time_Res iVi_350": 101.06492233276367, "time_Res iVi_500": 172.10375452041626, "time_Res iVi_750": 334.3547914028168, "time_Res iVi_1000": 543.5986223220825, "arriavals_p_values_10": {"Population": [0.7674392999956008, 0.0840276014685993], "Ogata": [0.27165521037928464, 0.2996772088821138], "iVi": [0.5425568462313801, 0.08977859572120939], "Res iVi": [0.29687357827395466, 0.09322506731024144]}, "arriavals_p_values_50": {"Population": [0.7674392999956008, 0.0840276014685993], "Ogata": [0.27165521037928464, 0.2996772088821138], "iVi": [0.6852921165135801, 0.05505837997885854], "Res iVi": [0.5681836527945501, 0.09718206183335076]}, "arriavals_p_values_100": {"Population": [0.7674392999956008, 0.0840276014685993], "Ogata": [0.27165521037928464, 0.2996772088821138], "iVi": [0.9537397116997024, 0.0534217721186423], "Res iVi": [0.7088812610698354, 0.1661782856919064]}, "arriavals_p_values_1000": {"Population": [0.7674392999956008, 0.0840276014685993], "Ogata": [0.27165521037928464, 0.2996772088821138], "iVi": [0.8653648198601265, 0.03824646656907382], "Res iVi": [0.02421628667675113, 0.3297944313359587]}}