{"methods_ivi": ["iVi", "Res iVi"], "methods_non_ivi": ["ExpExact", "Ogata"], "n_paths_time_meas": 100000, "n_paths_non_ivi": 10000, "time_ExpExact": 34.902000427246094, "time_Ogata": 53.31944465637207, "mean_N_T": 24.695163078136517, "U_p_values_10": {"ExpExact-Ogata": [0.4784083389368079, 0.0119], "ExpExact-iVi": [0.0, 0.376], "ExpExact-Res iVi": [8.870610839579886e-10, 0.0464]}, "N_p_values_10": {"ExpExact-Ogata": [0.34833322133888034, 0.0132], "ExpExact-iVi": [7.573923730106769e-110, 0.1584], "ExpExact-Res iVi": [1.5518585074250996e-05, 0.0343]}, "U_p_values_50": {"ExpExact-Ogata": [0.4784083389368079, 0.0119], "ExpExact-iVi": [5.088710163676831e-29, 0.0811], "ExpExact-Res iVi": [0.44629561636001003, 0.0122]}, "N_p_values_50": {"ExpExact-Ogata": [0.34833322133888034, 0.0132], "ExpExact-iVi": [8.461038353152023e-08, 0.0412], "ExpExact-Res iVi": [0.000929977128997009, 0.0277]}, "U_p_values_100": {"ExpExact-Ogata": [0.4784083389368079, 0.0119], "ExpExact-iVi": [1.7038699295620148e-08, 0.0431], "ExpExact-Res iVi": [0.898195296299018, 0.0081]}, "N_p_values_100": {"ExpExact-Ogata": [0.34833322133888034, 0.0132], "ExpExact-iVi": [0.0002949782724904383, 0.0297], "ExpExact-Res iVi": [0.010081483182653565, 0.023]}, "U_p_values_1000": {"ExpExact-Ogata": [0.4784083389368079, 0.0119], "ExpExact-iVi": [0.99234141585149, 0.0061], "ExpExact-Res iVi": [0.39547859404270563, 0.0127]}, "N_p_values_1000": {"ExpExact-Ogata": [0.34833322133888034, 0.0132], "ExpExact-iVi": [0.025348024964927197, 0.0209], "ExpExact-Res iVi": [0.012657224426456587, 0.0225]}, "n_steps_arr_cf": [20, 35, 50, 65, 80, 100, 200, 350, 500, 750, 1000], "n_paths_ivi": 100000, "mc_std_U": 0.0003146245906295393, "mc_std_N": 0.0005232619905779493, "time_iVi_20": 0.40906739234924316, "errors_ivi": {"U": {"iVi": [0.04025212592760963, 0.023035788270441226, 0.016132256064232353, 0.012551550820971591, 0.009757174260292656, 0.007859921450908913, 0.004463719050763093, 0.0021135575384169103, 0.0015073256047162253, 0.001604905682729807, 0.0009711971597975988], "Res iVi": [0.0021076798449973233, 0.0012131971130519004, 0.0007585422318993063, 0.0008991588141613049, 0.0006099784701980027, 0.0006207245804001338, 0.0003199508351908187, 0.00018271667238167755, 0.00017727542227252702, 0.00047507285857728565, 0.0003374095381560305]}, "N": {"iVi": [0.03148157789361389, 0.018739479481970134, 0.01317585537362359, 0.010024894248518823, 0.008716834903270021, 0.006763921857777411, 0.002604077004839167, 0.002247576882338398, 0.0015712028492688157, 8.884361400118834e-05, 0.0004721717913164225], "Res iVi": [0.0031960646999478204, 0.002019988123862171, 0.0013897955374218562, 0.0015552874477963718, 0.0009178490145121954, 0.0009872466565445381, 0.0005750473655650179, 0.00028946882242569805, 0.0004037619716898422, 0.0006073340453024434, 0.0003376103563426103]}}, "time_iVi_35": 0.6385817527770996, "time_iVi_50": 0.8083910942077637, "time_iVi_65": 1.092512845993042, "time_iVi_80": 1.2573535442352295, "time_iVi_100": 1.543520450592041, "time_iVi_200": 3.1200292110443115, "time_iVi_350": 5.7775115966796875, "time_iVi_500": 8.270293474197388, "time_iVi_750": 11.482846021652222, "time_iVi_1000": 16.288028240203857, "time_Res iVi_20": 0.395782470703125, "time_Res iVi_35": 0.3043997287750244, "time_Res iVi_50": 0.4261319637298584, "time_Res iVi_65": 0.5319716930389404, "time_Res iVi_80": 0.6591720581054688, "time_Res iVi_100": 0.9928634166717529, "time_Res iVi_200": 1.736208438873291, "time_Res iVi_350": 3.2783288955688477, "time_Res iVi_500": 4.31644868850708, "time_Res iVi_750": 7.007220268249512, "time_Res iVi_1000": 9.404383420944214, "mc_std_iVi_U": 0.0003142651818302813, "mc_std_Res iVi_U": 0.0003143579866527699, "mc_std_iVi_N": 0.0005242700403176302, "mc_std_Res iVi_N": 0.0005234493242963396}