{"methods_ivi": ["iVi", "Res iVi"], "methods_non_ivi": ["Population", "Ogata"], "n_paths_time_meas": 100000, "n_paths_non_ivi": 10000, "time_Population": 1726.2184572219849, "time_Ogata": 701.796305179596, "mean_N_T": 209.76951781806642, "U_p_values_10": {"Population-Ogata": [0.9968729274259033, 0.0057], "Population-iVi": [0.0, 0.5596], "Population-Res iVi": [0.0, 0.7439]}, "N_p_values_10": {"Population-Ogata": [0.9968729274259033, 0.0057], "Population-iVi": [0.0, 0.7542], "Population-Res iVi": [0.0, 0.794]}, "U_p_values_50": {"Population-Ogata": [0.9968729274259033, 0.0057], "Population-iVi": [1.3502658545533624e-36, 0.0912], "Population-Res iVi": [9.915897945105362e-133, 0.1741]}, "N_p_values_50": {"Population-Ogata": [0.9968729274259033, 0.0057], "Population-iVi": [4.201040721508505e-71, 0.1274], "Population-Res iVi": [5.2274051049248315e-143, 0.1807]}, "U_p_values_100": {"Population-Ogata": [0.9968729274259033, 0.0057], "Population-iVi": [1.3303155446549223e-10, 0.0484], "Population-Res iVi": [9.733848364570182e-29, 0.0807]}, "N_p_values_100": {"Population-Ogata": [0.9968729274259033, 0.0057], "Population-iVi": [4.0945587758030704e-18, 0.0638], "Population-Res iVi": [1.1683879259267872e-32, 0.0861]}, "U_p_values_1000": {"Population-Ogata": [0.9968729274259033, 0.0057], "Population-iVi": [0.4893600375017084, 0.0118], "Population-Res iVi": [0.7801603722233774, 0.0093]}, "N_p_values_1000": {"Population-Ogata": [0.9968729274259033, 0.0057], "Population-iVi": [0.08118453676750115, 0.0179], "Population-Res iVi": [0.3393633805365633, 0.0133]}, "n_steps_arr_cf": [20, 35, 50, 65, 80, 100, 200, 350, 500, 750, 1000], "n_paths_ivi": 100000, "mc_std_U": 0.0002505352863112642, "mc_std_N": 0.0003249243515892733, "time_iVi_20": 0.2984035015106201, "errors_ivi": {"U": {"iVi": [0.047763510780592267, 0.025422623829287783, 0.017311332173603644, 0.013040678409747042, 0.0102358902734625, 0.008379342317516192, 0.00394586596292712, 0.0021417488820283936, 0.0018984081618500515, 0.0010155663916928681, 0.0006934919978103249], "Res iVi": [0.0791824870031434, 0.04550175483642166, 0.032145681199016785, 0.02450898104758975, 0.020419149603625064, 0.016023315641833458, 0.007987102307129679, 0.004414221060797918, 0.003262948650544162, 0.0023024907198326283, 0.0012295150936944554]}, "N": {"iVi": [0.11575473941861913, 0.05221321683194946, 0.033389224784888316, 0.024250204920539642, 0.018753269521729843, 0.015052888740494319, 0.006905504465226142, 0.00374378157540578, 0.0030666571374773355, 0.0017071311070879225, 0.0011818250493844662], "Res iVi": [0.13161384805666415, 0.06879933822231071, 0.0468639150441183, 0.03489400692381617, 0.028718891197926866, 0.02234866286996473, 0.010867116804276988, 0.005930542787083493, 0.004366178846866908, 0.0030686418450063258, 0.0016772305942364674]}}, "time_iVi_35": 0.4922218322753906, "time_iVi_50": 0.6284968852996826, "time_iVi_65": 0.8168916702270508, "time_iVi_80": 1.0207409858703613, "time_iVi_100": 1.272496223449707, "time_iVi_200": 2.5946834087371826, "time_iVi_350": 4.403292655944824, "time_iVi_500": 6.3841392993927, "time_iVi_750": 9.360214233398438, "time_iVi_1000": 12.762181997299194, "time_Res iVi_20": 0.42447614669799805, "time_Res iVi_35": 0.5075085163116455, "time_Res iVi_50": 0.6917335987091064, "time_Res iVi_65": 0.8646609783172607, "time_Res iVi_80": 1.0532314777374268, "time_Res iVi_100": 1.3193202018737793, "time_Res iVi_200": 2.676718235015869, "time_Res iVi_350": 4.69756007194519, "time_Res iVi_500": 6.223660707473755, "time_Res iVi_750": 9.94135308265686, "time_Res iVi_1000": 12.955125570297241, "mc_std_iVi_U": 0.0002485889633289291, "mc_std_Res iVi_U": 0.0002495502268334054, "mc_std_iVi_N": 0.00032463885958660115, "mc_std_Res iVi_N": 0.00032625840298970417}