{"time_Population_10000": 560.3381624221802, "time_Ogata_10000": 1892.0797009468079, "mean_N_T": 1095.7390051186712, "U_p_values_10": {"Population-Ogata": [0.9578278872766892, 0.0072], "Population-iVi": [0.0, 0.7186], "Population-Res iVi": [2.227034447735828e-111, 0.1595]}, "N_p_values_10": {"Population-Ogata": [0.9212790168134688, 0.0078], "Population-iVi": [0.0, 0.943], "Population-Res iVi": [2.5126677830050742e-108, 0.1573]}, "U_p_values_50": {"Population-Ogata": [0.9578278872766892, 0.0072], "Population-iVi": [2.018090367843662e-24, 0.0743], "Population-Res iVi": [1.3592680509184789e-11, 0.0507]}, "N_p_values_50": {"Population-Ogata": [0.9212790168134688, 0.0078], "Population-iVi": [1e-323, 0.3294], "Population-Res iVi": [6.089826866522633e-11, 0.0492]}, "U_p_values_100": {"Population-Ogata": [0.9578278872766892, 0.0072], "Population-iVi": [2.7806186723432776e-27, 0.0786], "Population-Res iVi": [4.24728924053937e-05, 0.0328]}, "N_p_values_100": {"Population-Ogata": [0.9212790168134688, 0.0078], "Population-iVi": [8.290871607551258e-172, 0.198], "Population-Res iVi": [8.104937718383805e-05, 0.0318]}, "U_p_values_1000": {"Population-Ogata": [0.9578278872766892, 0.0072], "Population-iVi": [1.9518840091914736e-16, 0.0607], "Population-Res iVi": [0.2509732672225685, 0.0144]}, "N_p_values_1000": {"Population-Ogata": [0.9212790168134688, 0.0078], "Population-iVi": [1.4376338548973336e-13, 0.055], "Population-Res iVi": [0.3393633805365633, 0.0133]}, "time_iVi_20": 2.3530359268188477, "time_iVi_35": 4.408289909362793, "time_iVi_50": 6.546566724777222, "time_iVi_65": 9.199682235717773, "time_iVi_80": 11.86996841430664, "time_iVi_100": 15.759066581726074, "time_iVi_200": 41.28147888183594, "time_iVi_350": 98.51090621948242, "time_iVi_500": 188.59597277641296, "time_iVi_750": 421.4407799243927, "time_iVi_1000": 648.0590035915375, "time_Res iVi_20": 2.5576987266540527, "time_Res iVi_35": 4.664124488830566, "time_Res iVi_50": 7.10573410987854, "time_Res iVi_65": 9.258246898651123, "time_Res iVi_80": 12.147568464279175, "time_Res iVi_100": 15.585457801818848, "time_Res iVi_200": 38.04789066314697, "time_Res iVi_350": 84.78204250335693, "time_Res iVi_500": 149.37003111839294, "time_Res iVi_750": 297.41449666023254, "time_Res iVi_1000": 490.73563289642334, "arriavals_p_values_10": {"Population": [0.4135423402584305, 0.034704467930228966], "Ogata": [3.6662121523092454e-05, 0.2543052331926345], "iVi": [7.461095325275364e-190, 0.08845339921187156], "Res iVi": [0.06893728745863381, 0.058154758040666665]}, "arriavals_p_values_50": {"Population": [0.4135423402584305, 0.034704467930228966], "Ogata": [3.6662121523092454e-05, 0.2543052331926345], "iVi": [0.0019281209954330658, 0.04544980633001358], "Res iVi": [0.1570302223526302, 0.029543441316489186]}, "arriavals_p_values_100": {"Population": [0.4135423402584305, 0.034704467930228966], "Ogata": [3.6662121523092454e-05, 0.2543052331926345], "iVi": [0.3406785526721974, 0.05068282231598831], "Res iVi": [0.008915366409064844, 0.055039841089443986]}, "arriavals_p_values_1000": {"Population": [0.4135423402584305, 0.034704467930228966], "Ogata": [3.6662121523092454e-05, 0.2543052331926345], "iVi": [0.005122744418155667, 0.0792001793776331], "Res iVi": [0.19782417910086858, 0.03279343355366862]}}