{"time_Population_10000": 15.149087190628052, "time_Ogata_10000": 35.09295606613159, "mean_N_T": 40.67184139428558, "U_p_values_10": {"Population-Ogata": [0.10378951258539135, 0.0172], "Population-iVi": [5.174888247936967e-44, 0.1001], "Population-Res iVi": [0.127110543245193, 0.0166]}, "N_p_values_10": {"Population-Ogata": [0.24386411273382524, 0.0145], "Population-iVi": [1.1214844585438845e-187, 0.2069], "Population-Res iVi": [0.07832207989955421, 0.018]}, "U_p_values_50": {"Population-Ogata": [0.10378951258539135, 0.0172], "Population-iVi": [8.163029979441378e-12, 0.0512], "Population-Res iVi": [0.27321683386131995, 0.0141]}, "N_p_values_50": {"Population-Ogata": [0.24386411273382524, 0.0145], "Population-iVi": [2.261927602555562e-06, 0.037], "Population-Res iVi": [0.018824742428484434, 0.0216]}, "U_p_values_100": {"Population-Ogata": [0.10378951258539135, 0.0172], "Population-iVi": [0.0029982320081052387, 0.0255], "Population-Res iVi": [0.127110543245193, 0.0166]}, "N_p_values_100": {"Population-Ogata": [0.24386411273382524, 0.0145], "Population-iVi": [0.005721457465925187, 0.0242], "Population-Res iVi": [0.018824742428484434, 0.0216]}, "U_p_values_1000": {"Population-Ogata": [0.10378951258539135, 0.0172], "Population-iVi": [0.6398931694241892, 0.0105], "Population-Res iVi": [0.14966522632015317, 0.0161]}, "N_p_values_1000": {"Population-Ogata": [0.24386411273382524, 0.0145], "Population-iVi": [0.05834923238904962, 0.0188], "Population-Res iVi": [0.009191586965088977, 0.0232]}, "time_iVi_20": 2.283115863800049, "errors_ivi": {"U": {"iVi": [0.02499817758367129, 0.016119861630816135, 0.011577688993616164, 0.008854239305806921, 0.007351058550237266, 0.005795253850829296, 0.0027700531681558727, 0.0015151249100638364, 0.0009536109650578051, 0.0007959929513210451, 0.0005687486522283902], "Res iVi": [0.0008749011081435887, 0.0006127249562455361, 0.00049923579181127, 0.00043019358955759257, 0.0003261668005696272, 0.00022198071308943135, 0.00016458583054551612, 0.00024294250358586345, 7.060451406526447e-06, 0.00020651666839138771, 5.6767774927690695e-05]}, "N": {"iVi": [0.029824692311832934, 0.016169554557725563, 0.011234958055356792, 0.008457174855145633, 0.007123450637682438, 0.0055227275125948605, 0.0025555768217683794, 0.001476322615222292, 0.0008276045938179766, 0.0008147968373532488, 0.000591251068030485], "Res iVi": [0.00139953027564782, 0.000956933106337321, 0.0007429476048279038, 0.0006576331042048023, 0.00047377102115786496, 0.00031760960593057996, 0.00019946226277811618, 0.00033315477980622177, 6.251852911653977e-05, 0.00028270651665884827, 9.29859117455023e-05]}}, "time_iVi_35": 4.063338994979858, "time_iVi_50": 6.1611340045928955, "time_iVi_65": 8.212971210479736, "time_iVi_80": 10.265976667404175, "time_iVi_100": 13.774800300598145, "time_iVi_200": 36.00300669670105, "time_iVi_350": 80.20913863182068, "time_iVi_500": 147.00192165374756, "time_iVi_750": 311.9262297153473, "time_iVi_1000": 513.5186426639557, "time_Res iVi_20": 2.8892593383789062, "time_Res iVi_35": 5.080982685089111, "time_Res iVi_50": 7.489912271499634, "time_Res iVi_65": 10.305030345916748, "time_Res iVi_80": 13.084847688674927, "time_Res iVi_100": 16.79161238670349, "time_Res iVi_200": 42.05311679840088, "time_Res iVi_350": 96.10241937637329, "time_Res iVi_500": 166.86194324493408, "time_Res iVi_750": 299.8116970062256, "time_Res iVi_1000": 534.7830021381378, "arriavals_p_values_10": {"Population": [0.7933564704063664, 0.09653367214906164], "Ogata": [0.153125262695455, 0.19213783119477934], "iVi": [0.508885115474613, 0.10181695576553551], "Res iVi": [0.35005387117526787, 0.14510971468698125]}, "arriavals_p_values_50": {"Population": [0.7933564704063664, 0.09653367214906164], "Ogata": [0.153125262695455, 0.19213783119477934], "iVi": [0.3974207681647066, 0.130094436310154], "Res iVi": [0.5259185880103456, 0.1345302767786149]}, "arriavals_p_values_100": {"Population": [0.7933564704063664, 0.09653367214906164], "Ogata": [0.153125262695455, 0.19213783119477934], "iVi": [0.44975562718619455, 0.09656912626693814], "Res iVi": [0.8770342352385803, 0.08850084259342939]}, "arriavals_p_values_1000": {"Population": [0.7933564704063664, 0.09653367214906164], "Ogata": [0.153125262695455, 0.19213783119477934], "iVi": [0.5915388233371164, 0.1114921374594523], "Res iVi": [0.2757925409144537, 0.18214463405016504]}}