{"is_log_time": false, "methods_ivi": ["iVi"], "methods_non_ivi": ["Population", "Ogata"], "n_paths_time_meas": 100000, "n_steps_arr_cf": [20, 35, 50, 65, 80, 100, 200, 350, 500, 750, 1000], "n_batch_cf": 10, "batch_size_cf": 100000, "n_paths_non_ivi": 10000, "time_Population": 53.86929512023926, "time_Ogata": 74.0984320640564, "n_paths_ivi": 1000000, "mean_N_T": 7.37231604438123, "mc_std_U": 6.660194025393524e-05, "mc_std_N": 0.00019296289050698548, "time_iVi_20": 0.20244200229644777, "errors_ivi": {"U": {"iVi": [0.008873803672872438, 0.005052617899854284, 0.0035285294802030465, 0.0028085479535045477, 0.0020903990443779663, 0.0017052669178700963, 0.0009195781085870047, 0.0005275824908846372, 0.0003134916175564495, 0.0002546194332592733, 0.00010905171697139782]}, "N": {"iVi": [0.007886248644405514, 0.004548885096441357, 0.0031988756160504783, 0.0025611559600864364, 0.0016955341440516025, 0.0014376125816119023, 0.0007560526156185077, 0.000623070266056569, 0.0003419066040347696, 0.00023292411323744266, 0.00010187446229276143]}}, "time_iVi_35": 0.35984055995941167, "time_iVi_50": 0.5291141271591187, "time_iVi_65": 0.7188987255096436, "time_iVi_80": 0.9242469310760498, "time_iVi_100": 1.2346202850341799, "time_iVi_200": 3.2199560165405274, "time_iVi_350": 7.607784008979798, "time_iVi_500": 13.81038866043091, "time_iVi_750": 28.32793107032776, "time_iVi_1000": 47.76508641242981, "mc_std_iVi_U": 6.621299862651583e-05, "mc_std_iVi_N": 0.00019201705603556622, "U_p_values_100": null, "N_p_values_100": null}