{"is_log_time": false, "methods_ivi": ["iVi"], "methods_non_ivi": ["Population", "Ogata"], "n_paths_time_meas": 100000, "n_steps_arr_cf": [20, 35, 50, 65, 80, 100, 200, 350, 500, 750, 1000], "n_batch_cf": 10, "batch_size_cf": 100000, "n_paths_non_ivi": 10000, "time_Population": 56.40769004821777, "time_Ogata": 81.52815818786621, "n_paths_ivi": 1000000, "mean_N_T": 7.37231604438123, "mc_std_U": 6.660194025393524e-05, "mc_std_N": 0.00019296289050698548, "time_iVi_20": 0.22092065811157227, "errors_ivi": {"U": {"iVi": [0.008873803672872438]}, "N": {"iVi": [0.007886248644405514]}}, "U_p_values_100": null, "N_p_values_100": null}