{"time_Population_10000": 202.42334866523743, "time_Ogata_10000": 392.62350845336914, "mean_N_T": 551.4569644020902, "U_p_values_10": {"Population-Ogata": [0.7801603722233774, 0.0093], "Population-iVi": [0.0, 0.7374], "Population-Res iVi": [1.614066761277084e-10, 0.0482]}, "N_p_values_10": {"Population-Ogata": [0.6398931694241892, 0.0105], "Population-iVi": [0.0, 0.9299], "Population-Res iVi": [9.270472922739023e-09, 0.0438]}, "U_p_values_50": {"Population-Ogata": [0.7801603722233774, 0.0093], "Population-iVi": [1.372017125303049e-62, 0.1195], "Population-Res iVi": [6.6011427584807e-08, 0.0415]}, "N_p_values_50": {"Population-Ogata": [0.6398931694241892, 0.0105], "Population-iVi": [1.1893323354837773e-233, 0.2307], "Population-Res iVi": [7.790688152311687e-08, 0.0413]}, "U_p_values_100": {"Population-Ogata": [0.7801603722233774, 0.0093], "Population-iVi": [3.5751340894516995e-16, 0.0602], "Population-Res iVi": [6.690695263910137e-05, 0.0321]}, "N_p_values_100": {"Population-Ogata": [0.6398931694241892, 0.0105], "Population-iVi": [2.4891143802376325e-65, 0.1221], "Population-Res iVi": [8.104937718383805e-05, 0.0318]}, "U_p_values_1000": {"Population-Ogata": [0.7801603722233774, 0.0093], "Population-iVi": [0.28881767299299355, 0.0139], "Population-Res iVi": [0.186515593263376, 0.0154]}, "N_p_values_1000": {"Population-Ogata": [0.6398931694241892, 0.0105], "Population-iVi": [0.014473851205715274, 0.0222], "Population-Res iVi": [0.1646735174066772, 0.0158]}, "time_iVi_20": 2.9538440704345703, "errors_ivi": {"U": {"iVi": [0.16678596073602298, 0.08508416342221425, 0.05554384032065002, 0.04047344302467015, 0.031273347454383704, 0.024099394644158, 0.009919432123358052, 0.00476584303831068, 0.0029579561311187663, 0.0015960128675095997, 0.0007260410608769807], "Res iVi": [0.013478700303515445, 0.01116345883134151, 0.009768917768437357, 0.00796615847218024, 0.007047066303806748, 0.00623842869145419, 0.0035543378832902373, 0.002271731875109151, 0.001784132606755584, 0.0012537242325464937, 0.0009863403917150793]}, "N": {"iVi": [0.2790640374878499, 0.16324607314371808, 0.11394202680107679, 0.08731976433634886, 0.07058921585328554, 0.05668151986497166, 0.02815618908187445, 0.01629288572802262, 0.011568356359482113, 0.007809398902265341, 0.005646365969368461], "Res iVi": [0.013572500915932872, 0.011363437207508709, 0.009945539145433113, 0.008133978508291506, 0.0072275933017572624, 0.0063785001449020995, 0.0036429902807640913, 0.002326566628080562, 0.0018323992842906311, 0.0013008249057553933, 0.001011356118379103]}}, "time_iVi_35": 5.78566575050354, "time_iVi_50": 7.824595928192139, "time_iVi_65": 10.67578125, "time_iVi_80": 13.602720260620117, "time_iVi_100": 17.83799457550049, "time_iVi_200": 42.95988845825195, "time_iVi_350": 94.29824185371399, "time_iVi_500": 162.684344291687, "time_iVi_750": 316.70099806785583, "time_iVi_1000": 520.1512520313263, "time_Res iVi_20": 3.079408645629883, "time_Res iVi_35": 5.373367071151733, "time_Res iVi_50": 7.854541063308716, "time_Res iVi_65": 10.659342765808105, "time_Res iVi_80": 13.378833770751953, "time_Res iVi_100": 17.797816276550293, "time_Res iVi_200": 42.414567708969116, "time_Res iVi_350": 94.70903182029724, "time_Res iVi_500": 163.7558364868164, "time_Res iVi_750": 323.64826703071594, "time_Res iVi_1000": 528.3641221523285, "arriavals_p_values_10": {"Population": [0.10174451149269159, 0.07270787699195763], "Ogata": [0.8509695590094072, 0.017787743848990623], "iVi": [7.609598305690624e-41, 0.10769486845609699], "Res iVi": [0.40495960960197064, 0.03273733245667787]}, "arriavals_p_values_50": {"Population": [0.10174451149269159, 0.07270787699195763], "Ogata": [0.8509695590094072, 0.017787743848990623], "iVi": [0.08215844454008181, 0.03595841525786159], "Res iVi": [0.3116187259359141, 0.04508509169620878]}, "arriavals_p_values_100": {"Population": [0.10174451149269159, 0.07270787699195763], "Ogata": [0.8509695590094072, 0.017787743848990623], "iVi": [0.6361352110884575, 0.04346609668471185], "Res iVi": [0.5442130891717889, 0.0509592789558605]}, "arriavals_p_values_1000": {"Population": [0.10174451149269159, 0.07270787699195763], "Ogata": [0.8509695590094072, 0.017787743848990623], "iVi": [0.24948330509016903, 0.05120844474181055], "Res iVi": [0.14198745645375088, 0.10958818624717626]}}