{"methods_ivi": ["iVi", "Res iVi"], "methods_non_ivi": ["Population", "Ogata"], "n_paths_time_meas": 100000, "n_paths_non_ivi": 10000, "time_Population": 130.18709897994995, "time_Ogata": 53.975656032562256, "mean_N_T": 24.695163078136517, "U_p_values_10": {"Population-Ogata": [0.734599370602186, 0.0097], "Population-iVi": [1.284029722130501e-09, 0.046], "Population-Res iVi": [1.0681231049445944e-06, 0.038]}, "N_p_values_10": {"Population-Ogata": [0.40535690578815814, 0.0126], "Population-iVi": [0.0, 0.3464], "Population-Res iVi": [0.0036709697323378866, 0.0251]}, "U_p_values_50": {"Population-Ogata": [0.734599370602186, 0.0097], "Population-iVi": [0.042915742476880514, 0.0196], "Population-Res iVi": [0.09030614497194767, 0.0176]}, "N_p_values_50": {"Population-Ogata": [0.40535690578815814, 0.0126], "Population-iVi": [9.83050750786679e-33, 0.0862], "Population-Res iVi": [0.031162582913927636, 0.0204]}, "U_p_values_100": {"Population-Ogata": [0.734599370602186, 0.0097], "Population-iVi": [0.024307793528316628, 0.021], "Population-Res iVi": [0.6637453476707832, 0.0103]}, "N_p_values_100": {"Population-Ogata": [0.40535690578815814, 0.0126], "Population-iVi": [1.454562851351161e-17, 0.0628], "Population-Res iVi": [0.005191430598013493, 0.0244]}, "U_p_values_1000": {"Population-Ogata": [0.734599370602186, 0.0097], "Population-iVi": [0.11890214798175557, 0.0168], "Population-Res iVi": [0.6875487335121528, 0.0101]}, "N_p_values_1000": {"Population-Ogata": [0.40535690578815814, 0.0126], "Population-iVi": [0.0002057808252916309, 0.0303], "Population-Res iVi": [0.01512953257863315, 0.0221]}, "n_steps_arr_cf": [20, 35, 50, 65, 80, 100, 200, 350, 500, 750, 1000], "n_paths_ivi": 100000, "mc_std_U": 0.0003132936382176148, "mc_std_N": 0.0005207841993631714, "time_iVi_20": 0.19260478019714355, "errors_ivi": {"U": {"iVi": [0.007278371515952453, 0.004527559023042527, 0.0037249773144660825, 0.0029200917377024127, 0.002894505626890309, 0.002117647164197378, 0.000565691988936079, 0.0008991614200741793, 0.0007122203667622173, 0.00012915565579835198, 0.00021204187989037893], "Res iVi": [0.0012340683430570043, 0.0008093889507724827, 0.0004770436239956988, 0.00046760318907668186, 0.0006423466441141112, 0.0003668213401982201, 0.00041706985971207144, 0.00015967058360605302, 0.00014020342979376155, 0.0003159031865215267, 0.00016961343906007897]}, "N": {"iVi": [0.07549148771016084, 0.04352655303546571, 0.03160729273085816, 0.024374184691578926, 0.020531255808196647, 0.016125626399152104, 0.007110520596590675, 0.00521543631057525, 0.0037464912653579208, 0.0015953287866053434, 0.00171384047439882], "Res iVi": [0.0016462963004117426, 0.0013967253866431495, 0.0007964738707521568, 0.0007703536415214485, 0.0009405373148578255, 0.000633437409246318, 0.0008004125540761464, 0.00019266842817816654, 0.000309167163281332, 0.0004039084052260833, 9.395785804278134e-05]}}, "time_iVi_35": 0.31478238105773926, "time_iVi_50": 0.42945003509521484, "time_iVi_65": 0.5275430679321289, "time_iVi_80": 0.6528897285461426, "time_iVi_100": 0.8159863948822021, "time_iVi_200": 1.695967197418213, "time_iVi_350": 3.0687036514282227, "time_iVi_500": 4.59402871131897, "time_iVi_750": 7.177978038787842, "time_iVi_1000": 10.002294778823853, "time_Res iVi_20": 0.2927989959716797, "time_Res iVi_35": 0.3215773105621338, "time_Res iVi_50": 0.43969249725341797, "time_Res iVi_65": 0.6378827095031738, "time_Res iVi_80": 0.769763708114624, "time_Res iVi_100": 0.9701063632965088, "time_Res iVi_200": 1.787992238998413, "time_Res iVi_350": 3.118861436843872, "time_Res iVi_500": 4.990373849868774, "time_Res iVi_750": 9.897779941558838, "time_Res iVi_1000": 13.185640096664429, "mc_std_iVi_U": 0.0003149016461347751, "mc_std_Res iVi_U": 0.00031469915495323524, "mc_std_iVi_N": 0.0005245828740092806, "mc_std_Res iVi_N": 0.0005239225414037786}