{"methods_ivi": ["iVi", "Res iVi"], "methods_non_ivi": ["Population", "Ogata"], "n_paths_time_meas": 100000, "n_steps_arr_cf": [20, 35, 50, 65, 80, 100, 200, 350, 500, 750, 1000, 2000], "n_batch_cf": 10, "batch_size_cf": 100000, "n_paths_non_ivi": 10000, "time_Population": 272.753210067749, "time_Ogata": 375.3564262390137, "mean_N_T": 39.166083671688654, "U_p_values_10": {"Population-Ogata": [0.175326677835407, 0.0156], "Population-iVi": [1e-323, 0.2987], "Population-Res iVi": [0.03518876957795689, 0.0201]}, "N_p_values_10": {"Population-Ogata": [0.3667356837968788, 0.013], "Population-iVi": [1.1364593665360968e-194, 0.2107], "Population-Res iVi": [0.010081483182653565, 0.023]}, "U_p_values_50": {"Population-Ogata": [0.175326677835407, 0.0156], "Population-iVi": [5.914587820491248e-13, 0.0537], "Population-Res iVi": [0.8232670451557268, 0.0089]}, "N_p_values_50": {"Population-Ogata": [0.3667356837968788, 0.013], "Population-iVi": [2.4339509917186877e-09, 0.0453], "Population-Res iVi": [0.019653913806156054, 0.0215]}, "U_p_values_100": {"Population-Ogata": [0.175326677835407, 0.0156], "Population-iVi": [6.273904229741002e-05, 0.0322], "Population-Res iVi": [0.7229401381401557, 0.0098]}, "N_p_values_100": {"Population-Ogata": [0.3667356837968788, 0.013], "Population-iVi": [1.0983762625225961e-05, 0.0348], "Population-Res iVi": [0.012657224426456587, 0.0225]}, "U_p_values_1000": {"Population-Ogata": [0.175326677835407, 0.0156], "Population-iVi": [0.27321683386131995, 0.0141], "Population-Res iVi": [0.5342696653345376, 0.0114]}, "N_p_values_1000": {"Population-Ogata": [0.3667356837968788, 0.013], "Population-iVi": [0.026427483341253152, 0.0208], "Population-Res iVi": [0.09030614497194767, 0.0176]}}