{"methods_ivi": ["iVi", "Res iVi"], "methods_non_ivi": ["ExpExact", "Ogata"], "n_paths_time_meas": 100000, "n_paths_non_ivi": 10000, "time_ExpExact": 393.131365776062, "time_Ogata": 522.252504825592, "mean_N_T": 209.76951781806642, "U_p_values_10": {"ExpExact-Ogata": [0.5116055794163079, 0.0116], "ExpExact-iVi": [1e-323, 0.2972], "ExpExact-Res iVi": [5.166857113828859e-19, 0.0654]}, "N_p_values_10": {"ExpExact-Ogata": [0.8435889342947497, 0.0087], "ExpExact-iVi": [7.742071820451434e-305, 0.2632], "ExpExact-Res iVi": [5.4235267158864475e-15, 0.0579]}, "U_p_values_50": {"ExpExact-Ogata": [0.5116055794163079, 0.0116], "ExpExact-iVi": [1.8907611080918637e-44, 0.1006], "ExpExact-Res iVi": [0.07832207989955421, 0.018]}, "N_p_values_50": {"ExpExact-Ogata": [0.8435889342947497, 0.0087], "ExpExact-iVi": [3.527297123823144e-28, 0.0799], "ExpExact-Res iVi": [0.08118453676750115, 0.0179]}, "U_p_values_100": {"ExpExact-Ogata": [0.5116055794163079, 0.0116], "ExpExact-iVi": [1.9567714141031812e-10, 0.048], "ExpExact-Res iVi": [0.23009750585879926, 0.0147]}, "N_p_values_100": {"ExpExact-Ogata": [0.8435889342947497, 0.0087], "ExpExact-iVi": [2.0701792317571565e-07, 0.0401], "ExpExact-Res iVi": [0.20433493803247618, 0.0151]}, "U_p_values_1000": {"ExpExact-Ogata": [0.5116055794163079, 0.0116], "ExpExact-iVi": [0.03518876957795689, 0.0201], "ExpExact-Res iVi": [0.2968514903604106, 0.0138]}, "N_p_values_1000": {"ExpExact-Ogata": [0.8435889342947497, 0.0087], "ExpExact-iVi": [0.01581175286855823, 0.022], "ExpExact-Res iVi": [0.24386411273382524, 0.0145]}, "n_steps_arr_cf": [20, 35, 50, 65, 80, 100, 200, 350, 500, 750, 1000], "n_paths_ivi": 100000, "mc_std_U": 0.00024753562035062233, "mc_std_N": 0.00032167649747914237, "time_iVi_20": 0.3520243167877197, "errors_ivi": {"U": {"iVi": [0.035966413343296644, 0.02282794189301507, 0.016425038475921472, 0.012911103001893631, 0.010464954792150816, 0.008514417126178953, 0.003897274863062017, 0.0019225868352157893, 0.0020263571372194367, 0.0012221202515759755, 0.0005521056665113155], "Res iVi": [0.0016784789486910534, 0.0008879711248728772, 0.00037372615893283, 0.00011757743633272755, 5.1576316364598807e-05, 0.00018319577577669, 0.0002564853804080669, 2.5125050077623445e-05, 0.0001058799433986124, 0.00019675083933273774, 0.0004245202772213963]}, "N": {"iVi": [0.037488229658376115, 0.023403796478088434, 0.016719124504396277, 0.013151464650517253, 0.010526475832778492, 0.008623315201517157, 0.0038167337922791478, 0.00176220542368416, 0.002175329870332643, 0.0012864612971897338, 0.0005339355752392305], "Res iVi": [0.002168750952366294, 0.0011000753573431332, 0.0004894671801770056, 0.0001343985757859545, 5.751032903233977e-06, 0.00029680760445971455, 0.0003206349764851013, 4.555569863007314e-07, 0.00019130013957113778, 0.00024794046090031996, 0.0005266385385125916]}}, "time_iVi_35": 0.4172637462615967, "time_iVi_50": 0.5142695903778076, "time_iVi_65": 0.6322238445281982, "time_iVi_80": 0.7626063823699951, "time_iVi_100": 0.9470875263214111, "time_iVi_200": 1.9217400550842285, "time_iVi_350": 3.36665940284729, "time_iVi_500": 4.717423677444458, "time_iVi_750": 7.123353958129883, "time_iVi_1000": 9.936271667480469, "time_Res iVi_20": 0.28942179679870605, "time_Res iVi_35": 0.3926820755004883, "time_Res iVi_50": 0.48418545722961426, "time_Res iVi_65": 0.643341064453125, "time_Res iVi_80": 0.7807865142822266, "time_Res iVi_100": 0.9428963661193848, "time_Res iVi_200": 1.9101943969726562, "time_Res iVi_350": 3.351388931274414, "time_Res iVi_500": 4.7556047439575195, "time_Res iVi_750": 7.011239767074585, "time_Res iVi_1000": 9.732844352722168, "mc_std_iVi_U": 0.00024912974894817014, "mc_std_Res iVi_U": 0.000249992936756548, "mc_std_iVi_N": 0.00032382496416329473, "mc_std_Res iVi_N": 0.00032507507238475306}