{"methods_ivi": ["iVi", "Res iVi"], "methods_non_ivi": ["Population", "Ogata"], "n_paths_time_meas": 1000000, "n_paths_non_ivi": 10000, "time_Population": 1712.6606225967407, "time_Ogata": 3221.9424724578857, "mean_N_T": 19.829738027630263, "U_p_values_10": {"Population-Ogata": [0.10378951258539135, 0.0172], "Population-iVi": [1e-323, 0.3298], "Population-Res iVi": [1.679497894395093e-06, 0.0374]}, "N_p_values_10": {"Population-Ogata": [0.0029982320081052387, 0.0255], "Population-iVi": [7.857193949833012e-67, 0.1235], "Population-Res iVi": [0.009191586965088977, 0.0232]}, "U_p_values_50": {"Population-Ogata": [0.10378951258539135, 0.0172], "Population-iVi": [4.28406172244612e-94, 0.1466], "Population-Res iVi": [0.04639733883233797, 0.0194]}, "N_p_values_50": {"Population-Ogata": [0.0029982320081052387, 0.0255], "Population-iVi": [5.914587820491248e-13, 0.0537], "Population-Res iVi": [0.0009828645572326894, 0.0276]}, "U_p_values_100": {"Population-Ogata": [0.10378951258539135, 0.0172], "Population-iVi": [4.0308798712512307e-38, 0.0931], "Population-Res iVi": [0.07554538445539462, 0.0181]}, "N_p_values_100": {"Population-Ogata": [0.0029982320081052387, 0.0255], "Population-iVi": [7.7352821467605e-06, 0.0353], "Population-Res iVi": [0.0002322100494248541, 0.0301]}, "U_p_values_1000": {"Population-Ogata": [0.10378951258539135, 0.0172], "Population-iVi": [7.7352821467605e-06, 0.0353], "Population-Res iVi": [0.5806415540561973, 0.011]}, "N_p_values_1000": {"Population-Ogata": [0.0029982320081052387, 0.0255], "Population-iVi": [0.0012921023140605172, 0.0271], "Population-Res iVi": [0.0010971745502738898, 0.0274]}, "n_steps_arr_cf": [20, 35, 50, 65, 80, 100, 200, 350, 500, 750, 1000], "n_paths_ivi": 1000000, "mc_std_U": 7.729506476345459e-05, "mc_std_N": 0.00015273847516296667, "time_iVi_20": 2.9732534885406494, "errors_ivi": {"U": {"iVi": [0.03786248756692201, 0.028282892561189155, 0.023406163111291345, 0.02027039980169476, 0.018055437461149515, 0.01601273165953887, 0.010779799300240367, 0.008163058644810983, 0.006552971817631037, 0.0052451399641236796, 0.00441348835058003], "Res iVi": [0.0014612992637497157, 0.0010628425205633785, 0.0008368198480653843, 0.0009474282403236223, 0.0009005086297512177, 0.0006511565163102584, 0.00043518026009431443, 0.00010976339174306737, 0.0001618717547312576, 0.00013884626771859532, 4.572215147669034e-05]}, "N": {"iVi": [0.02268429457407778, 0.014232406828064925, 0.010568239304399152, 0.008668441582814657, 0.007483870980444451, 0.006303228518067139, 0.004025965044232027, 0.002060684019035197, 0.001766835232694608, 0.0012498279075615626, 0.001046177577625651], "Res iVi": [0.0028654582508533255, 0.00219712864192001, 0.0017812556009869085, 0.0020584774078605816, 0.0017475083316853546, 0.0013283083630200032, 0.0009810213906443765, 0.0002696377179952081, 0.00034443252090365917, 0.00026089983814886475, 0.00014545146664590725]}}, "time_iVi_35": 4.8748939037323, "time_iVi_50": 6.930004596710205, "time_iVi_65": 9.364656686782837, "time_iVi_80": 11.980884790420532, "time_iVi_100": 15.890448093414307, "time_iVi_200": 39.82699513435364, "time_iVi_350": 90.62534165382385, "time_iVi_500": 157.88783168792725, "time_iVi_750": 308.89006185531616, "time_iVi_1000": 501.0668842792511, "time_Res iVi_20": 2.2346630096435547, "time_Res iVi_35": 3.8591268062591553, "time_Res iVi_50": 5.625117540359497, "time_Res iVi_65": 7.404377460479736, "time_Res iVi_80": 9.617716073989868, "time_Res iVi_100": 12.69628643989563, "time_Res iVi_200": 33.41367197036743, "time_Res iVi_350": 77.88664150238037, "time_Res iVi_500": 141.0215413570404, "time_Res iVi_750": 285.7551212310791, "time_Res iVi_1000": 480.6981987953186, "arriavals_p_values_10": {"Population": [0.627274330965874, 0.14977309879264555], "Ogata": [0.13697172042420425, 0.21264596676505776], "iVi": [0.2882640968697331, 0.20228879443694103], "Res iVi": [0.8907809029137076, 0.11952440064854764]}, "arriavals_p_values_50": {"Population": [0.627274330965874, 0.14977309879264555], "Ogata": [0.13697172042420425, 0.21264596676505776], "iVi": [0.24403959729202063, 0.18468379213118868], "Res iVi": [0.42542984695254493, 0.22335189553867033]}, "arriavals_p_values_100": {"Population": [0.627274330965874, 0.14977309879264555], "Ogata": [0.13697172042420425, 0.21264596676505776], "iVi": [0.7647233188916795, 0.14535935544228895], "Res iVi": [0.9332638320981744, 0.11354291422568707]}, "arriavals_p_values_1000": {"Population": [0.627274330965874, 0.14977309879264555], "Ogata": [0.13697172042420425, 0.21264596676505776], "iVi": [0.22652055533548654, 0.2306347406507075], "Res iVi": [0.32387380386389075, 0.2521237581168649]}}