{"time_Population_10000": 20.390113830566406, "time_Ogata_10000": 33.504246950149536, "mean_N_T": 25.15524918185578, "U_p_values_10": {"Population-Ogata": [0.265648701789311, 0.0142], "Population-iVi": [7.833447935626117e-23, 0.0718], "Population-Res iVi": [6.096672975932883e-27, 0.0781]}, "N_p_values_10": {"Population-Ogata": [0.16993405715882504, 0.0157], "Population-iVi": [2.554945985441417e-298, 0.2604], "Population-Res iVi": [3.7805627315956485e-14, 0.0562]}, "U_p_values_50": {"Population-Ogata": [0.265648701789311, 0.0142], "Population-iVi": [0.008373537366957604, 0.0234], "Population-Res iVi": [2.1816203846959704e-05, 0.0338]}, "N_p_values_50": {"Population-Ogata": [0.16993405715882504, 0.0157], "Population-iVi": [1.895162290674394e-15, 0.0588], "Population-Res iVi": [3.266975253091891e-06, 0.0365]}, "U_p_values_100": {"Population-Ogata": [0.265648701789311, 0.0142], "Population-iVi": [0.11890214798175557, 0.0168], "Population-Res iVi": [0.0010385517933069264, 0.0275]}, "N_p_values_100": {"Population-Ogata": [0.16993405715882504, 0.0157], "Population-iVi": [1.4454663662221341e-06, 0.0376], "Population-Res iVi": [0.0003960229461626993, 0.0292]}, "U_p_values_1000": {"Population-Ogata": [0.265648701789311, 0.0142], "Population-iVi": [0.40535690578815814, 0.0126], "Population-Res iVi": [0.9282795837972042, 0.0077]}, "N_p_values_1000": {"Population-Ogata": [0.16993405715882504, 0.0157], "Population-iVi": [0.07285250920851642, 0.0182], "Population-Res iVi": [0.09685235111383245, 0.0174]}, "time_iVi_20": 3.1412487030029297, "errors_ivi": {"U": {"iVi": [0.008166957897762506, 0.002445094489107902, 0.0004850572971557554, 0.0005769536273811382, 0.000599474526400634, 0.0008997842909427289, 0.0010214762057672577, 0.0012295387582358375, 0.0008972839536494082, 0.0006070320051561051, 0.0010361357934957072], "Res iVi": [0.012885230781960078, 0.009384649888618146, 0.007386998876916517, 0.005976474197092407, 0.005432025629291792, 0.004619224722638204, 0.0028424333912406285, 0.002089413823486208, 0.0011322656717953627, 0.0011579409406843877, 0.0006171107593734293]}, "N": {"iVi": [0.0776385749019815, 0.04533655927526886, 0.032206655798863615, 0.024833487440849122, 0.02080164750586555, 0.017020747224932686, 0.009155146625279609, 0.005284868030498935, 0.003950751623277071, 0.0029105851187813947, 0.001707949215143889], "Res iVi": [0.01461313052537444, 0.01081863684548029, 0.008580439503919624, 0.006978804320138032, 0.006293108370036937, 0.005429933663976816, 0.0033494484112394085, 0.002519831891273916, 0.0013826511556949694, 0.0012265126958083683, 0.00081894246303027]}}, "time_iVi_35": 5.758664608001709, "time_iVi_50": 7.749997615814209, "time_iVi_65": 9.971242666244507, "time_iVi_80": 12.326377153396606, "time_iVi_100": 16.46965479850769, "time_iVi_200": 40.691452741622925, "time_iVi_350": 92.52196049690247, "time_iVi_500": 158.85121154785156, "time_iVi_750": 315.1015646457672, "time_iVi_1000": 518.6610362529755, "time_Res iVi_20": 2.87774658203125, "time_Res iVi_35": 4.893360614776611, "time_Res iVi_50": 7.257213354110718, "time_Res iVi_65": 9.586564540863037, "time_Res iVi_80": 12.362740755081177, "time_Res iVi_100": 16.407409191131592, "time_Res iVi_200": 41.13185214996338, "time_Res iVi_350": 93.97858166694641, "time_Res iVi_500": 166.0099024772644, "time_Res iVi_750": 326.16914534568787, "time_Res iVi_1000": 537.6301834583282, "arriavals_p_values_10": {"Population": [0.7060037396076351, 0.10865171030486637], "Ogata": [0.6071798236113202, 0.17123589757565555], "iVi": [0.08167106318322115, 0.17883544603421275], "Res iVi": [0.6602235738492008, 0.1116175895647904]}, "arriavals_p_values_50": {"Population": [0.7060037396076351, 0.10865171030486637], "Ogata": [0.6071798236113202, 0.17123589757565555], "iVi": [0.5113328642573398, 0.14696724406144568], "Res iVi": [0.17079873809506585, 0.3945110356747838]}, "arriavals_p_values_100": {"Population": [0.7060037396076351, 0.10865171030486637], "Ogata": [0.6071798236113202, 0.17123589757565555], "iVi": [0.781068601646311, 0.16009985948258532], "Res iVi": [0.7604213535457796, 0.2077412084235637]}, "arriavals_p_values_1000": {"Population": [0.7060037396076351, 0.10865171030486637], "Ogata": [0.6071798236113202, 0.17123589757565555], "iVi": [0.696394431966082, 0.09714513111273726], "Res iVi": [0.09150731451654903, 0.26867550511617766]}}