{"methods_ivi": ["iVi", "Res iVi"], "methods_non_ivi": ["ExpExact", "Ogata"], "n_paths_time_meas": 100000, "n_paths_non_ivi": 10000, "time_ExpExact": 620.5359244346619, "time_Ogata": 934.5242476463318, "mean_N_T": 309.05680343098845, "U_p_values_10": {"ExpExact-Ogata": [0.5116055794163079, 0.0116], "ExpExact-iVi": [1.0052362466512335e-257, 0.2422], "ExpExact-Res iVi": [1.5365771542023889e-21, 0.0697]}, "N_p_values_10": {"ExpExact-Ogata": [0.6994009459719119, 0.01], "ExpExact-iVi": [1.9252020446328844e-216, 0.2221], "ExpExact-Res iVi": [2.401601947573776e-17, 0.0624]}, "U_p_values_50": {"ExpExact-Ogata": [0.5116055794163079, 0.0116], "ExpExact-iVi": [4.28078084174734e-56, 0.1131], "ExpExact-Res iVi": [0.21692483428445863, 0.0149]}, "N_p_values_50": {"ExpExact-Ogata": [0.6994009459719119, 0.01], "ExpExact-iVi": [8.593970888802968e-35, 0.0889], "ExpExact-Res iVi": [0.23009750585879926, 0.0147]}, "U_p_values_100": {"ExpExact-Ogata": [0.5116055794163079, 0.0116], "ExpExact-iVi": [2.352230126164693e-12, 0.0524], "ExpExact-Res iVi": [0.8232670451557268, 0.0089]}, "N_p_values_100": {"ExpExact-Ogata": [0.6994009459719119, 0.01], "ExpExact-iVi": [2.4339509917186877e-09, 0.0453], "ExpExact-Res iVi": [0.5457429448400982, 0.0113]}, "U_p_values_1000": {"ExpExact-Ogata": [0.5116055794163079, 0.0116], "ExpExact-iVi": [0.5457429448400982, 0.0113], "ExpExact-Res iVi": [0.7229401381401557, 0.0098]}, "N_p_values_1000": {"ExpExact-Ogata": [0.6994009459719119, 0.01], "ExpExact-iVi": [0.39547859404270563, 0.0127], "ExpExact-Res iVi": [0.6756592612416861, 0.0102]}, "n_steps_arr_cf": [20, 35, 50, 65, 80, 100, 200, 350, 500, 750, 1000], "n_paths_ivi": 100000, "mc_std_U": 0.00021860625984366716, "mc_std_N": 0.00028026669534030074, "time_iVi_20": 0.4251530170440674, "errors_ivi": {"U": {"iVi": [0.03136085799132937, 0.02153572750556354, 0.016233540893906273, 0.012557676414074237, 0.010280787962461957, 0.008168873703351287, 0.004164372340077049, 0.0021247653102537956, 0.0014673116480979909, 0.0010231142507083346, 0.0003589332177867943], "Res iVi": [0.0015265493813857445, 0.000728065189344318, 0.0004747247337558713, 0.00016518196541148722, 9.449156170115991e-05, 0.0001589822342316083, 0.00023141730195941346, 9.874989205277407e-05, 8.51956392029507e-05, 5.827907068911564e-05, 7.712859555120133e-05]}, "N": {"iVi": [0.03314423777330894, 0.02245026795135391, 0.016841287669266403, 0.012883250429401083, 0.010485171511518454, 0.008291307204704335, 0.004216194760314929, 0.0020957612481247723, 0.0014031349258019632, 0.0010493155991919134, 0.0002612002282063597], "Res iVi": [0.0019993527753639495, 0.0009238642423972099, 0.0005896623274197488, 0.00019298036436449229, 8.563606034622806e-05, 0.0002006978759198086, 0.0002926476666543776, 0.00011366171781351797, 0.0001211106236665982, 0.0001131587245631338, 6.787121888018888e-05]}}, "time_iVi_35": 0.6820578575134277, "time_iVi_50": 0.8835263252258301, "time_iVi_65": 1.13116455078125, "time_iVi_80": 1.3216841220855713, "time_iVi_100": 1.6683926582336426, "time_iVi_200": 3.32558274269104, "time_iVi_350": 5.961370468139648, "time_iVi_500": 8.529012203216553, "time_iVi_750": 12.755006790161133, "time_iVi_1000": 17.76092529296875, "time_Res iVi_20": 0.5343985557556152, "time_Res iVi_35": 0.6890039443969727, "time_Res iVi_50": 1.0674948692321777, "time_Res iVi_65": 1.316718339920044, "time_Res iVi_80": 1.3591771125793457, "time_Res iVi_100": 1.6870472431182861, "time_Res iVi_200": 3.708808660507202, "time_Res iVi_350": 6.368274211883545, "time_Res iVi_500": 8.42038345336914, "time_Res iVi_750": 12.337301015853882, "time_Res iVi_1000": 16.647334575653076, "mc_std_iVi_U": 0.00022334394704042384, "mc_std_Res iVi_U": 0.0002227724357153244, "mc_std_iVi_N": 0.0002861961974563272, "mc_std_Res iVi_N": 0.0002853888028956096}