{"time_Population_10000": 2.9884793758392334, "time_Ogata_10000": 7.008798599243164, "mean_N_T": 7.37231604438123, "U_p_values_10": {"Population-Ogata": [0.11890214798175557, 0.0168], "Population-iVi": [1.7505147017185854e-34, 0.0885], "Population-Res iVi": [0.0004994590527819355, 0.0288]}, "N_p_values_10": {"Population-Ogata": [0.031162582913927636, 0.0204], "Population-iVi": [0.00026182395806761743, 0.0299], "Population-Res iVi": [0.0002949782724904383, 0.0297]}, "U_p_values_50": {"Population-Ogata": [0.11890214798175557, 0.0168], "Population-iVi": [0.0001822137142750581, 0.0305], "Population-Res iVi": [0.13138496726749369, 0.0165]}, "N_p_values_50": {"Population-Ogata": [0.031162582913927636, 0.0204], "Population-iVi": [7.412500752300525e-11, 0.049], "Population-Res iVi": [6.518371677470047e-09, 0.0442]}, "U_p_values_100": {"Population-Ogata": [0.11890214798175557, 0.0168], "Population-iVi": [0.000832086912285238, 0.0279], "Population-Res iVi": [0.04126178292409227, 0.0197]}, "N_p_values_100": {"Population-Ogata": [0.031162582913927636, 0.0204], "Population-iVi": [4.0945587758030704e-18, 0.0638], "Population-Res iVi": [3.826963745673442e-15, 0.0582]}, "U_p_values_1000": {"Population-Ogata": [0.11890214798175557, 0.0168], "Population-iVi": [0.018026945146397706, 0.0217], "Population-Res iVi": [0.03379876165411855, 0.0202]}, "N_p_values_1000": {"Population-Ogata": [0.031162582913927636, 0.0204], "Population-iVi": [5.780879599143655e-16, 0.0598], "Population-Res iVi": [7.672288046327015e-15, 0.0576]}, "time_iVi_20": 2.6683497428894043, "errors_ivi": {"U": {"iVi": [0.007184130585787707, 0.004457723113219791, 0.0032153999965450764, 0.002461971154588627, 0.0020553768530828798, 0.0017021437977739473, 0.0007164356138277816, 0.0004907948728506417, 0.00032283043172293135, 0.00022847329797520688, 0.00028431574327358877], "Res iVi": [0.0004751480122723861, 0.00031021952054433033, 0.00021802842006812817, 0.0002839347702189299, 0.00010463038146002468, 8.612431459170677e-05, 0.00014378566653389102, 3.922091980279596e-05, 1.2804732593019175e-05, 1.2693236351724035e-05, 5.3251779272234234e-05]}, "N": {"iVi": [0.002692576160951865, 0.0025387977436038267, 0.0021365728382185534, 0.0017128503247027527, 0.0016534811978946018, 0.001391220321060871, 0.00046842262395002665, 0.00044730204428944376, 9.247860892014348e-05, 0.00020933352205382283, 0.0003050866927297169], "Res iVi": [0.0013654153251864143, 0.0010811728137565813, 0.0006963256861596823, 0.0007678943381509984, 0.00024162878077144123, 0.00023892435410410862, 0.00031863750946470315, 0.00013092904364592206, 0.00013089609644639788, 3.456889673675301e-05, 0.00011294177944698447]}}, "time_iVi_35": 4.456011772155762, "time_iVi_50": 7.0837929248809814, "time_iVi_65": 8.91439437866211, "time_iVi_80": 11.49753999710083, "time_iVi_100": 15.29438853263855, "time_iVi_200": 38.66886854171753, "time_iVi_350": 88.40405917167664, "time_iVi_500": 155.1252567768097, "time_iVi_750": 309.10160207748413, "time_iVi_1000": 508.9551124572754, "time_Res iVi_20": 2.8427889347076416, "time_Res iVi_35": 4.707906246185303, "time_Res iVi_50": 6.572941780090332, "time_Res iVi_65": 9.04425573348999, "time_Res iVi_80": 11.541698694229126, "time_Res iVi_100": 15.769865036010742, "time_Res iVi_200": 39.984211683273315, "time_Res iVi_350": 93.9074637889862, "time_Res iVi_500": 165.37753534317017, "time_Res iVi_750": 328.97926235198975, "time_Res iVi_1000": 556.227246761322, "arriavals_p_values_10": {"Population": [0.749482062940083, 0.20992758678526224], "Ogata": [0.9674960952046471, 0.1692634830895875], "iVi": [0.2504876394938792, 0.2924001816678222], "Res iVi": [0.4869972665987089, 0.29493266105794624]}, "arriavals_p_values_50": {"Population": [0.749482062940083, 0.20992758678526224], "Ogata": [0.9674960952046471, 0.1692634830895875], "iVi": [0.37354087534257285, 0.2735328993898801], "Res iVi": [0.6633711174605311, 0.30015976467819083]}, "arriavals_p_values_100": {"Population": [0.749482062940083, 0.20992758678526224], "Ogata": [0.9674960952046471, 0.1692634830895875], "iVi": [0.5640331616430247, 0.23459570518275052], "Res iVi": [0.45357932041502835, 0.2447966781639095]}, "arriavals_p_values_1000": {"Population": [0.749482062940083, 0.20992758678526224], "Ogata": [0.9674960952046471, 0.1692634830895875], "iVi": [0.9916819016878228, 0.13823593293352365], "Res iVi": [0.7250773546467704, 0.18782184744263808]}}