{"time_Population_10000": 385.34923791885376, "time_Ogata_10000": 1548.5259895324707, "mean_N_T": 878.2977018990682, "U_p_values_10": {"Population-Ogata": [0.06771054835137846, 0.0184], "Population-iVi": [0.0, 0.7313], "Population-Res iVi": [4.955867531883539e-83, 0.1377]}, "N_p_values_10": {"Population-Ogata": [0.10378951258539135, 0.0172], "Population-iVi": [0.0, 0.9432], "Population-Res iVi": [4.520568487582714e-82, 0.1369]}, "U_p_values_50": {"Population-Ogata": [0.06771054835137846, 0.0184], "Population-iVi": [1.0980601173981406e-45, 0.102], "Population-Res iVi": [3.084305112309125e-07, 0.0396]}, "N_p_values_50": {"Population-Ogata": [0.10378951258539135, 0.0172], "Population-iVi": [1e-323, 0.3183], "Population-Res iVi": [1.8098173009717144e-06, 0.0373]}, "U_p_values_100": {"Population-Ogata": [0.06771054835137846, 0.0184], "Population-iVi": [5.409049204108268e-12, 0.0516], "Population-Res iVi": [0.023305587030701742, 0.0211]}, "N_p_values_100": {"Population-Ogata": [0.10378951258539135, 0.0172], "Population-iVi": [1.1083974705889038e-146, 0.183], "Population-Res iVi": [0.05619041963691477, 0.0189]}, "U_p_values_1000": {"Population-Ogata": [0.06771054835137846, 0.0184], "Population-iVi": [0.0010385517933069264, 0.0275], "Population-Res iVi": [0.7112026399498019, 0.0099]}, "N_p_values_1000": {"Population-Ogata": [0.10378951258539135, 0.0172], "Population-iVi": [3.8413548220909056e-13, 0.0541], "Population-Res iVi": [0.8127749152563353, 0.009]}, "time_iVi_20": 3.0940744876861572, "time_iVi_35": 5.945865869522095, "time_iVi_50": 8.26627779006958, "time_iVi_65": 11.224010229110718, "time_iVi_80": 14.10834288597107, "time_iVi_100": 18.570069789886475, "time_iVi_200": 44.56778430938721, "time_iVi_350": 97.03640103340149, "time_iVi_500": 164.3550546169281, "time_iVi_750": 315.24103116989136, "time_iVi_1000": 514.1858134269714, "time_Res iVi_20": 3.0785090923309326, "time_Res iVi_35": 5.59466290473938, "time_Res iVi_50": 8.204256534576416, "time_Res iVi_65": 11.004575967788696, "time_Res iVi_80": 14.095032215118408, "time_Res iVi_100": 18.667170763015747, "time_Res iVi_200": 44.968576431274414, "time_Res iVi_350": 98.03144121170044, "time_Res iVi_500": 167.62297296524048, "time_Res iVi_750": 322.313814163208, "time_Res iVi_1000": 522.2894628047943, "arriavals_p_values_10": {"Population": [0.6887263637469321, 0.030261785117038587], "Ogata": [0.450229638068427, 0.027112009442515128], "iVi": [6.812949829092335e-119, 0.08660124046748485], "Res iVi": [0.27326130243651614, 0.04035783019644601]}, "arriavals_p_values_50": {"Population": [0.6887263637469321, 0.030261785117038587], "Ogata": [0.450229638068427, 0.027112009442515128], "iVi": [0.023414739077481123, 0.025648926038097097], "Res iVi": [0.10027762674796292, 0.03335403609024873]}, "arriavals_p_values_100": {"Population": [0.6887263637469321, 0.030261785117038587], "Ogata": [0.450229638068427, 0.027112009442515128], "iVi": [0.008706248245063771, 0.07181969565761862], "Res iVi": [0.07705854071430362, 0.10974714624484161]}, "arriavals_p_values_1000": {"Population": [0.6887263637469321, 0.030261785117038587], "Ogata": [0.450229638068427, 0.027112009442515128], "iVi": [0.5769740769693487, 0.016385207188609974], "Res iVi": [0.18248966127641686, 0.047291548238602155]}}