{"time_Population_10000": 383.0969924926758, "time_Ogata_10000": 1480.9700214862823, "mean_N_T": 878.2977018990682, "U_p_values_10": {"Population-Ogata": [0.06771054835137846, 0.0184], "Population-iVi": [0.0, 0.7313], "Population-Res iVi": [4.999158196749784e-11, 0.0494]}, "N_p_values_10": {"Population-Ogata": [0.10378951258539135, 0.0172], "Population-iVi": [0.0, 0.9432], "Population-Res iVi": [6.744222195597755e-07, 0.0386]}, "U_p_values_50": {"Population-Ogata": [0.06771054835137846, 0.0184], "Population-iVi": [1.0980601173981406e-45, 0.102], "Population-Res iVi": [2.887112438050816e-41, 0.0969]}, "N_p_values_50": {"Population-Ogata": [0.10378951258539135, 0.0172], "Population-iVi": [1e-323, 0.3181], "Population-Res iVi": [1.0895143622098955e-41, 0.0974]}, "U_p_values_100": {"Population-Ogata": [0.06771054835137846, 0.0184], "Population-iVi": [5.409049204108268e-12, 0.0516], "Population-Res iVi": [7.268709717186636e-26, 0.0765]}, "N_p_values_100": {"Population-Ogata": [0.10378951258539135, 0.0172], "Population-iVi": [1.6047414119528493e-146, 0.1829], "Population-Res iVi": [1.7387809507752027e-24, 0.0744]}, "U_p_values_1000": {"Population-Ogata": [0.06771054835137846, 0.0184], "Population-iVi": [0.0010385517933069264, 0.0275], "Population-Res iVi": [1.382559084687875e-07, 0.0406]}, "N_p_values_1000": {"Population-Ogata": [0.10378951258539135, 0.0172], "Population-iVi": [3.8413548220909056e-13, 0.0541], "Population-Res iVi": [7.172011457289432e-08, 0.0414]}, "time_iVi_20": 3.359623670578003, "errors_ivi": {"U": {"iVi": [0.17161206265005052, 0.07274262407501697, 0.03845277091257765, 0.021877697421763764, 0.012548000703527074, 0.004887764780950543, 0.006896262346234916, 0.009592835131281507, 0.010575883228290228, 0.009974290011279363, 0.00984736286523219], "Res iVi": [0.02526888228222851, 0.02690454722355623, 0.0261733381724098, 0.02474428741655116, 0.023267517209342337, 0.02177958804968566, 0.017135804851970082, 0.013853620314296322, 0.01176822301123387, 0.009896772500634088, 0.008568101826306462]}, "N": {"iVi": [0.3506564673764063, 0.232889004613694, 0.17263519077281048, 0.13782949045107007, 0.11549026015882752, 0.09533014202085083, 0.05387762453376388, 0.034895297955076676, 0.026014170371301215, 0.019458089300776693, 0.015370495288809682], "Res iVi": [0.02483465517870931, 0.026954410652550387, 0.026343945864541807, 0.02497117375695823, 0.023495778577094395, 0.022008846770333323, 0.017331468746660472, 0.014046424987980699, 0.011952147304824579, 0.010036612831240466, 0.008691020546254147]}}, "time_iVi_35": 5.239008903503418, "time_iVi_50": 7.802136659622192, "time_iVi_65": 10.541515588760376, "time_iVi_80": 13.48904299736023, "time_iVi_100": 17.861888647079468, "time_iVi_200": 42.6899893283844, "time_iVi_350": 93.95386290550232, "time_iVi_500": 163.1389284133911, "time_iVi_750": 318.314740896225, "time_iVi_1000": 522.0763194561005, "time_Res iVi_20": 3.033264636993408, "time_Res iVi_35": 5.444255113601685, "time_Res iVi_50": 8.03851842880249, "time_Res iVi_65": 10.676214694976807, "time_Res iVi_80": 13.699249982833862, "time_Res iVi_100": 17.960205554962158, "time_Res iVi_200": 43.33046007156372, "time_Res iVi_350": 95.90013003349304, "time_Res iVi_500": 165.53704190254211, "time_Res iVi_750": 322.34058451652527, "time_Res iVi_1000": 530.9169178009033, "arriavals_p_values_10": {"Population": [0.6887263637469321, 0.030261785117038587], "Ogata": [0.450229638068427, 0.027112009442515128], "iVi": [6.812949829092335e-119, 0.08660124046748485], "Res iVi": [0.2764403636667424, 0.05556962105947283]}, "arriavals_p_values_50": {"Population": [0.6887263637469321, 0.030261785117038587], "Ogata": [0.450229638068427, 0.027112009442515128], "iVi": [0.023414739077481123, 0.025648926038097097], "Res iVi": [0.39367895476804393, 0.020544450372107392]}, "arriavals_p_values_100": {"Population": [0.6887263637469321, 0.030261785117038587], "Ogata": [0.450229638068427, 0.027112009442515128], "iVi": [0.008706248245063771, 0.07181969565761862], "Res iVi": [0.043525675351174464, 0.05492969126043451]}, "arriavals_p_values_1000": {"Population": [0.6887263637469321, 0.030261785117038587], "Ogata": [0.450229638068427, 0.027112009442515128], "iVi": [0.5769740769693487, 0.016385207188609974], "Res iVi": [0.1202086167017753, 0.051279085146340664]}}