{"methods_ivi": ["iVi", "Res iVi"], "methods_non_ivi": ["Population", "Ogata"], "n_paths_time_meas": 100000, "n_paths_non_ivi": 10000, "time_Population": 540.7967948913574, "time_Ogata": 792.3329091072083, "mean_N_T": 89.03456590288981, "U_p_values_10": {"Population-Ogata": [0.2968514903604106, 0.0138], "Population-iVi": [0.0, 0.4579], "Population-Res iVi": [0.3305488484947325, 0.0134]}, "N_p_values_10": {"Population-Ogata": [0.6398931694241892, 0.0105], "Population-iVi": [0.0, 0.3562], "Population-Res iVi": [0.07832207989955421, 0.018]}, "U_p_values_50": {"Population-Ogata": [0.2968514903604106, 0.0138], "Population-iVi": [2.09020979905735e-34, 0.0884], "Population-Res iVi": [0.967081996278138, 0.007]}, "N_p_values_50": {"Population-Ogata": [0.6398931694241892, 0.0105], "Population-iVi": [4.33806489537115e-22, 0.0706], "Population-Res iVi": [0.21692483428445863, 0.0149]}, "U_p_values_100": {"Population-Ogata": [0.2968514903604106, 0.0138], "Population-iVi": [1.8098173009717144e-06, 0.0373], "Population-Res iVi": [0.2509732672225685, 0.0144]}, "N_p_values_100": {"Population-Ogata": [0.6398931694241892, 0.0105], "Population-iVi": [8.636450209468445e-05, 0.0317], "Population-Res iVi": [0.013843815295457773, 0.0223]}, "U_p_values_1000": {"Population-Ogata": [0.2968514903604106, 0.0138], "Population-iVi": [0.15454104632436025, 0.016], "Population-Res iVi": [0.9212790168134688, 0.0078]}, "N_p_values_1000": {"Population-Ogata": [0.6398931694241892, 0.0105], "Population-iVi": [0.010081483182653565, 0.023], "Population-Res iVi": [0.39547859404270563, 0.0127]}, "n_steps_arr_cf": [20, 35, 50, 65, 80, 100, 200, 350, 500, 750, 1000], "n_paths_ivi": 1000000, "mc_std_U": 9.042052551892916e-05, "mc_std_N": 0.00012465534836347497, "time_iVi_20": 0.24216017723083497, "errors_ivi": {"U": {"iVi": [0.049020393688999686, 0.026492064588947206, 0.018044582305981827, 0.013673706647988448, 0.010811466626778676, 0.008626939162604319, 0.004269679064937082, 0.0024443512321413174, 0.0016254621058520713, 0.001283306308921206, 0.0008337953378261265], "Res iVi": [0.0009649408922011715, 0.0005948775756306479, 0.00043134860667881636, 0.00039099516000218326, 0.0003959249707048973, 0.0001802615097836746, 0.00014448775889114307, 0.00011474055158061658, 0.00014388587429620125, 0.000164471023489543, 0.00022155228804587868]}, "N": {"iVi": [0.048631216366325114, 0.026053165441380588, 0.017651071592140077, 0.013349520128328407, 0.010515738670216046, 0.008346119502108063, 0.004172792311783968, 0.0024118058700509093, 0.0015347046366703254, 0.0013478756718121598, 0.0008280113561485725], "Res iVi": [0.0014243879300434026, 0.0008474924736396883, 0.0006413394497125635, 0.0005086419352547944, 0.0005287499699601073, 0.00025688188953859603, 0.00017399998815004203, 0.00015929889628923943, 0.0001556135770406919, 0.0002212427697304009, 0.0002648786300222805]}}, "time_iVi_35": 0.4300097465515137, "time_iVi_50": 0.6230326890945435, "time_iVi_65": 0.8387719154357911, "time_iVi_80": 1.0541992664337159, "time_iVi_100": 1.3931547164916993, "time_iVi_200": 3.5388984441757203, "time_iVi_350": 8.169503641128541, "time_iVi_500": 14.731498980522156, "time_iVi_750": 30.235346937179568, "time_iVi_1000": 50.5492306470871, "time_Res iVi_20": 0.2791098356246948, "time_Res iVi_35": 0.4801482915878296, "time_Res iVi_50": 0.6956651449203491, "time_Res iVi_65": 0.9328978776931763, "time_Res iVi_80": 1.1948687553405761, "time_Res iVi_100": 1.5808132648468018, "time_Res iVi_200": 3.9676454544067385, "time_Res iVi_350": 8.939121055603028, "time_Res iVi_500": 15.560971546173096, "time_Res iVi_750": 31.2075457572937, "time_Res iVi_1000": 52.54881529808045, "mc_std_iVi_U": 9.007174195720042e-05, "mc_std_Res iVi_U": 8.99343282483807e-05, "mc_std_iVi_N": 0.00012383976954615083, "mc_std_Res iVi_N": 0.0001237357443103506}