{"time_Population_10000": 73.64878106117249, "time_Ogata_10000": 130.87671160697937, "mean_N_T": 117.41849850755568, "U_p_values_10": {"Population-Ogata": [0.3305488484947325, 0.0134], "Population-iVi": [1.2817144854494073e-102, 0.1531], "Population-Res iVi": [3.1219940048185115e-29, 0.0814]}, "N_p_values_10": {"Population-Ogata": [0.22343759648123543, 0.0148], "Population-iVi": [0.0, 0.5644], "Population-Res iVi": [2.401601947573776e-17, 0.0624]}, "U_p_values_50": {"Population-Ogata": [0.3305488484947325, 0.0134], "Population-iVi": [8.609243329225943e-15, 0.0575], "Population-Res iVi": [5.518161998179471e-11, 0.0493]}, "N_p_values_50": {"Population-Ogata": [0.22343759648123543, 0.0148], "Population-iVi": [6.956540769830762e-72, 0.1281], "Population-Res iVi": [4.347151708936561e-08, 0.042]}, "U_p_values_100": {"Population-Ogata": [0.3305488484947325, 0.0134], "Population-iVi": [7.672288046327015e-15, 0.0576], "Population-Res iVi": [1.9103682412648477e-07, 0.0402]}, "N_p_values_100": {"Population-Ogata": [0.22343759648123543, 0.0148], "Population-iVi": [3.614915285051308e-20, 0.0674], "Population-Res iVi": [7.7352821467605e-06, 0.0353]}, "U_p_values_1000": {"Population-Ogata": [0.3305488484947325, 0.0134], "Population-iVi": [3.723410418903642e-05, 0.033], "Population-Res iVi": [0.07554538445539462, 0.0181]}, "N_p_values_1000": {"Population-Ogata": [0.22343759648123543, 0.0148], "Population-iVi": [0.2582344696265808, 0.0143], "Population-Res iVi": [0.06525767706262187, 0.0185]}, "time_iVi_20": 3.094874143600464, "errors_ivi": {"U": {"iVi": [0.01748374296480898, 0.0011564551045550875, 0.006105934507538435, 0.008106960242034167, 0.009255136905436723, 0.009859964861970938, 0.009156719166818317, 0.007969585162102943, 0.007189663571315175, 0.005907323853990343, 0.005517490779959389], "Res iVi": [0.021135936673823463, 0.018028057870304648, 0.01572996905513263, 0.01432214850556851, 0.01283879096667917, 0.011879353507373569, 0.008306704919215646, 0.005962489123922887, 0.005107789412669983, 0.004052455811274391, 0.0032261004826821815]}, "N": {"iVi": [0.16311571958881338, 0.0983169928027775, 0.0719567554725008, 0.05741410156918386, 0.047762926946481155, 0.03939548526269654, 0.022386397707603922, 0.014169256552678311, 0.0105236976493574, 0.00787695669484234, 0.006002162020049218], "Res iVi": [0.021813950895962164, 0.01900360915070487, 0.016683244562928412, 0.015212391086651844, 0.013635477395317175, 0.01270882383284766, 0.00886871664305472, 0.006393773582307083, 0.005487073964227485, 0.0043689807438327954, 0.0034309843023750952]}}, "time_iVi_35": 5.450550556182861, "time_iVi_50": 8.176538705825806, "time_iVi_65": 10.318803071975708, "time_iVi_80": 13.237361669540405, "time_iVi_100": 17.493678331375122, "time_iVi_200": 42.79319214820862, "time_iVi_350": 93.9876160621643, "time_iVi_500": 161.89915108680725, "time_iVi_750": 316.6583559513092, "time_iVi_1000": 519.219691991806, "time_Res iVi_20": 3.1112136840820312, "time_Res iVi_35": 5.374361038208008, "time_Res iVi_50": 7.850548505783081, "time_Res iVi_65": 10.479336500167847, "time_Res iVi_80": 13.217021226882935, "time_Res iVi_100": 17.698572397232056, "time_Res iVi_200": 42.80873680114746, "time_Res iVi_350": 95.73783659934998, "time_Res iVi_500": 164.64188814163208, "time_Res iVi_750": 321.14287638664246, "time_Res iVi_1000": 528.1034893989563, "arriavals_p_values_10": {"Population": [0.45378905081774024, 0.128552516933362], "Ogata": [0.5431161216372241, 0.11585208779301581], "iVi": [0.007158770063663119, 0.07941034627058563], "Res iVi": [0.8251682144608495, 0.0503838593215441]}, "arriavals_p_values_50": {"Population": [0.45378905081774024, 0.128552516933362], "Ogata": [0.5431161216372241, 0.11585208779301581], "iVi": [0.9181353693554578, 0.05239880050290224], "Res iVi": [0.5887037330847729, 0.07192192651365092]}, "arriavals_p_values_100": {"Population": [0.45378905081774024, 0.128552516933362], "Ogata": [0.5431161216372241, 0.11585208779301581], "iVi": [0.22825726705765415, 0.10509538685518283], "Res iVi": [0.7168002263592634, 0.0773490653932627]}, "arriavals_p_values_1000": {"Population": [0.45378905081774024, 0.128552516933362], "Ogata": [0.5431161216372241, 0.11585208779301581], "iVi": [0.5576284449105493, 0.05572623615782624], "Res iVi": [0.1622686134133129, 0.17731307333992502]}}