{"time_Population_10000": 60.1252703666687, "time_Ogata_10000": 136.36917996406555, "mean_N_T": 105.46723946370152, "U_p_values_10": {"Population-Ogata": [0.39547859404270563, 0.0127], "Population-iVi": [5.66341909108645e-191, 0.2087], "Population-Res iVi": [2.287545241675173e-53, 0.1103]}, "N_p_values_10": {"Population-Ogata": [0.41538042565668437, 0.0125], "Population-iVi": [0.0, 0.5025], "Population-Res iVi": [2.4626725639153797e-23, 0.0726]}, "U_p_values_50": {"Population-Ogata": [0.39547859404270563, 0.0127], "Population-iVi": [2.0307276526260806e-21, 0.0695], "Population-Res iVi": [7.538954090289629e-54, 0.1108]}, "N_p_values_50": {"Population-Ogata": [0.41538042565668437, 0.0125], "Population-iVi": [1.6868146851002347e-112, 0.1603], "Population-Res iVi": [4.579113268482681e-45, 0.1013]}, "U_p_values_100": {"Population-Ogata": [0.39547859404270563, 0.0127], "Population-iVi": [1.9985316504298487e-13, 0.0547], "Population-Res iVi": [4.324838854423455e-29, 0.0812]}, "N_p_values_100": {"Population-Ogata": [0.41538042565668437, 0.0125], "Population-iVi": [2.1635324750410313e-56, 0.1134], "Population-Res iVi": [5.212875919599818e-27, 0.0782]}, "U_p_values_1000": {"Population-Ogata": [0.39547859404270563, 0.0127], "Population-iVi": [0.011563080873013828, 0.0227], "Population-Res iVi": [3.723410418903642e-05, 0.033]}, "N_p_values_1000": {"Population-Ogata": [0.41538042565668437, 0.0125], "Population-iVi": [5.1408099285917184e-08, 0.0418], "Population-Res iVi": [4.24728924053937e-05, 0.0328]}, "time_iVi_20": 3.0647802352905273, "errors_ivi": {"U": {"iVi": [0.06615268192621748, 0.033531250079113284, 0.021362956111700138, 0.015118537488958306, 0.01169361678309, 0.008447281638112814, 0.002663524758900526, 0.001009307380580915, 0.00014883530916554033, 0.0005478491574408828, 0.0008875103388884531], "Res iVi": [0.05049919219976573, 0.04818838401321157, 0.04451118249718716, 0.04227007795687138, 0.039066475795980826, 0.036319328327913736, 0.027599616907241553, 0.022479433716864006, 0.018262796990410224, 0.014870271702185023, 0.013308165413276618]}, "N": {"iVi": [0.22854055625095226, 0.15296736432020652, 0.11793394048149614, 0.0975946768556823, 0.08455308871286576, 0.0722968077959728, 0.045429212563183774, 0.03227280445985703, 0.025501181424027464, 0.020040027155248996, 0.016738615640868093], "Res iVi": [0.0483994434983408, 0.04769112830915623, 0.04441796837016232, 0.04240980004688122, 0.03923776949962643, 0.03654029908615597, 0.027871081322288993, 0.02275824362890788, 0.018556223723377396, 0.015105327238072785, 0.013511727487005243]}}, "time_iVi_35": 5.706782579421997, "time_iVi_50": 7.779388427734375, "time_iVi_65": 10.398317575454712, "time_iVi_80": 13.1799476146698, "time_iVi_100": 17.262351512908936, "time_iVi_200": 41.77742910385132, "time_iVi_350": 92.73810863494873, "time_iVi_500": 160.35009455680847, "time_iVi_750": 316.51468205451965, "time_iVi_1000": 519.2146592140198, "time_Res iVi_20": 3.031069040298462, "time_Res iVi_35": 5.138157844543457, "time_Res iVi_50": 7.608431577682495, "time_Res iVi_65": 9.985823392868042, "time_Res iVi_80": 12.805946350097656, "time_Res iVi_100": 17.956350564956665, "time_Res iVi_200": 42.53920912742615, "time_Res iVi_350": 93.64320755004883, "time_Res iVi_500": 163.66046404838562, "time_Res iVi_750": 318.6347122192383, "time_Res iVi_1000": 526.0216348171234, "arriavals_p_values_10": {"Population": [0.09714699975998198, 0.04429869941690878], "Ogata": [0.8183203213228358, 0.07444138912845633], "iVi": [1.0190326584544496e-07, 0.06078894414717162], "Res iVi": [0.5111931701040362, 0.08004879077662316]}, "arriavals_p_values_50": {"Population": [0.09714699975998198, 0.04429869941690878], "Ogata": [0.8183203213228358, 0.07444138912845633], "iVi": [0.7406695918065588, 0.16143991641858402], "Res iVi": [0.6218080950835119, 0.05748798953484968]}, "arriavals_p_values_100": {"Population": [0.09714699975998198, 0.04429869941690878], "Ogata": [0.8183203213228358, 0.07444138912845633], "iVi": [0.26802008027314506, 0.1383978411693595], "Res iVi": [0.7795824939996089, 0.08516340182831483]}, "arriavals_p_values_1000": {"Population": [0.09714699975998198, 0.04429869941690878], "Ogata": [0.8183203213228358, 0.07444138912845633], "iVi": [0.5067308248730367, 0.0961208365955003], "Res iVi": [0.027824692195403844, 0.07473337141216896]}}