{"methods_ivi": ["iVi", "Res iVi"], "methods_non_ivi": ["Population", "Ogata"], "n_paths_time_meas": 100000, "n_paths_non_ivi": 10000, "time_Population": 1791.1145663261414, "time_Ogata": 772.0725297927856, "mean_N_T": 309.05680343098845, "U_p_values_10": {"Population-Ogata": [0.934921367863862, 0.0076], "Population-iVi": [1.333544814897419e-266, 0.2463], "Population-Res iVi": [1.1107942753711278e-24, 0.0747]}, "N_p_values_10": {"Population-Ogata": [0.9282795837972042, 0.0077], "Population-iVi": [9.216889251324466e-225, 0.2263], "Population-Res iVi": [1.208437598903541e-19, 0.0665]}, "U_p_values_50": {"Population-Ogata": [0.934921367863862, 0.0076], "Population-iVi": [1.6842344649918124e-59, 0.1165], "Population-Res iVi": [0.1646735174066772, 0.0158]}, "N_p_values_50": {"Population-Ogata": [0.9282795837972042, 0.0077], "Population-iVi": [8.49345944768089e-38, 0.0927], "Population-Res iVi": [0.175326677835407, 0.0156]}, "U_p_values_100": {"Population-Ogata": [0.934921367863862, 0.0076], "Population-iVi": [2.2295867693128428e-13, 0.0546], "Population-Res iVi": [0.9866029618997998, 0.0064]}, "N_p_values_100": {"Population-Ogata": [0.9282795837972042, 0.0077], "Population-iVi": [3.1918050187599914e-09, 0.045], "Population-Res iVi": [0.734599370602186, 0.0097]}, "U_p_values_1000": {"Population-Ogata": [0.934921367863862, 0.0076], "Population-iVi": [0.5689366476865705, 0.0111], "Population-Res iVi": [0.898195296299018, 0.0081]}, "N_p_values_1000": {"Population-Ogata": [0.9282795837972042, 0.0077], "Population-iVi": [0.4568717692969701, 0.0121], "Population-Res iVi": [0.6994009459719119, 0.01]}, "n_steps_arr_cf": [20, 35, 50, 65, 80, 100, 200, 350, 500, 750, 1000], "n_paths_ivi": 1000000, "mc_std_U": 6.950552474751274e-05, "mc_std_N": 8.901139348340609e-05, "time_iVi_20": 0.23487539291381837, "errors_ivi": {"U": {"iVi": [0.03139791348209514, 0.021649771467263768, 0.016014604243662522, 0.012553565205980666, 0.010322814900152133, 0.008150972467521667, 0.003968083073832174, 0.002125871465752993, 0.0015377604356203167, 0.0010544901839569798, 0.0007452872993796156], "Res iVi": [0.0016290123994041616, 0.0008197390250708758, 0.0003642680154217759, 0.0003082339422528224, 0.00015036898984743807, 6.885191492767007e-05, 0.00016099818401199562, 0.00013459604034116168, 0.00010720609487530064, 1.1805594264946428e-05, 9.887611163078569e-05]}, "N": {"iVi": [0.0332445896085371, 0.022584263526327253, 0.01654844955788687, 0.012875975620726676, 0.010544522255761801, 0.008263600877009614, 0.003960793180643185, 0.0020870182521710023, 0.001524311348868379, 0.0010646222976459785, 0.000749198922971539], "Res iVi": [0.002147230315861892, 0.001042256094957228, 0.0004515659678451245, 0.00039397583534145353, 0.00018903981794549107, 8.469162447360956e-05, 0.00020167199089604626, 0.0001526843232391717, 0.00011689898741573668, 4.1499513983467295e-05, 0.00012310762110440132]}}, "time_iVi_35": 0.416124439239502, "time_iVi_50": 0.5238058567047119, "time_iVi_65": 0.6409906387329102, "time_iVi_80": 0.7764114618301392, "time_iVi_100": 0.9736275672912598, "time_iVi_200": 1.9510058879852297, "time_iVi_350": 3.436799168586731, "time_iVi_500": 4.887371850013733, "time_iVi_750": 7.411566472053528, "time_iVi_1000": 10.332836890220642, "time_Res iVi_20": 0.25609233379364016, "time_Res iVi_35": 0.3934898614883423, "time_Res iVi_50": 0.517145299911499, "time_Res iVi_65": 0.6345864295959474, "time_Res iVi_80": 0.7875571250915527, "time_Res iVi_100": 0.9900913000106812, "time_Res iVi_200": 1.9589743852615358, "time_Res iVi_350": 3.4888849735260012, "time_Res iVi_500": 4.866256380081177, "time_Res iVi_750": 7.427210783958436, "time_Res iVi_1000": 10.28720099925995, "mc_std_iVi_U": 7.050438850468468e-05, "mc_std_Res iVi_U": 7.05807805013622e-05, "mc_std_iVi_N": 9.028372987987017e-05, "mc_std_Res iVi_N": 9.039977989309009e-05}