{"time_Population_10000": 59.634074211120605, "time_Ogata_10000": 100.19053268432617, "mean_N_T": 442.2009852810913, "U_p_values_10": {"Population-Ogata": [0.13138496726749369, 0.0165], "Population-iVi": [0.0, 0.7125], "Population-Res iVi": [4.6576004150930996e-43, 0.099]}, "N_p_values_10": {"Population-Ogata": [0.27321683386131995, 0.0141], "Population-iVi": [0.0, 0.8924], "Population-Res iVi": [2.3768014975421077e-41, 0.097]}, "U_p_values_50": {"Population-Ogata": [0.13138496726749369, 0.0165], "Population-iVi": [3.9366602985332064e-68, 0.1247], "Population-Res iVi": [0.09685235111383245, 0.0174]}, "N_p_values_50": {"Population-Ogata": [0.27321683386131995, 0.0141], "Population-iVi": [1.1810680652684967e-157, 0.1897], "Population-Res iVi": [0.14028451762374075, 0.0163]}, "U_p_values_100": {"Population-Ogata": [0.13138496726749369, 0.0165], "Population-iVi": [4.1369792808660513e-20, 0.0673], "Population-Res iVi": [0.6637453476707832, 0.0103]}, "N_p_values_100": {"Population-Ogata": [0.27321683386131995, 0.0141], "Population-iVi": [7.367614128949917e-42, 0.0976], "Population-Res iVi": [0.6042251174586427, 0.0108]}, "U_p_values_1000": {"Population-Ogata": [0.13138496726749369, 0.0165], "Population-iVi": [0.08717458640626448, 0.0177], "Population-Res iVi": [0.3574576387469889, 0.0131]}, "N_p_values_1000": {"Population-Ogata": [0.27321683386131995, 0.0141], "Population-iVi": [0.013843815295457773, 0.0223], "Population-Res iVi": [0.21055778388518093, 0.015]}, "time_iVi_20": 2.360347032546997, "time_iVi_35": 4.364941596984863, "time_iVi_50": 6.4330713748931885, "time_iVi_65": 9.098312377929688, "time_iVi_80": 11.091890573501587, "time_iVi_100": 14.863556385040283, "time_iVi_200": 36.29118752479553, "time_iVi_350": 83.34471130371094, "time_iVi_500": 143.2999391555786, "time_iVi_750": 287.2816140651703, "time_iVi_1000": 476.1077470779419, "time_Res iVi_20": 2.5029242038726807, "time_Res iVi_35": 4.311202526092529, "time_Res iVi_50": 6.468731164932251, "time_Res iVi_65": 8.648067235946655, "time_Res iVi_80": 11.225797891616821, "time_Res iVi_100": 14.774820566177368, "time_Res iVi_200": 36.58364295959473, "time_Res iVi_350": 82.28872680664062, "time_Res iVi_500": 144.71732091903687, "time_Res iVi_750": 285.25585079193115, "time_Res iVi_1000": 473.97606134414673, "arriavals_p_values_10": {"Population": [0.4989589745148172, 0.039469009807364064], "Ogata": [0.3974908304463245, 0.038171656376523366], "iVi": [4.227945627762578e-27, 0.11374802864957567], "Res iVi": [0.7120650378658717, 0.05056034790023067]}, "arriavals_p_values_50": {"Population": [0.4989589745148172, 0.039469009807364064], "Ogata": [0.3974908304463245, 0.038171656376523366], "iVi": [0.216920588586494, 0.05077387680912815], "Res iVi": [0.8852883424374506, 0.033265836077437716]}, "arriavals_p_values_100": {"Population": [0.4989589745148172, 0.039469009807364064], "Ogata": [0.3974908304463245, 0.038171656376523366], "iVi": [0.6293134006904206, 0.03585129589237129], "Res iVi": [0.741906448664784, 0.051026903222021636]}, "arriavals_p_values_1000": {"Population": [0.4989589745148172, 0.039469009807364064], "Ogata": [0.3974908304463245, 0.038171656376523366], "iVi": [0.025732872711221266, 0.0673943719613897], "Res iVi": [0.03846749487747725, 0.10130199033887255]}}