{"methods_ivi": ["iVi", "Res iVi"], "methods_non_ivi": ["Population", "Ogata"], "n_paths_time_meas": 100000, "n_paths_non_ivi": 10000, "time_Population": 285.31142473220825, "time_Ogata": 438.6253571510315, "mean_N_T": 67.77201043385969, "U_p_values_10": {"Population-Ogata": [0.9937696624835611, 0.006], "Population-iVi": [1e-323, 0.2732], "Population-Res iVi": [0.1982547232209886, 0.0152]}, "N_p_values_10": {"Population-Ogata": [0.8232670451557268, 0.0089], "Population-iVi": [8.960324950620974e-42, 0.0975], "Population-Res iVi": [0.0006645359294741041, 0.0283]}, "U_p_values_50": {"Population-Ogata": [0.9937696624835611, 0.006], "Population-iVi": [9.044370890233839e-23, 0.0717], "Population-Res iVi": [0.09685235111383245, 0.0174]}, "N_p_values_50": {"Population-Ogata": [0.8232670451557268, 0.0089], "Population-iVi": [1.614066761277084e-10, 0.0482], "Population-Res iVi": [0.00035221594346540835, 0.0294]}, "U_p_values_100": {"Population-Ogata": [0.9937696624835611, 0.006], "Population-iVi": [2.6698813920069608e-05, 0.0335], "Population-Res iVi": [0.898195296299018, 0.0081]}, "N_p_values_100": {"Population-Ogata": [0.8232670451557268, 0.0089], "Population-iVi": [0.0001936584494228747, 0.0304], "Population-Res iVi": [0.008773910153826243, 0.0233]}, "U_p_values_1000": {"Population-Ogata": [0.9937696624835611, 0.006], "Population-iVi": [0.6875487335121528, 0.0101], "Population-Res iVi": [0.9526534360915695, 0.0073]}, "N_p_values_1000": {"Population-Ogata": [0.8232670451557268, 0.0089], "Population-iVi": [0.0006278972799238128, 0.0284], "Population-Res iVi": [0.0006278972799238128, 0.0284]}, "n_steps_arr_cf": [20, 35, 50, 65, 80, 100, 200, 350, 500, 750, 1000], "n_paths_ivi": 1000000, "mc_std_U": 1.694511913438755e-05, "mc_std_N": 6.0439440457459664e-05, "time_iVi_20": 0.2254953384399414, "errors_ivi": {"U": {"iVi": [0.005701081542368314, 0.0032911525790853546, 0.0023154880719303828, 0.0017979683765814714, 0.0014546353137826484, 0.0011620976084086299, 0.0005934606438474654, 0.0003028405537415235, 0.00024438336422344387, 0.00016691647605732163, 9.70206268014473e-05], "Res iVi": [3.205760148050629e-05, 2.3776081374771163e-05, 2.452829139465429e-05, 2.0535203746396835e-05, 4.047883853308676e-05, 2.0588633750928675e-05, 5.000433899560175e-06, 2.2153268747882038e-05, 5.734015383340729e-06, 4.2865464594532554e-07, 1.48192943197345e-05]}, "N": {"iVi": [0.005730402289551351, 0.003275522394376229, 0.002322945020205913, 0.0018078295312692338, 0.0014661682251461139, 0.0011417619951725744, 0.0006515794936047259, 0.0002443918488428398, 0.0002551998401665867, 0.00021901487982989298, 8.308913127003104e-05], "Res iVi": [0.0001172084669168183, 6.977583779238516e-05, 4.121891563590996e-05, 4.942731981810722e-05, 0.00013269574271690399, 9.471359672502677e-05, 8.059151627293204e-05, 3.6388022220057437e-05, 1.3923469436794012e-05, 1.8353579199104075e-05, 1.2524412044412347e-05]}}, "time_iVi_35": 0.4129340648651123, "time_iVi_50": 0.6303234338760376, "time_iVi_65": 0.8281482458114624, "time_iVi_80": 1.0753966569900513, "time_iVi_100": 1.4016975402832033, "time_iVi_200": 3.492702102661133, "time_iVi_350": 8.017530965805054, "time_iVi_500": 14.081314778327943, "time_iVi_750": 28.122170591354372, "time_iVi_1000": 47.403918623924255, "time_Res iVi_20": 0.25302417278289796, "time_Res iVi_35": 0.41581594944000244, "time_Res iVi_50": 0.616116499900818, "time_Res iVi_65": 0.8315315485000611, "time_Res iVi_80": 1.0764720439910889, "time_Res iVi_100": 1.4281626224517823, "time_Res iVi_200": 3.571106433868408, "time_Res iVi_350": 8.174546313285829, "time_Res iVi_500": 14.570291614532472, "time_Res iVi_750": 28.68817915916443, "time_Res iVi_1000": 48.10898072719574, "mc_std_iVi_U": 1.6715759637377373e-05, "mc_std_Res iVi_U": 1.680857225728982e-05, "mc_std_iVi_N": 6.016939304449245e-05, "mc_std_Res iVi_N": 6.018203669942143e-05}