{"time_Population_10000": 45.835450887680054, "time_Ogata_10000": 18.101616144180298, "mean_N_T": 24.695163078136517, "U_p_values_10": {"Population-Ogata": [0.734599370602186, 0.0097], "Population-iVi": [0.0, 0.4016], "Population-Res iVi": [0.006004628256311834, 0.0241]}, "N_p_values_10": {"Population-Ogata": [0.40535690578815814, 0.0126], "Population-iVi": [0.0, 0.5467], "Population-Res iVi": [0.03379876165411855, 0.0202]}, "U_p_values_50": {"Population-Ogata": [0.734599370602186, 0.0097], "Population-iVi": [3.553087110820756e-40, 0.0956], "Population-Res iVi": [0.43585275359069964, 0.0123]}, "N_p_values_50": {"Population-Ogata": [0.40535690578815814, 0.0126], "Population-iVi": [5.448978977413178e-79, 0.1343], "Population-Res iVi": [0.0541006396905892, 0.019]}, "U_p_values_100": {"Population-Ogata": [0.734599370602186, 0.0097], "Population-iVi": [1.0098681803666315e-12, 0.0532], "Population-Res iVi": [0.6756592612416861, 0.0102]}, "N_p_values_100": {"Population-Ogata": [0.40535690578815814, 0.0126], "Population-iVi": [3.3689631596405904e-26, 0.077], "Population-Res iVi": [0.011048689103032265, 0.0228]}, "U_p_values_1000": {"Population-Ogata": [0.734599370602186, 0.0097], "Population-iVi": [0.12295028892712498, 0.0167], "Population-Res iVi": [0.8898368093550385, 0.0082]}, "N_p_values_1000": {"Population-Ogata": [0.40535690578815814, 0.0126], "Population-iVi": [3.977130558088571e-05, 0.0329], "Population-Res iVi": [0.006300553044676882, 0.024]}, "time_iVi_20": 4.702675104141235, "errors_ivi": {"U": {"iVi": [0.06145958260709178, 0.0357933707860113, 0.02506127508193151, 0.01931626435907141, 0.015841198187651007, 0.01254511191137464, 0.006388217352739589, 0.003526931483477491, 0.0023613359999274386, 0.0015230872605189738, 0.001259647207577208], "Res iVi": [0.0007499670682306614, 0.0004941490236854418, 0.00031841825469958174, 0.0002353171606233051, 0.0002791543139395447, 0.00017663646673593547, 1.8921763808299463e-05, 0.0001436832389162257, 5.1314675811098276e-05, 6.217980591033401e-05, 2.8149629061502424e-05]}, "N": {"iVi": [0.12480661539241494, 0.07323891501633745, 0.05159285397966523, 0.03981209883222919, 0.03255958876472226, 0.02595214879904606, 0.013128778569941713, 0.007417787974857093, 0.004920305952824611, 0.003286888141174338, 0.002622821055749347], "Res iVi": [0.0011461045124133706, 0.0008096143301531966, 0.0006383909171394642, 0.00041254851327243713, 0.0005268235716954783, 0.0003960822403925035, 5.245530125841391e-05, 0.00035302251493635195, 8.518130930490475e-05, 6.783713534436187e-05, 2.707057630052523e-05]}}, "time_iVi_35": 5.938446044921875, "time_iVi_50": 9.009801626205444, "time_iVi_65": 12.438976764678955, "time_iVi_80": 16.571054220199585, "time_iVi_100": 18.26648736000061, "time_iVi_200": 41.08676314353943, "time_iVi_350": 95.38629055023193, "time_iVi_500": 163.9476833343506, "time_iVi_750": 316.0955955982208, "time_iVi_1000": 515.3106677532196, "time_Res iVi_20": 3.14182448387146, "time_Res iVi_35": 5.011620759963989, "time_Res iVi_50": 6.977483034133911, "time_Res iVi_65": 9.280962228775024, "time_Res iVi_80": 11.952109575271606, "time_Res iVi_100": 15.702977180480957, "time_Res iVi_200": 39.24932146072388, "time_Res iVi_350": 89.71566915512085, "time_Res iVi_500": 156.53779816627502, "time_Res iVi_750": 298.5008990764618, "time_Res iVi_1000": 509.2174973487854, "arriavals_p_values_10": {"Population": [0.6993361135298879, 0.12822041412193796], "Ogata": [0.019529288083357743, 0.3906924102531852], "iVi": [0.16265674846151734, 0.16499770334064523], "Res iVi": [0.9003751354590734, 0.09354888904743974]}, "arriavals_p_values_50": {"Population": [0.6993361135298879, 0.12822041412193796], "Ogata": [0.019529288083357743, 0.3906924102531852], "iVi": [0.4837775619983753, 0.12139286726853826], "Res iVi": [0.6614895320156549, 0.15953500333876014]}, "arriavals_p_values_100": {"Population": [0.6993361135298879, 0.12822041412193796], "Ogata": [0.019529288083357743, 0.3906924102531852], "iVi": [0.7340578174050396, 0.13954321371490164], "Res iVi": [0.3102023404257659, 0.16061379136736242]}, "arriavals_p_values_1000": {"Population": [0.6993361135298879, 0.12822041412193796], "Ogata": [0.019529288083357743, 0.3906924102531852], "iVi": [0.5815197407343196, 0.15227624758530645], "Res iVi": [0.0702493295837241, 0.31178883401330837]}}