{"time_Population_10000": 4.821257829666138, "time_Ogata_10000": 8.453104496002197, "mean_N_T": 15.967628237439953, "U_p_values_10": {"Population-Ogata": [0.0702415315299295, 0.0183], "Population-iVi": [4.299493614684825e-15, 0.0581], "Population-Res iVi": [7.867612217074528e-07, 0.0384]}, "N_p_values_10": {"Population-Ogata": [0.175326677835407, 0.0156], "Population-iVi": [6.561580150128706e-119, 0.1648], "Population-Res iVi": [0.0002779349561056713, 0.0298]}, "U_p_values_50": {"Population-Ogata": [0.0702415315299295, 0.0183], "Population-iVi": [0.8127749152563353, 0.009], "Population-Res iVi": [0.7689615674766569, 0.0094]}, "N_p_values_50": {"Population-Ogata": [0.175326677835407, 0.0156], "Population-iVi": [0.0010971745502738898, 0.0274], "Population-Res iVi": [0.03662861114079258, 0.02]}, "U_p_values_100": {"Population-Ogata": [0.0702415315299295, 0.0183], "Population-iVi": [0.1808532467067878, 0.0155], "Population-Res iVi": [0.07832207989955421, 0.018]}, "N_p_values_100": {"Population-Ogata": [0.175326677835407, 0.0156], "Population-iVi": [0.0015189232077951196, 0.0268], "Population-Res iVi": [9.200976539765021e-05, 0.0316]}, "U_p_values_1000": {"Population-Ogata": [0.0702415315299295, 0.0183], "Population-iVi": [0.265648701789311, 0.0142], "Population-Res iVi": [0.7912059350314521, 0.0092]}, "N_p_values_1000": {"Population-Ogata": [0.175326677835407, 0.0156], "Population-iVi": [9.800441299350962e-05, 0.0315], "Population-Res iVi": [0.0005602322386359428, 0.0286]}, "time_iVi_20": 2.9862966537475586, "errors_ivi": {"U": {"iVi": [0.008467757484591165, 0.004859700345013762, 0.0033671278147796024, 0.0026149860051127294, 0.0018888364700327953, 0.001528783765145647, 0.0009078765767498997, 0.00013984544363304652, 0.00018386412228121873, 2.401459008449791e-05, 0.00014488952554808643], "Res iVi": [0.003934077076620024, 0.0023624905704993093, 0.001446464729397745, 0.0010768845910832936, 0.0010183625957001508, 0.0008414934398243701, 0.0007403863817622147, 0.00017603431794044333, 8.87080537512186e-05, 0.00010212816938282021, 0.00014664434210237554]}, "N": {"iVi": [0.04357448961619642, 0.024541831914078382, 0.017153366664581005, 0.013184656099770875, 0.010336124222217413, 0.008277173361451118, 0.004379026482453086, 0.0018624288884799278, 0.001573389265886238, 0.0008505839702244722, 0.0008897495078621365], "Res iVi": [0.005178718975005325, 0.003073474420460076, 0.002061691622553319, 0.0015396432902657353, 0.0013979893418611944, 0.0011407668620960765, 0.0009229858629884458, 0.0001468883489256223, 0.0003098119698266011, 0.00018851154691390537, 0.00017692498399074497]}}, "time_iVi_35": 5.582535743713379, "time_iVi_50": 7.493941307067871, "time_iVi_65": 9.448614120483398, "time_iVi_80": 12.100877285003662, "time_iVi_100": 15.858191728591919, "time_iVi_200": 40.268516302108765, "time_iVi_350": 94.0615005493164, "time_iVi_500": 160.96050357818604, "time_iVi_750": 310.01891589164734, "time_iVi_1000": 510.9208381175995, "time_Res iVi_20": 2.812070608139038, "time_Res iVi_35": 4.727741003036499, "time_Res iVi_50": 6.92944598197937, "time_Res iVi_65": 9.350443601608276, "time_Res iVi_80": 11.970966577529907, "time_Res iVi_100": 15.918649673461914, "time_Res iVi_200": 39.91422152519226, "time_Res iVi_350": 91.22748517990112, "time_Res iVi_500": 157.9344916343689, "time_Res iVi_750": 308.3138267993927, "time_Res iVi_1000": 510.7007999420166, "arriavals_p_values_10": {"Population": [0.5628003247655133, 0.17292187575062756], "Ogata": [0.8145375157326721, 0.2854153271804708], "iVi": [0.6828657083680794, 0.1877158265471453], "Res iVi": [0.08827846583464327, 0.41805049674966377]}, "arriavals_p_values_50": {"Population": [0.5628003247655133, 0.17292187575062756], "Ogata": [0.8145375157326721, 0.2854153271804708], "iVi": [0.5908624598443644, 0.21049375955642557], "Res iVi": [0.8140214765529381, 0.11479516712398852]}, "arriavals_p_values_100": {"Population": [0.5628003247655133, 0.17292187575062756], "Ogata": [0.8145375157326721, 0.2854153271804708], "iVi": [0.9592293780716183, 0.10903638951121819], "Res iVi": [0.7283456481862707, 0.24140981862103572]}, "arriavals_p_values_1000": {"Population": [0.5628003247655133, 0.17292187575062756], "Ogata": [0.8145375157326721, 0.2854153271804708], "iVi": [0.8170279920838462, 0.12317749541050729], "Res iVi": [0.6628595633243763, 0.19837607388378442]}}