{"methods_ivi": ["iVi", "Res iVi"], "methods_non_ivi": ["Population", "Ogata"], "n_paths_time_meas": 100000, "n_paths_non_ivi": 10000, "time_Population": 119.98571872711182, "time_Ogata": 181.1335849761963, "mean_N_T": 20.649583194459623, "U_p_values_10": {"Population-Ogata": [0.6398931694241892, 0.0105], "Population-iVi": [7.224443877895371e-184, 0.2048], "Population-Res iVi": [0.008773910153826243, 0.0233]}, "N_p_values_10": {"Population-Ogata": [0.9841448923336962, 0.0065], "Population-iVi": [6.060888770235787e-93, 0.1457], "Population-Res iVi": [2.038767400805926e-05, 0.0339]}, "U_p_values_50": {"Population-Ogata": [0.6398931694241892, 0.0105], "Population-iVi": [2.2050447912792697e-08, 0.0428], "Population-Res iVi": [0.5342696653345376, 0.0114]}, "N_p_values_50": {"Population-Ogata": [0.9841448923336962, 0.0065], "Population-iVi": [4.100535218416419e-11, 0.0496], "Population-Res iVi": [9.552169730167214e-06, 0.035]}, "U_p_values_100": {"Population-Ogata": [0.6398931694241892, 0.0105], "Population-iVi": [1.7794418993158944e-05, 0.0341], "Population-Res iVi": [0.14966522632015317, 0.0161]}, "N_p_values_100": {"Population-Ogata": [0.9841448923336962, 0.0065], "Population-iVi": [3.0416065020756895e-11, 0.0499], "Population-Res iVi": [4.94385703236124e-07, 0.039]}, "U_p_values_1000": {"Population-Ogata": [0.6398931694241892, 0.0105], "Population-iVi": [0.3305488484947325, 0.0134], "Population-Res iVi": [0.21692483428445863, 0.0149]}, "N_p_values_1000": {"Population-Ogata": [0.9841448923336962, 0.0065], "Population-iVi": [3.2615360632130744e-05, 0.0332], "Population-Res iVi": [1.679497894395093e-06, 0.0374]}, "n_steps_arr_cf": [20, 35, 50, 65, 80, 100, 200, 350, 500, 750, 1000], "n_paths_ivi": 1000000, "mc_std_U": 8.196588950720794e-05, "mc_std_N": 0.00015386290739627885, "time_iVi_20": 0.21724178791046145, "errors_ivi": {"U": {"iVi": [0.019461315425154502, 0.010866066447654865, 0.007472898257436578, 0.005705759459549653, 0.004640109670525361, 0.0036505432931388526, 0.0017893736607325628, 0.0010616049741245526, 0.0008120809645146831, 0.0004170146278608122, 0.00032131721867678653], "Res iVi": [0.0009200000621846782, 0.0005602185710603114, 0.00036487418316683007, 0.00034904908719207706, 0.00012945170151212881, 0.0001842218464245815, 0.00019126638939720442, 2.9576129362274273e-05, 5.03378250565345e-05, 0.00013112723264235848, 1.764436240736522e-05]}, "N": {"iVi": [0.01818376539211486, 0.010203913525743902, 0.006947621386276526, 0.0053900586475088, 0.004324518780342901, 0.0034435543525813683, 0.0017263113052230494, 0.0010145253666782317, 0.0008429816785053834, 0.0003464310451627428, 0.00021515609083522236], "Res iVi": [0.0017490354395698349, 0.0009691231070245165, 0.0007506593479900681, 0.000586310000618262, 0.00025803012925079694, 0.00027768982492304417, 0.00033656400656945085, 7.033229122854756e-05, 0.00014536022930372594, 0.0002249000220883035, 5.7136026833770615e-05]}}, "time_iVi_35": 0.3873671293258667, "time_iVi_50": 0.5709770202636719, "time_iVi_65": 0.7633523941040039, "time_iVi_80": 0.9657188892364502, "time_iVi_100": 1.2828219175338746, "time_iVi_200": 3.341872596740723, "time_iVi_350": 7.7468094587326055, "time_iVi_500": 13.92566967010498, "time_iVi_750": 28.433817744255066, "time_iVi_1000": 47.429424619674684, "time_Res iVi_20": 0.23205311298370362, "time_Res iVi_35": 0.39292774200439456, "time_Res iVi_50": 0.5917792320251465, "time_Res iVi_65": 0.7892433166503907, "time_Res iVi_80": 1.0135802507400513, "time_Res iVi_100": 1.3519863843917848, "time_Res iVi_200": 3.5316166400909426, "time_Res iVi_350": 8.231687998771667, "time_Res iVi_500": 18.01408703327179, "time_Res iVi_750": 36.468070936203006, "time_Res iVi_1000": 1749.5559173345566, "mc_std_iVi_U": 8.18780102345665e-05, "mc_std_Res iVi_U": 8.185846463240444e-05, "mc_std_iVi_N": 0.00015375774232925929, "mc_std_Res iVi_N": 0.0001537850736652253}