{"methods_ivi": ["iVi", "Res iVi"], "methods_non_ivi": ["Population", "Ogata"], "n_paths_time_meas": 1000000, "n_paths_non_ivi": 10000, "time_Population": 1290.1272058486938, "time_Ogata": 588.9774799346924, "mean_N_T": 24.695163078136517, "U_p_values_10": {"Population-Ogata": [0.734599370602186, 0.0097], "Population-iVi": [0.0, 0.3689], "Population-Res iVi": [4.100535218416419e-11, 0.0496]}, "N_p_values_10": {"Population-Ogata": [0.40535690578815814, 0.0126], "Population-iVi": [6.561580150128706e-119, 0.1648], "Population-Res iVi": [1.4487913385734907e-05, 0.0344]}, "U_p_values_50": {"Population-Ogata": [0.734599370602186, 0.0097], "Population-iVi": [2.7806186723432776e-27, 0.0786], "Population-Res iVi": [0.5228883388356883, 0.0115]}, "N_p_values_50": {"Population-Ogata": [0.40535690578815814, 0.0126], "Population-iVi": [3.8147229939069957e-10, 0.0473], "Population-Res iVi": [0.06288105634528753, 0.0186]}, "U_p_values_100": {"Population-Ogata": [0.734599370602186, 0.0097], "Population-iVi": [3.084305112309125e-07, 0.0396], "Population-Res iVi": [0.8811642663237643, 0.0083]}, "N_p_values_100": {"Population-Ogata": [0.40535690578815814, 0.0126], "Population-iVi": [0.00026182395806761743, 0.0299], "Population-Res iVi": [0.060578846945709426, 0.0187]}, "U_p_values_1000": {"Population-Ogata": [0.734599370602186, 0.0097], "Population-iVi": [0.9212790168134688, 0.0078], "Population-Res iVi": [0.5228883388356883, 0.0115]}, "N_p_values_1000": {"Population-Ogata": [0.40535690578815814, 0.0126], "Population-iVi": [0.004943640510915934, 0.0245], "Population-Res iVi": [0.0066097390500499155, 0.0239]}, "n_steps_arr_cf": [20, 35, 50, 65, 80, 100, 200, 350, 500, 750, 1000], "n_paths_ivi": 1000000, "mc_std_U": 9.907214732084377e-05, "mc_std_N": 0.00016468642394148328, "time_iVi_20": 1.8662703037261963, "errors_ivi": {"U": {"iVi": [0.0403306564560596, 0.023084419819331292, 0.016203004458356984, 0.012429706841730281, 0.009898439828603722, 0.008058892597034073, 0.003959869789657566, 0.00227703395949852, 0.0016001441219591905, 0.0011893700680485897, 0.0008061432792086931], "Res iVi": [0.002056575919484993, 0.0012560067461084845, 0.0008834815802645779, 0.0006231343233184528, 0.0006104315480511824, 0.000383288779640667, 0.0001633225536634697, 0.0001504539578417452, 9.613425329879632e-05, 5.1689600856885676e-05, 8.307625640036065e-05]}, "N": {"iVi": [0.03142846087525758, 0.01841618549326529, 0.013020318258856023, 0.010141835898071883, 0.008508686494428375, 0.006661035944647231, 0.0034950108971859573, 0.0019600744870358344, 0.0013703835130767783, 0.0006672127138972472, 0.0007235356465909448], "Res iVi": [0.0031299701787705914, 0.0019700849244631002, 0.0014856033036662053, 0.0010211105543480037, 0.0010499721784698046, 0.0007171814548337374, 0.0003175012953945955, 0.00035477160730890134, 0.00018618682378485074, 9.595799669837035e-05, 0.00010111550851843454]}}, "time_iVi_35": 3.188868761062622, "time_iVi_50": 4.461913347244263, "time_iVi_65": 5.58264946937561, "time_iVi_80": 6.608810901641846, "time_iVi_100": 8.223275661468506, "time_iVi_200": 16.47470712661743, "time_iVi_350": 28.922502517700195, "time_iVi_500": 42.65635108947754, "time_iVi_750": 66.21884083747864, "time_iVi_1000": 92.26529741287231, "time_Res iVi_20": 1.8609530925750732, "time_Res iVi_35": 2.9972083568573, "time_Res iVi_50": 4.064001798629761, "time_Res iVi_65": 5.188442945480347, "time_Res iVi_80": 6.218316078186035, "time_Res iVi_100": 7.827300786972046, "time_Res iVi_200": 15.905994176864624, "time_Res iVi_350": 29.32864212989807, "time_Res iVi_500": 42.73223423957825, "time_Res iVi_750": 67.67633032798767, "time_Res iVi_1000": 91.93313002586365, "arriavals_p_values_10": {"Population": [0.6993361135298879, 0.12822041412193796], "Ogata": [0.019529288083357743, 0.3906924102531852], "iVi": [0.9109627224134681, 0.1008734670401446], "Res iVi": [0.7115019622287907, 0.1567372767138074]}, "arriavals_p_values_50": {"Population": [0.6993361135298879, 0.12822041412193796], "Ogata": [0.019529288083357743, 0.3906924102531852], "iVi": [0.6297483967100277, 0.11733893305601839], "Res iVi": [0.506980506288537, 0.1722781588874771]}, "arriavals_p_values_100": {"Population": [0.6993361135298879, 0.12822041412193796], "Ogata": [0.019529288083357743, 0.3906924102531852], "iVi": [0.7785584489762511, 0.13670211221759054], "Res iVi": [0.2706892516975782, 0.23970575682193818]}, "arriavals_p_values_1000": {"Population": [0.6993361135298879, 0.12822041412193796], "Ogata": [0.019529288083357743, 0.3906924102531852], "iVi": [0.5815197407343196, 0.15227624758530645], "Res iVi": [0.0702493295837241, 0.31178883401330837]}}