{"methods_ivi": ["iVi", "Res iVi"], "methods_non_ivi": ["Population", "Ogata"], "n_paths_time_meas": 100000, "n_paths_non_ivi": 10000, "time_Population": 340.7017397880554, "time_Ogata": 476.54577255249023, "mean_N_T": 39.166083671688654, "U_p_values_10": {"Population-Ogata": [0.175326677835407, 0.0156], "Population-iVi": [7.382274676578716e-169, 0.1963], "Population-Res iVi": [0.000832086912285238, 0.0279]}, "N_p_values_10": {"Population-Ogata": [0.3667356837968788, 0.013], "Population-iVi": [0.0, 0.3648], "Population-Res iVi": [0.016521429620682752, 0.0219]}, "U_p_values_50": {"Population-Ogata": [0.175326677835407, 0.0156], "Population-iVi": [0.00014252470286964881, 0.0309], "Population-Res iVi": [0.30504141099080584, 0.0137]}, "N_p_values_50": {"Population-Ogata": [0.3667356837968788, 0.013], "Population-iVi": [0.07554538445539462, 0.0181], "Population-Res iVi": [0.07554538445539462, 0.0181]}, "U_p_values_100": {"Population-Ogata": [0.175326677835407, 0.0156], "Population-iVi": [0.0005602322386359428, 0.0286], "Population-Res iVi": [0.44629561636001003, 0.0122]}, "N_p_values_100": {"Population-Ogata": [0.3667356837968788, 0.013], "Population-iVi": [0.00405711323877029, 0.0249], "Population-Res iVi": [0.05834923238904962, 0.0188]}, "U_p_values_1000": {"Population-Ogata": [0.175326677835407, 0.0156], "Population-iVi": [0.24386411273382524, 0.0145], "Population-Res iVi": [0.6279782033821611, 0.0106]}, "N_p_values_1000": {"Population-Ogata": [0.3667356837968788, 0.013], "Population-iVi": [0.013843815295457773, 0.0223], "Population-Res iVi": [0.018026945146397706, 0.0217]}, "n_steps_arr_cf": [20, 35, 50, 65, 80, 100, 200, 350, 500, 750, 1000], "n_paths_ivi": 100000, "mc_std_U": 0.00027487956405425134, "mc_std_N": 0.00043663287293946746, "time_iVi_20": 0.3143160343170166, "errors_ivi": {"U": {"iVi": [0.002407484536548099, 0.004037151951666429, 0.005450633599084376, 0.004794775189528255, 0.004481794500848846, 0.0036725912377502112, 0.002316238039144769, 0.0013674501211436985, 0.0014245444513454886, 0.0006475142310548021, 0.0009671367370919781], "Res iVi": [0.00020389262704828548, 0.0006494751958710521, 7.895255706313886e-05, 0.00038026644067939985, 8.463831503402464e-05, 0.0002844107906972426, 0.00012845530186483822, 0.00037314582773217975, 0.000405841522713446, 4.864125075304537e-05, 0.0003008400410249301]}, "N": {"iVi": [0.027734112706773117, 0.005795163983057794, 0.0003561696944714421, 0.0014527844746767826, 0.002438693854355689, 0.002180645854441887, 0.0016499975996037142, 0.0012322456046167107, 0.0014711007168846657, 0.0006588112869240215, 0.0010459390706744065], "Res iVi": [0.00035046366778518356, 0.0011736605790323429, 0.00033867035891377295, 0.0006011143350871384, 0.00021955437373993858, 0.0005515174512384369, 0.0005499629116679783, 0.0005147598282542742, 0.0005957014550088124, 0.00024433937281259643, 0.0003392861335819175]}}, "time_iVi_35": 0.48735976219177246, "time_iVi_50": 0.7380838394165039, "time_iVi_65": 0.9587163925170898, "time_iVi_80": 0.9380717277526855, "time_iVi_100": 1.3939194679260254, "time_iVi_200": 3.6433703899383545, "time_iVi_350": 7.763665437698364, "time_iVi_500": 14.16444444656372, "time_iVi_750": 31.08816361427307, "time_iVi_1000": 49.71361827850342, "time_Res iVi_20": 0.28527212142944336, "time_Res iVi_35": 0.42870116233825684, "time_Res iVi_50": 0.5970234870910645, "time_Res iVi_65": 0.7952556610107422, "time_Res iVi_80": 0.9994597434997559, "time_Res iVi_100": 1.3474810123443604, "time_Res iVi_200": 3.4487364292144775, "time_Res iVi_350": 8.039003372192383, "time_Res iVi_500": 14.374878168106079, "time_Res iVi_750": 30.243181943893433, "time_Res iVi_1000": 57.02446794509888, "mc_std_iVi_U": 0.0002744259387500915, "mc_std_Res iVi_U": 0.00027562191135303523, "mc_std_iVi_N": 0.00043707825140648074, "mc_std_Res iVi_N": 0.0004385131519409925, "arriavals_p_values_10": {"Population": [0.8583485822468083, 0.09657898204550425], "Ogata": [0.4852510399743166, 0.15529887264579512], "iVi": [0.2816443141609126, 0.12707368630941618], "Res iVi": [0.5250791442256098, 0.0916075403313284]}, "arriavals_p_values_50": {"Population": [0.8583485822468083, 0.09657898204550425], "Ogata": [0.4852510399743166, 0.15529887264579512], "iVi": [0.7958390069797106, 0.08377390199944137], "Res iVi": [0.9069375375069189, 0.09255780905045996]}, "arriavals_p_values_100": {"Population": [0.8583485822468083, 0.09657898204550425], "Ogata": [0.4852510399743166, 0.15529887264579512], "iVi": [0.08567780896009092, 0.15656406115727628], "Res iVi": [0.04320350085524871, 0.24648196339042822]}, "arriavals_p_values_1000": {"Population": [0.8583485822468083, 0.09657898204550425], "Ogata": [0.4852510399743166, 0.15529887264579512], "iVi": [0.5770617762277865, 0.11042770436745014], "Res iVi": [0.12444902971639993, 0.2060400045443082]}}