{"methods_ivi": ["iVi", "Res iVi"], "methods_non_ivi": ["Population", "Ogata"], "n_paths_time_meas": 1000000, "n_paths_non_ivi": 10000, "time_Population": 558.4699392318726, "time_Ogata": 1408.4774017333984, "mean_N_T": 22.423082077256318, "U_p_values_10": {"Population-Ogata": [0.7689615674766569, 0.0094], "Population-iVi": [2.3351850663424812e-36, 0.0909], "Population-Res iVi": [0.0016901574904271007, 0.0266]}, "N_p_values_10": {"Population-Ogata": [0.1808532467067878, 0.0155], "Population-iVi": [3.820183408389844e-09, 0.0448], "Population-Res iVi": [0.005721457465925187, 0.0242]}, "U_p_values_50": {"Population-Ogata": [0.7689615674766569, 0.0094], "Population-iVi": [9.270472922739023e-09, 0.0438], "Population-Res iVi": [0.8127749152563353, 0.009]}, "N_p_values_50": {"Population-Ogata": [0.1808532467067878, 0.0155], "Population-iVi": [3.996326012053762e-08, 0.0421], "Population-Res iVi": [0.018824742428484434, 0.0216]}, "U_p_values_100": {"Population-Ogata": [0.7689615674766569, 0.0094], "Population-iVi": [0.0007868401628807149, 0.028], "Population-Res iVi": [0.7912059350314521, 0.0092]}, "N_p_values_100": {"Population-Ogata": [0.1808532467067878, 0.0155], "Population-iVi": [2.854668341236491e-05, 0.0334], "Population-Res iVi": [0.00405711323877029, 0.0249]}, "U_p_values_1000": {"Population-Ogata": [0.7689615674766569, 0.0094], "Population-iVi": [0.4784083389368079, 0.0119], "Population-Res iVi": [0.8811642663237643, 0.0083]}, "N_p_values_1000": {"Population-Ogata": [0.1808532467067878, 0.0155], "Population-iVi": [4.24728924053937e-05, 0.0328], "Population-Res iVi": [0.00035221594346540835, 0.0294]}, "n_steps_arr_cf": [20, 35, 50, 65, 80, 100, 200, 350, 500, 750, 1000], "n_paths_ivi": 1000000, "mc_std_U": 8.951114396659638e-05, "mc_std_N": 0.00015674780721978336, "time_iVi_20": 2.2040395736694336, "errors_ivi": {"U": {"iVi": [0.01627679650701619, 0.010918534656467083, 0.008038702000735809, 0.0063038064677214956, 0.0052089059381573155, 0.004327888010163483, 0.002156872352398753, 0.0012288631223689173, 0.0007664295431608625, 0.0006940900068860278, 0.0004999632649381747], "Res iVi": [0.0008252086728948727, 0.0003688115015089699, 0.00040401310190907314, 0.00030568238181899465, 0.0003178756194027743, 9.700359592984542e-05, 4.929041117013311e-05, 0.00017050980147365058, 6.441152746700096e-05, 8.401257189610822e-05, 3.7515502948615165e-06]}, "N": {"iVi": [0.010128206313699317, 0.008960301262545434, 0.007019258849017329, 0.005690171849153602, 0.00476359769957424, 0.004024776631724791, 0.002026762439359342, 0.0011384106927400661, 0.0005898380652752944, 0.0007111693506841599, 0.0005612094184733185], "Res iVi": [0.0015224024448491913, 0.0007431345776027221, 0.0008313033171635231, 0.0005856281501356864, 0.0006314066711760047, 0.00026005064882234086, 0.0001244317081817159, 0.00031585050852722674, 0.00013665625361747313, 0.00013583142425976913, 8.731931513572544e-06]}}, "time_iVi_35": 4.046244859695435, "time_iVi_50": 5.982197999954224, "time_iVi_65": 7.565948009490967, "time_iVi_80": 9.718068838119507, "time_iVi_100": 12.92193078994751, "time_iVi_200": 33.063188314437866, "time_iVi_350": 77.32749819755554, "time_iVi_500": 137.56273555755615, "time_iVi_750": 278.1895167827606, "time_iVi_1000": 476.0335373878479, "time_Res iVi_20": 2.208814859390259, "time_Res iVi_35": 3.785231113433838, "time_Res iVi_50": 5.686755895614624, "time_Res iVi_65": 7.6959922313690186, "time_Res iVi_80": 9.69371509552002, "time_Res iVi_100": 13.265063047409058, "time_Res iVi_200": 34.52806854248047, "time_Res iVi_350": 81.01874828338623, "time_Res iVi_500": 146.45907187461853, "time_Res iVi_750": 295.6782238483429, "time_Res iVi_1000": 497.78495478630066, "arriavals_p_values_10": {"Population": [0.9162871530268228, 0.10977609456726456], "Ogata": [0.5234041896091502, 0.14557245821298204], "iVi": [0.8218700083864037, 0.12770543029121728], "Res iVi": [0.8911947928549218, 0.11682703657989424]}, "arriavals_p_values_50": {"Population": [0.9162871530268228, 0.10977609456726456], "Ogata": [0.5234041896091502, 0.14557245821298204], "iVi": [0.36691430830964766, 0.16516068580508575], "Res iVi": [0.2854203940941412, 0.20282424692927753]}, "arriavals_p_values_100": {"Population": [0.9162871530268228, 0.10977609456726456], "Ogata": [0.5234041896091502, 0.14557245821298204], "iVi": [0.9508112387279569, 0.10649590342345994], "Res iVi": [0.8318380925133048, 0.11449922218957032]}, "arriavals_p_values_1000": {"Population": [0.9162871530268228, 0.10977609456726456], "Ogata": [0.5234041896091502, 0.14557245821298204], "iVi": [0.3650216028381158, 0.1933215316257767], "Res iVi": [0.1918988040202274, 0.26010635886795186]}}