{"methods_ivi": ["iVi"], "methods_non_ivi": ["Population", "Ogata"], "n_paths_time_meas": 100000, "n_steps_arr_cf": [20, 35, 50, 65, 80, 100, 200, 350, 500, 750, 1000], "n_batch_cf": 10, "batch_size_cf": 100000, "n_paths_non_ivi": 10000, "time_Population": 2281.771161556244, "time_Ogata": 4132.061676979065, "arriavals_p_values_10": {"Population": [0.6898771332856012, 0.044788120695033684], "Ogata": [0.5787178561624456, 0.05931073140473386], "iVi": [0.3696158938238343, 0.061779276403838956]}, "arriavals_p_values_50": {"Population": [0.6898771332856012, 0.044788120695033684], "Ogata": [0.5787178561624456, 0.05931073140473386]}, "arriavals_p_values_100": {"Population": [0.6898771332856012, 0.044788120695033684], "Ogata": [0.5787178561624456, 0.05931073140473386], "iVi": [0.6100907886703741, 0.04407772699962198]}, "arriavals_p_values_1000": {"Population": [0.6898771332856012, 0.044788120695033684], "Ogata": [0.5787178561624456, 0.05931073140473386], "iVi": [0.3475883122547996, 0.059236004130868825]}}