{"methods_ivi": ["iVi", "Res iVi"], "methods_non_ivi": ["ExpExact", "Ogata"], "n_paths_time_meas": 100000, "n_paths_non_ivi": 10000, "time_ExpExact": 1013.9828729629517, "time_Ogata": 1302.4789118766785, "mean_N_T": 309.05680343098845, "U_p_values_10": {"ExpExact-Ogata": [0.5116055794163079, 0.0116], "ExpExact-iVi": [0.0, 1.0], "ExpExact-Res iVi": [8.290871607551258e-172, 0.198]}, "N_p_values_10": {"ExpExact-Ogata": [0.6994009459719119, 0.01], "ExpExact-iVi": [1.2355185915058402e-180, 0.203], "ExpExact-Res iVi": [1.4784518027742434e-27, 0.079]}, "U_p_values_50": {"ExpExact-Ogata": [0.5116055794163079, 0.0116], "ExpExact-iVi": [0.0, 0.8719], "ExpExact-Res iVi": [3.375297900126846e-08, 0.0423]}, "N_p_values_50": {"ExpExact-Ogata": [0.6994009459719119, 0.01], "ExpExact-iVi": [1.0321909043989126e-81, 0.1366], "ExpExact-Res iVi": [0.0001111240923452992, 0.0313]}, "U_p_values_100": {"ExpExact-Ogata": [0.5116055794163079, 0.0116], "ExpExact-iVi": [0.0, 0.5283], "ExpExact-Res iVi": [0.09685235111383245, 0.0174]}, "N_p_values_100": {"ExpExact-Ogata": [0.6994009459719119, 0.01], "ExpExact-iVi": [6.943948370655988e-31, 0.0837], "ExpExact-Res iVi": [0.19231550503923178, 0.0153]}, "U_p_values_1000": {"ExpExact-Ogata": [0.5116055794163079, 0.0116], "ExpExact-iVi": [2.4521958496003828e-18, 0.0642], "ExpExact-Res iVi": [0.9282795837972042, 0.0077]}, "N_p_values_1000": {"ExpExact-Ogata": [0.6994009459719119, 0.01], "ExpExact-iVi": [0.0702415315299295, 0.0183], "ExpExact-Res iVi": [0.8435889342947497, 0.0087]}, "n_steps_arr_cf": [20, 35, 50, 65, 80, 100, 200, 350, 500, 750, 1000], "n_paths_ivi": 100000, "mc_std_U": 0.00021860625984366716, "mc_std_N": 0.00028026669534030074, "time_iVi_20": 0.42144346237182617, "errors_ivi": {"U": {"iVi": [0.3188922380739511, 0.22017832747329252, 0.164090259405198, 0.1299923586842165, 0.10718184337104464, 0.08690088283912595, 0.04411298072106129, 0.02528405323715177, 0.01780436218429704, 0.01192284898954854, 0.009094339676558705], "Res iVi": [0.0034199483543269626, 0.002213393830219512, 0.0017094853194387638, 0.0012280435542364465, 0.0010318345743116075, 0.0009385580994751286, 0.00023108074140593127, 0.00018071927120205666, 0.00011679763475802574, 0.000192950981580009, 2.6174586996663418e-05]}, "N": {"iVi": [0.03275578263688872, 0.024306051568918186, 0.019325580614600213, 0.01573235387899119, 0.013462939021926301, 0.010962388219915742, 0.006079116518687533, 0.0036738454915664076, 0.0025207024215559426, 0.001687779971440595, 0.0010811229297162939], "Res iVi": [0.003677110214692858, 0.0025631177386009063, 0.0020216934126109365, 0.0014861455964871317, 0.0012138988693142783, 0.0011919834425774822, 0.00029248016416727474, 0.00024064702952586448, 0.0001360547353475572, 0.00028204715597202057, 6.670708105777079e-05]}}, "time_iVi_35": 0.6776297092437744, "time_iVi_50": 0.8946049213409424, "time_iVi_65": 1.0903558731079102, "time_iVi_80": 1.3212075233459473, "time_iVi_100": 1.6736760139465332, "time_iVi_200": 3.2965774536132812, "time_iVi_350": 5.980470895767212, "time_iVi_500": 8.183166980743408, "time_iVi_750": 12.127651691436768, "time_iVi_1000": 16.325783729553223, "time_Res iVi_20": 0.455524206161499, "time_Res iVi_35": 0.6751971244812012, "time_Res iVi_50": 0.8812363147735596, "time_Res iVi_65": 1.0891385078430176, "time_Res iVi_80": 1.3358981609344482, "time_Res iVi_100": 1.6706829071044922, "time_Res iVi_200": 3.288133382797241, "time_Res iVi_350": 5.813337087631226, "time_Res iVi_500": 8.359097957611084, "time_Res iVi_750": 11.966199398040771, "time_Res iVi_1000": 15.311057090759277, "mc_std_iVi_U": 0.00021472107129888614, "mc_std_Res iVi_U": 0.0002211037662668101, "mc_std_iVi_N": 0.0002770335193905727, "mc_std_Res iVi_N": 0.0002836632135602025}