{"methods_ivi": ["iVi", "Res iVi"], "methods_non_ivi": ["Population", "Ogata"], "n_paths_time_meas": 100000, "n_paths_non_ivi": 10000, "time_Population": 260.0170135498047, "time_Ogata": 365.88106632232666, "mean_N_T": 39.166083671688654, "U_p_values_10": {"Population-Ogata": [0.175326677835407, 0.0156], "Population-iVi": [1e-323, 0.2987], "Population-Res iVi": [0.03518876957795689, 0.0201]}, "N_p_values_10": {"Population-Ogata": [0.3667356837968788, 0.013], "Population-iVi": [1.1364593665360968e-194, 0.2107], "Population-Res iVi": [0.010081483182653565, 0.023]}, "U_p_values_50": {"Population-Ogata": [0.175326677835407, 0.0156], "Population-iVi": [5.914587820491248e-13, 0.0537], "Population-Res iVi": [0.8232670451557268, 0.0089]}, "N_p_values_50": {"Population-Ogata": [0.3667356837968788, 0.013], "Population-iVi": [2.4339509917186877e-09, 0.0453], "Population-Res iVi": [0.019653913806156054, 0.0215]}, "U_p_values_100": {"Population-Ogata": [0.175326677835407, 0.0156], "Population-iVi": [6.273904229741002e-05, 0.0322], "Population-Res iVi": [0.7229401381401557, 0.0098]}, "N_p_values_100": {"Population-Ogata": [0.3667356837968788, 0.013], "Population-iVi": [1.0983762625225961e-05, 0.0348], "Population-Res iVi": [0.012657224426456587, 0.0225]}, "U_p_values_1000": {"Population-Ogata": [0.175326677835407, 0.0156], "Population-iVi": [0.27321683386131995, 0.0141], "Population-Res iVi": [0.5342696653345376, 0.0114]}, "N_p_values_1000": {"Population-Ogata": [0.3667356837968788, 0.013], "Population-iVi": [0.026427483341253152, 0.0208], "Population-Res iVi": [0.09030614497194767, 0.0176]}, "n_steps_arr_cf": [20, 35, 50, 65, 80, 100, 200, 350, 500, 750, 1000], "n_paths_ivi": 1000000, "mc_std_U": 8.692455046455821e-05, "mc_std_N": 0.00013807543797916165, "time_iVi_20": 0.24091291427612305, "errors_ivi": {"U": {"iVi": [0.030078068397212165, 0.016397944117283125, 0.011294876273031662, 0.008476457162097273, 0.007006967264341413, 0.0053628224999988094, 0.0025743531190718927, 0.001486255349465615, 0.001012794827940755, 0.000707800744037701, 0.0003371127713431843], "Res iVi": [0.0009960521123300037, 0.0006329428772433032, 0.0003976117152804659, 0.00017784397111103578, 0.0002581690459200203, 0.00021555400744149855, 4.2988999248816384e-05, 2.565929016618007e-05, 0.00019960195432761063, 5.026551242720556e-05, 0.00011249494115517233]}, "N": {"iVi": [0.029239325487483925, 0.01577770424651137, 0.01084497179841487, 0.008021175533159564, 0.00675602065565023, 0.005064439725739667, 0.002415614941534694, 0.0013673449212421307, 0.0008897261780331789, 0.0006739499386180792, 0.00020832810397286572], "Res iVi": [0.001674056175662797, 0.0010229262400214822, 0.0006384289444964497, 0.0003042554314312551, 0.00044390251429432537, 0.00034029490834086573, 3.120887126195626e-05, 3.3774420909349345e-05, 0.00026114958183742765, 7.890338217281245e-05, 0.00015027809819928573]}}, "time_iVi_35": 0.41068801879882816, "time_iVi_50": 0.5946682691574097, "time_iVi_65": 0.8038909196853639, "time_iVi_80": 1.0281193017959596, "time_iVi_100": 1.3904078483581543, "time_iVi_200": 3.425802206993103, "time_iVi_350": 7.930713391304017, "time_iVi_500": 14.195554661750794, "time_iVi_750": 28.6383748292923, "time_iVi_1000": 47.62760949134827, "time_Res iVi_20": 0.23844428062438966, "time_Res iVi_35": 0.40734372138977054, "time_Res iVi_50": 0.6071733951568604, "time_Res iVi_65": 0.8161175966262818, "time_Res iVi_80": 1.048648762702942, "time_Res iVi_100": 1.390281891822815, "time_Res iVi_200": 3.5332181215286256, "time_Res iVi_350": 8.390706872940063, "time_Res iVi_500": 15.441682529449464, "time_Res iVi_750": 30.710496759414674, "time_Res iVi_1000": 50.44294469356537, "mc_std_iVi_U": 8.714968137903565e-05, "mc_std_Res iVi_U": 8.699497700575137e-05, "mc_std_iVi_N": 0.0001385410479768071, "mc_std_Res iVi_N": 0.0001383338775303468}