{"time_Population_10000": 36.03258943557739, "time_Ogata_10000": 56.370282888412476, "mean_N_T": 55.59128347569889, "U_p_values_10": {"Population-Ogata": [0.5689366476865705, 0.0111], "Population-iVi": [2.868520196949364e-246, 0.2368], "Population-Res iVi": [0.265648701789311, 0.0142]}, "N_p_values_10": {"Population-Ogata": [0.19231550503923178, 0.0153], "Population-iVi": [1e-323, 0.2982], "Population-Res iVi": [0.43585275359069964, 0.0123]}, "U_p_values_50": {"Population-Ogata": [0.5689366476865705, 0.0111], "Population-iVi": [1.236507036415844e-83, 0.1382], "Population-Res iVi": [0.5924073621556236, 0.0109]}, "N_p_values_50": {"Population-Ogata": [0.19231550503923178, 0.0153], "Population-iVi": [3.3689631596405904e-26, 0.077], "Population-Res iVi": [0.16993405715882504, 0.0157]}, "U_p_values_100": {"Population-Ogata": [0.5689366476865705, 0.0111], "Population-iVi": [4.0579598844332145e-48, 0.1047], "Population-Res iVi": [0.1808532467067878, 0.0155]}, "N_p_values_100": {"Population-Ogata": [0.19231550503923178, 0.0153], "Population-iVi": [6.089826866522633e-11, 0.0492], "Population-Res iVi": [0.031162582913927636, 0.0204]}, "U_p_values_1000": {"Population-Ogata": [0.5689366476865705, 0.0111], "Population-iVi": [0.000471449734729324, 0.0289], "Population-Res iVi": [0.8721898676274492, 0.0084]}, "N_p_values_1000": {"Population-Ogata": [0.19231550503923178, 0.0153], "Population-iVi": [0.0702415315299295, 0.0183], "Population-Res iVi": [0.05834923238904962, 0.0188]}, "time_iVi_20": 3.079282760620117, "time_iVi_35": 4.948761701583862, "time_iVi_50": 7.273907423019409, "time_iVi_65": 9.641269445419312, "time_iVi_80": 12.380297899246216, "time_iVi_100": 16.466657876968384, "time_iVi_200": 39.91866421699524, "time_iVi_350": 89.45341324806213, "time_iVi_500": 158.32451462745667, "time_iVi_750": 303.2316782474518, "time_iVi_1000": 510.13038086891174, "time_Res iVi_20": 2.839475393295288, "time_Res iVi_35": 5.078135013580322, "time_Res iVi_50": 7.44005012512207, "time_Res iVi_65": 10.035335063934326, "time_Res iVi_80": 12.672247886657715, "time_Res iVi_100": 16.78109908103943, "time_Res iVi_200": 37.05109906196594, "time_Res iVi_350": 89.71798801422119, "time_Res iVi_500": 143.75981497764587, "time_Res iVi_750": 284.6696858406067, "time_Res iVi_1000": 482.3185832500458, "arriavals_p_values_10": {"Population": [0.6498072954775159, 0.09481043891828478], "Ogata": [0.24220357388280156, 0.11714668265864625], "iVi": [0.30585777552692117, 0.08772156101693351], "Res iVi": [0.8494281993776637, 0.09766086552214714]}, "arriavals_p_values_50": {"Population": [0.6498072954775159, 0.09481043891828478], "Ogata": [0.24220357388280156, 0.11714668265864625], "iVi": [0.14682749289153596, 0.10888291657763172], "Res iVi": [0.06375297582788153, 0.1916615788079653]}, "arriavals_p_values_100": {"Population": [0.6498072954775159, 0.09481043891828478], "Ogata": [0.24220357388280156, 0.11714668265864625], "iVi": [0.06541226441974612, 0.22897360717944942], "Res iVi": [0.45324344225840585, 0.13332241538290357]}, "arriavals_p_values_1000": {"Population": [0.6498072954775159, 0.09481043891828478], "Ogata": [0.24220357388280156, 0.11714668265864625], "iVi": [0.9842456568495509, 0.053125072726119216], "Res iVi": [0.12022971615896438, 0.19023142318836267]}}