{"time_Population_10000": 26.499922275543213, "time_Ogata_10000": 56.19247484207153, "mean_N_T": 55.59128347569889, "U_p_values_10": {"Population-Ogata": [0.5689366476865705, 0.0111], "Population-iVi": [2.868520196949364e-246, 0.2368], "Population-Res iVi": [4.97817346324813e-42, 0.0978]}, "N_p_values_10": {"Population-Ogata": [0.19231550503923178, 0.0153], "Population-iVi": [1e-323, 0.2986], "Population-Res iVi": [3.603088566507035e-18, 0.0639]}, "U_p_values_50": {"Population-Ogata": [0.5689366476865705, 0.0111], "Population-iVi": [1.236507036415844e-83, 0.1382], "Population-Res iVi": [1.2073707890258693e-10, 0.0485]}, "N_p_values_50": {"Population-Ogata": [0.19231550503923178, 0.0153], "Population-iVi": [6.096672975932883e-27, 0.0781], "Population-Res iVi": [7.172011457289432e-08, 0.0414]}, "U_p_values_100": {"Population-Ogata": [0.5689366476865705, 0.0111], "Population-iVi": [4.0579598844332145e-48, 0.1047], "Population-Res iVi": [3.977130558088571e-05, 0.0329]}, "N_p_values_100": {"Population-Ogata": [0.19231550503923178, 0.0153], "Population-iVi": [4.999158196749784e-11, 0.0494], "Population-Res iVi": [0.00024659749681697865, 0.03]}, "U_p_values_1000": {"Population-Ogata": [0.5689366476865705, 0.0111], "Population-iVi": [0.000471449734729324, 0.0289], "Population-Res iVi": [0.24386411273382524, 0.0145]}, "N_p_values_1000": {"Population-Ogata": [0.19231550503923178, 0.0153], "Population-iVi": [0.07554538445539462, 0.0181], "Population-Res iVi": [0.04639733883233797, 0.0194]}, "time_iVi_20": 2.7409677505493164, "errors_ivi": {"U": {"iVi": [0.04351591239844499, 0.0349040876720611, 0.02973558007896121, 0.0263974438215428, 0.023964230314828805, 0.021477432244011163, 0.015310456860525568, 0.011394618393170186, 0.009558677767281365, 0.007503423423298516, 0.006380642880341347], "Res iVi": [0.006751114213872311, 0.005409939105400774, 0.004649288156680809, 0.003920407141976834, 0.003696764677258435, 0.003261295102545858, 0.0022921321778953674, 0.0015816249693033635, 0.0011818147584403693, 0.0008832386053023167, 0.0009699656993374939]}, "N": {"iVi": [0.05681664808512943, 0.03416087298256343, 0.025137522269884638, 0.01995331360262137, 0.016621098169515347, 0.01384145293774286, 0.007566031456018363, 0.004862547606796774, 0.0034835403744352123, 0.0027012859564808367, 0.0022375579028725556], "Res iVi": [0.008680879650696471, 0.007112952325187993, 0.006090101408523452, 0.0052024004109021416, 0.004942492073157723, 0.004395075672071813, 0.003045172730282819, 0.0021097282677817186, 0.001601174189453658, 0.0011823055709827002, 0.0012931273081178696]}}, "time_iVi_35": 5.3531270027160645, "time_iVi_50": 7.128054857254028, "time_iVi_65": 9.4658043384552, "time_iVi_80": 12.053887605667114, "time_iVi_100": 15.876134634017944, "time_iVi_200": 39.339409589767456, "time_iVi_350": 88.19424748420715, "time_iVi_500": 155.99175214767456, "time_iVi_750": 306.5429346561432, "time_iVi_1000": 508.1604015827179, "time_Res iVi_20": 2.7998154163360596, "time_Res iVi_35": 4.8509931564331055, "time_Res iVi_50": 7.06085729598999, "time_Res iVi_65": 9.65033507347107, "time_Res iVi_80": 12.193083763122559, "time_Res iVi_100": 16.0650577545166, "time_Res iVi_200": 39.70529794692993, "time_Res iVi_350": 89.94167160987854, "time_Res iVi_500": 157.46863722801208, "time_Res iVi_750": 312.0036895275116, "time_Res iVi_1000": 517.5005311965942, "arriavals_p_values_10": {"Population": [0.6498072954775159, 0.09481043891828478], "Ogata": [0.24220357388280156, 0.11714668265864625], "iVi": [0.30585777552692117, 0.08772156101693351], "Res iVi": [0.3901838874817598, 0.12812824276123524]}, "arriavals_p_values_50": {"Population": [0.6498072954775159, 0.09481043891828478], "Ogata": [0.24220357388280156, 0.11714668265864625], "iVi": [0.14682749289153596, 0.10888291657763172], "Res iVi": [0.9308210172072247, 0.06741866507201599]}, "arriavals_p_values_100": {"Population": [0.6498072954775159, 0.09481043891828478], "Ogata": [0.24220357388280156, 0.11714668265864625], "iVi": [0.06541226441974612, 0.22897360717944942], "Res iVi": [0.45324344225840585, 0.13332241538290357]}, "arriavals_p_values_1000": {"Population": [0.6498072954775159, 0.09481043891828478], "Ogata": [0.24220357388280156, 0.11714668265864625], "iVi": [0.9842456568495509, 0.053125072726119216], "Res iVi": [0.12022971615896438, 0.19023142318836267]}}