{"time_Population_10000": 46.355934143066406, "time_Ogata_10000": 93.66680455207825, "mean_N_T": 63.15384025246929, "U_p_values_10": {"Population-Ogata": [0.734599370602186, 0.0097], "Population-iVi": [4.6080233255856335e-10, 0.0471], "Population-Res iVi": [2.036682897308411e-96, 0.1484]}, "N_p_values_10": {"Population-Ogata": [0.7689615674766569, 0.0094], "Population-iVi": [0.0, 0.3568], "Population-Res iVi": [2.773523165873862e-38, 0.0933]}, "U_p_values_50": {"Population-Ogata": [0.734599370602186, 0.0097], "Population-iVi": [2.0744014768184268e-52, 0.1093], "Population-Res iVi": [5.389083102903568e-70, 0.1264]}, "N_p_values_50": {"Population-Ogata": [0.7689615674766569, 0.0094], "Population-iVi": [5.130881849372382e-109, 0.1578], "Population-Res iVi": [2.287545241675173e-53, 0.1103]}, "U_p_values_100": {"Population-Ogata": [0.734599370602186, 0.0097], "Population-iVi": [1.5282513643318188e-42, 0.0984], "Population-Res iVi": [1.4153183441253728e-48, 0.1052]}, "N_p_values_100": {"Population-Ogata": [0.7689615674766569, 0.0094], "Population-iVi": [1.372017125303049e-62, 0.1195], "Population-Res iVi": [9.245844712152985e-40, 0.0951]}, "U_p_values_1000": {"Population-Ogata": [0.734599370602186, 0.0097], "Population-iVi": [2.2050447912792697e-08, 0.0428], "Population-Res iVi": [1.4077089291987255e-09, 0.0459]}, "N_p_values_1000": {"Population-Ogata": [0.7689615674766569, 0.0094], "Population-iVi": [2.773254541722611e-13, 0.0544], "Population-Res iVi": [1.5429917931764273e-09, 0.0458]}, "time_iVi_20": 2.9694643020629883, "errors_ivi": {"U": {"iVi": [0.03489009744780702, 0.03569439488455506, 0.034135678140059134, 0.03194415444837184, 0.029555951323663177, 0.027952377941387163, 0.02193849956369409, 0.01766801644850513, 0.015236702800146884, 0.013013801970664374, 0.011187277120391359], "Res iVi": [0.04826738564098171, 0.04584396054588219, 0.04335004265106179, 0.04148506829603904, 0.038845950272879515, 0.036507296353495367, 0.029911883560519548, 0.025187405270035323, 0.022184493285121176, 0.01856333537549687, 0.017421306580553686]}, "N": {"iVi": [0.162760058515091, 0.1149236132527019, 0.09228400927317315, 0.0794052200639801, 0.07120220494290369, 0.0625178780967463, 0.04342491503414053, 0.03301418544456902, 0.027990363410814234, 0.023160891710198306, 0.02071289076691485], "Res iVi": [0.0456903697568764, 0.04547087864667021, 0.043845862084082254, 0.0421635644473789, 0.03968546854678945, 0.03736568097872783, 0.030850993060454468, 0.02612550056245888, 0.02299941808954231, 0.019205237887351956, 0.01805011459323652]}}, "time_iVi_35": 5.3732545375823975, "time_iVi_50": 7.651952266693115, "time_iVi_65": 9.949674844741821, "time_iVi_80": 12.65807032585144, "time_iVi_100": 16.799703121185303, "time_iVi_200": 42.21051335334778, "time_iVi_350": 92.84324169158936, "time_iVi_500": 160.03411841392517, "time_iVi_750": 312.62902641296387, "time_iVi_1000": 520.7142782211304, "time_Res iVi_20": 3.280332326889038, "time_Res iVi_35": 5.1478424072265625, "time_Res iVi_50": 7.4831383228302, "time_Res iVi_65": 10.20839524269104, "time_Res iVi_80": 12.762781858444214, "time_Res iVi_100": 17.038989782333374, "time_Res iVi_200": 41.47143077850342, "time_Res iVi_350": 94.67758345603943, "time_Res iVi_500": 160.70217776298523, "time_Res iVi_750": 324.3291108608246, "time_Res iVi_1000": 530.915118932724, "arriavals_p_values_10": {"Population": [0.6550069722477323, 0.09521962760674041], "Ogata": [0.7310678267634885, 0.035330234355736456], "iVi": [0.0016741030119525188, 0.12831727670231696], "Res iVi": [0.2390194643663005, 0.27311140551058194]}, "arriavals_p_values_50": {"Population": [0.6550069722477323, 0.09521962760674041], "Ogata": [0.7310678267634885, 0.035330234355736456], "iVi": [0.45224897160821886, 0.09020465460579183], "Res iVi": [0.0055244812693096, 0.45548030780574644]}, "arriavals_p_values_100": {"Population": [0.6550069722477323, 0.09521962760674041], "Ogata": [0.7310678267634885, 0.035330234355736456], "iVi": [0.4153255860903695, 0.170471821548769], "Res iVi": [0.36879457104563507, 0.11672811431474642]}, "arriavals_p_values_1000": {"Population": [0.6550069722477323, 0.09521962760674041], "Ogata": [0.7310678267634885, 0.035330234355736456], "iVi": [0.10717641606353834, 0.1330857685220242], "Res iVi": [0.16121814046759808, 0.11971066943558362]}}