{"time_Population_10000": 10.872067213058472, "time_Ogata_10000": 20.044297218322754, "mean_N_T": 8.386874148796505, "U_p_values_10": {"Population-Ogata": [0.010081483182653565, 0.023], "Population-iVi": [1.8539931053655691e-68, 0.125], "Population-Res iVi": [2.4339509917186877e-09, 0.0453]}, "N_p_values_10": {"Population-Ogata": [0.009191586965088977, 0.0232], "Population-iVi": [4.23749565180438e-24, 0.0738], "Population-Res iVi": [8.461038353152023e-08, 0.0412]}, "U_p_values_50": {"Population-Ogata": [0.010081483182653565, 0.023], "Population-iVi": [7.867612217074528e-07, 0.0384], "Population-Res iVi": [0.016521429620682752, 0.0219]}, "N_p_values_50": {"Population-Ogata": [0.009191586965088977, 0.0232], "Population-iVi": [1.0244011678295582e-05, 0.0349], "Population-Res iVi": [1.9498582117760278e-06, 0.0372]}, "U_p_values_100": {"Population-Ogata": [0.010081483182653565, 0.023], "Population-iVi": [0.37616617897202725, 0.0129], "Population-Res iVi": [0.08118453676750115, 0.0179]}, "N_p_values_100": {"Population-Ogata": [0.009191586965088977, 0.0232], "Population-iVi": [3.6730768441242556e-08, 0.0422], "Population-Res iVi": [1.1747488289136662e-07, 0.0408]}, "U_p_values_1000": {"Population-Ogata": [0.010081483182653565, 0.023], "Population-iVi": [0.6279782033821611, 0.0106], "Population-Res iVi": [0.6637453476707832, 0.0103]}, "N_p_values_1000": {"Population-Ogata": [0.009191586965088977, 0.0232], "Population-iVi": [3.1554634083176324e-10, 0.0475], "Population-Res iVi": [1.5043005488730207e-11, 0.0506]}, "time_iVi_20": 2.5763158798217773, "errors_ivi": {"U": {"iVi": [0.013277514702151105, 0.007361736479703673, 0.005264948610237574, 0.003965383589004834, 0.003148031299193832, 0.00283874772766185, 0.0013419099391043798, 0.0006860714764390097, 0.0005168793613600231, 0.00018997292003092303, 0.00025732828643254546], "Res iVi": [0.0013195381237363635, 0.0008669193995931024, 0.0005822914236181531, 0.0004276819662923925, 0.00040778645786848644, 4.8400264326509124e-05, 4.694285670120424e-05, 0.0002184829076568584, 8.10854920713644e-05, 0.00019182953605961783, 1.1950306740782235e-05]}, "N": {"iVi": [0.011838615085699056, 0.006243775374857874, 0.004892208209385185, 0.003376188614036102, 0.002700164997144705, 0.0027348430945076663, 0.0012948345472784117, 0.00045377259763584865, 0.0005126495014008969, 3.223075554770194e-05, 0.00014563266568201616], "Res iVi": [0.0024599032403468946, 0.0016030835826692513, 0.0010047561904737434, 0.0009143550309833604, 0.0007170831193609173, 0.00014993153167880413, 3.5584324490023356e-05, 0.0005322444942356119, 0.00015315154303124912, 0.0003577066536694651, 1.1246914608520342e-06]}}, "time_iVi_35": 4.620085716247559, "time_iVi_50": 7.094872236251831, "time_iVi_65": 9.068249464035034, "time_iVi_80": 11.739165544509888, "time_iVi_100": 15.623135566711426, "time_iVi_200": 40.027000188827515, "time_iVi_350": 90.58439087867737, "time_iVi_500": 158.20512771606445, "time_iVi_750": 313.3527579307556, "time_iVi_1000": 515.6442153453827, "time_Res iVi_20": 2.763956069946289, "time_Res iVi_35": 4.6194069385528564, "time_Res iVi_50": 6.846848249435425, "time_Res iVi_65": 9.375316858291626, "time_Res iVi_80": 12.06930661201477, "time_Res iVi_100": 16.185733795166016, "time_Res iVi_200": 41.48567080497742, "time_Res iVi_350": 96.43495774269104, "time_Res iVi_500": 168.6522195339203, "time_Res iVi_750": 334.74763917922974, "time_Res iVi_1000": 552.8991329669952, "arriavals_p_values_10": {"Population": [0.8039785922991312, 0.1890882312995666], "Ogata": [0.9765720344959181, 0.16286784213068706], "iVi": [0.09232729380544202, 0.2986674592576978], "Res iVi": [0.5608787765879508, 0.24720587370468394]}, "arriavals_p_values_50": {"Population": [0.8039785922991312, 0.1890882312995666], "Ogata": [0.9765720344959181, 0.16286784213068706], "iVi": [0.33218189590916714, 0.2709915546293248], "Res iVi": [0.8482452539017767, 0.2000326004895676]}, "arriavals_p_values_100": {"Population": [0.8039785922991312, 0.1890882312995666], "Ogata": [0.9765720344959181, 0.16286784213068706], "iVi": [0.8969039837256144, 0.17687196779128161], "Res iVi": [0.8992476602756024, 0.21296406323970782]}, "arriavals_p_values_1000": {"Population": [0.8039785922991312, 0.1890882312995666], "Ogata": [0.9765720344959181, 0.16286784213068706], "iVi": [0.9006499324690456, 0.16721481332759935], "Res iVi": [0.9166713660721787, 0.14919358871686095]}}