{"time_Population_10000": 13.405308723449707, "time_Ogata_10000": 26.689940214157104, "mean_N_T": 24.782956239809778, "U_p_values_10": {"Population-Ogata": [0.34833322133888034, 0.0132], "Population-iVi": [8.1988e-319, 0.2691], "Population-Res iVi": [1.0118707138716922e-08, 0.0437]}, "N_p_values_10": {"Population-Ogata": [0.9526534360915695, 0.0073], "Population-iVi": [2.209937278195473e-139, 0.1784], "Population-Res iVi": [2.261927602555562e-06, 0.037]}, "U_p_values_50": {"Population-Ogata": [0.34833322133888034, 0.0132], "Population-iVi": [2.4891143802376325e-65, 0.1221], "Population-Res iVi": [0.01209899987480774, 0.0226]}, "N_p_values_50": {"Population-Ogata": [0.9526534360915695, 0.0073], "Population-iVi": [5.166857113828859e-19, 0.0654], "Population-Res iVi": [0.00026182395806761743, 0.0299]}, "U_p_values_100": {"Population-Ogata": [0.34833322133888034, 0.0132], "Population-iVi": [2.473433498513938e-26, 0.0772], "Population-Res iVi": [0.03518876957795689, 0.0201]}, "N_p_values_100": {"Population-Ogata": [0.9526534360915695, 0.0073], "Population-iVi": [5.064516971713009e-17, 0.0618], "Population-Res iVi": [0.0001936584494228747, 0.0304]}, "U_p_values_1000": {"Population-Ogata": [0.34833322133888034, 0.0132], "Population-iVi": [0.6637453476707832, 0.0103], "Population-Res iVi": [0.005191430598013493, 0.0244]}, "N_p_values_1000": {"Population-Ogata": [0.9526534360915695, 0.0073], "Population-iVi": [9.973746915952199e-08, 0.041], "Population-Res iVi": [2.429565882578034e-07, 0.0399]}, "time_iVi_20": 2.7959280014038086, "errors_ivi": {"U": {"iVi": [0.04201734131423146, 0.03172474738391717, 0.026431408768878728, 0.02299698666942096, 0.02067501513486647, 0.018353367938706122, 0.012651024875678984, 0.009161345636307161, 0.007711178456302148, 0.00629354949802996, 0.005045952927187292], "Res iVi": [0.0017731387307264868, 0.0013925498086733157, 0.0010903824050147448, 0.0010799195364877279, 0.0009390301016246605, 0.0006011269546068454, 0.0005679925314285295, 0.00035443085327241386, 0.000304913505079496, 3.796363330599295e-05, 0.00015641455905412993]}, "N": {"iVi": [0.03367424123117868, 0.021119244600457998, 0.015777487332628792, 0.012875547125697107, 0.01075341358452575, 0.009044453925385443, 0.005253518935692869, 0.0035706856568377132, 0.0024771483146358575, 0.0016308897952867496, 0.001775434884916216], "Res iVi": [0.003062637857641881, 0.002353354591250467, 0.001923379276727366, 0.0019110876366028595, 0.0016025961124086496, 0.0011381918755314357, 0.00107941646177534, 0.0006525003751498559, 0.0005665755685588247, 0.00014702370404684473, 0.00035445714132947836]}}, "time_iVi_35": 5.2025017738342285, "time_iVi_50": 6.930795907974243, "time_iVi_65": 9.22415018081665, "time_iVi_80": 11.76613736152649, "time_iVi_100": 15.58782434463501, "time_iVi_200": 39.18475794792175, "time_iVi_350": 89.16120743751526, "time_iVi_500": 155.63289999961853, "time_iVi_750": 306.55669713020325, "time_iVi_1000": 498.5276782512665, "time_Res iVi_20": 2.15627384185791, "time_Res iVi_35": 3.7996697425842285, "time_Res iVi_50": 5.53650689125061, "time_Res iVi_65": 7.43962287902832, "time_Res iVi_80": 9.463581562042236, "time_Res iVi_100": 12.643498659133911, "time_Res iVi_200": 33.438878297805786, "time_Res iVi_350": 77.97179102897644, "time_Res iVi_500": 138.2556767463684, "time_Res iVi_750": 281.33836936950684, "time_Res iVi_1000": 478.99812602996826, "arriavals_p_values_10": {"Population": [0.6373124890601509, 0.13513700982842147], "Ogata": [0.12472499997542263, 0.3022032764448765], "iVi": [0.3775384807692338, 0.16945084510171388], "Res iVi": [0.7775460674752264, 0.15579832523492942]}, "arriavals_p_values_50": {"Population": [0.6373124890601509, 0.13513700982842147], "Ogata": [0.12472499997542263, 0.3022032764448765], "iVi": [0.49677522961334164, 0.12571401320340658], "Res iVi": [0.8724391905762205, 0.11748381535243374]}, "arriavals_p_values_100": {"Population": [0.6373124890601509, 0.13513700982842147], "Ogata": [0.12472499997542263, 0.3022032764448765], "iVi": [0.7156624846256519, 0.14189617677279126], "Res iVi": [0.1371876370819991, 0.2203589725457526]}, "arriavals_p_values_1000": {"Population": [0.6373124890601509, 0.13513700982842147], "Ogata": [0.12472499997542263, 0.3022032764448765], "iVi": [0.7794293824436188, 0.11901596787427166], "Res iVi": [0.07675425274526204, 0.3076024389489992]}}