{"methods_ivi": ["iVi", "Res iVi"], "methods_non_ivi": ["Population", "Ogata"], "n_paths_time_meas": 100000, "n_paths_non_ivi": 10000, "time_Population": 510.0426483154297, "time_Ogata": 770.1228618621826, "mean_N_T": 89.03456590288981, "U_p_values_10": {"Population-Ogata": [0.2968514903604106, 0.0138], "Population-iVi": [0.0, 0.8426], "Population-Res iVi": [0.0019808990340339913, 0.0263]}, "N_p_values_10": {"Population-Ogata": [0.6398931694241892, 0.0105], "Population-iVi": [0.0, 0.9349], "Population-Res iVi": [0.005191430598013493, 0.0244]}, "U_p_values_50": {"Population-Ogata": [0.2968514903604106, 0.0138], "Population-iVi": [1.6619250923895013e-05, 0.0342], "Population-Res iVi": [0.6756592612416861, 0.0102]}, "N_p_values_50": {"Population-Ogata": [0.6398931694241892, 0.0105], "Population-iVi": [6.145397512748782e-21, 0.0687], "Population-Res iVi": [0.4893600375017084, 0.0118]}, "U_p_values_100": {"Population-Ogata": [0.2968514903604106, 0.0138], "Population-iVi": [0.03811973702041487, 0.0199], "Population-Res iVi": [0.37616617897202725, 0.0129]}, "N_p_values_100": {"Population-Ogata": [0.6398931694241892, 0.0105], "Population-iVi": [0.20433493803247618, 0.0151], "Population-Res iVi": [0.1149640605104508, 0.0169]}, "U_p_values_1000": {"Population-Ogata": [0.2968514903604106, 0.0138], "Population-iVi": [0.934921367863862, 0.0076], "Population-Res iVi": [0.9212790168134688, 0.0078]}, "N_p_values_1000": {"Population-Ogata": [0.6398931694241892, 0.0105], "Population-iVi": [0.21692483428445863, 0.0149], "Population-Res iVi": [0.2369059200442076, 0.0146]}, "n_steps_arr_cf": [20, 35, 50, 65, 80, 100, 200, 350, 500, 750, 1000], "n_paths_ivi": 100000, "mc_std_U": 0.0002859348078691945, "mc_std_N": 0.0003941948233503238, "time_iVi_20": 0.23642277717590332, "errors_ivi": {"U": {"iVi": [0.0739038964716291, 0.019416109852588737, 0.0059925250974431354, 0.0010268630311415783, 0.0013301652985678314, 0.0021590323412616352, 0.0027773396657936322, 0.00220812623104627, 0.0008238041643960359, 0.0010452242520992971, 0.000540748453442319], "Res iVi": [0.0005806179483771046, 0.0003362402155782096, 8.356072861720465e-05, 0.00025472083179722826, 0.00018466223962892991, 0.00032939255712216564, 4.84682634377398e-05, 0.00031638393845101476, 0.0005214928749888159, 1.555952295306806e-05, 0.00023104918399835528]}, "N": {"iVi": [0.1309469156620247, 0.042242156910688056, 0.018044311488445763, 0.00840126456723389, 0.0036325582926817757, 0.0012942333370074, 0.0018189727069972683, 0.0018594149583977537, 0.0003902461574108451, 0.0009310144704491319, 0.0003386457002759191], "Res iVi": [0.0008834464999780134, 0.000529401151131037, 4.464726395758678e-05, 0.0003843038419540923, 0.00027416477662323135, 0.0004985043542734546, 0.00011942576375312264, 0.0002831956375667355, 0.0007512577975559709, 4.5049168185373745e-05, 0.00027622871788635095]}}, "time_iVi_35": 0.42067575454711914, "time_iVi_50": 0.6106503009796143, "time_iVi_65": 0.8385889530181885, "time_iVi_80": 1.056553602218628, "time_iVi_100": 1.3730378150939941, "time_iVi_200": 3.5004961490631104, "time_iVi_350": 8.28504729270935, "time_iVi_500": 16.310649633407593, "time_iVi_750": 31.172748804092407, "time_iVi_1000": 48.297999143600464, "time_Res iVi_20": 0.3120143413543701, "time_Res iVi_35": 0.401400089263916, "time_Res iVi_50": 0.614473819732666, "time_Res iVi_65": 0.8388156890869141, "time_Res iVi_80": 1.0850086212158203, "time_Res iVi_100": 1.40028977394104, "time_Res iVi_200": 3.642148733139038, "time_Res iVi_350": 8.453123331069946, "time_Res iVi_500": 14.973811864852905, "time_Res iVi_750": 30.66652536392212, "time_Res iVi_1000": 52.40487504005432, "mc_std_iVi_U": 0.0002837824834352538, "mc_std_Res iVi_U": 0.0002847584129182356, "mc_std_iVi_N": 0.0003907443573851714, "mc_std_Res iVi_N": 0.00039186510033750336, "arriavals_p_values_10": {"Population": [0.470575940918029, 0.08792403333152543], "Ogata": [0.7069317763637735, 0.07269830149052042], "iVi": [4.2505441514329197e-07, 0.1357364817585789], "Res iVi": [0.48324757307768185, 0.08753598407958821]}, "arriavals_p_values_50": {"Population": [0.470575940918029, 0.08792403333152543], "Ogata": [0.7069317763637735, 0.07269830149052042], "iVi": [0.5583835282613785, 0.08207959231798759], "Res iVi": [0.03268393409742176, 0.10863335618512604]}, "arriavals_p_values_100": {"Population": [0.470575940918029, 0.08792403333152543], "Ogata": [0.7069317763637735, 0.07269830149052042], "iVi": [0.12613830530399284, 0.11699822051300779], "Res iVi": [0.9328934997780857, 0.053191497594874515]}, "arriavals_p_values_1000": {"Population": [0.470575940918029, 0.08792403333152543], "Ogata": [0.7069317763637735, 0.07269830149052042], "iVi": [0.6348162886524964, 0.06699194699578093], "Res iVi": [0.14705511310278374, 0.16299983572032684]}}