{"methods_ivi": ["iVi", "Res iVi"], "methods_non_ivi": ["ExpExact", "Ogata"], "n_paths_time_meas": 100000, "n_steps_arr_cf": [20, 35, 50, 65, 80, 100, 200, 350, 500, 750, 1000, 2000], "n_batch_cf": 10, "batch_size_cf": 100000, "n_paths_non_ivi": 10000, "time_ExpExact": 157.00987339019775, "time_Ogata": 237.8031039237976, "mean_N_T": 65.33336952141568, "U_p_values_10": {"ExpExact-Ogata": [0.7229401381401557, 0.0098], "ExpExact-iVi": [1e-323, 0.2907], "ExpExact-Res iVi": [0.04126178292409227, 0.0197]}, "N_p_values_10": {"ExpExact-Ogata": [0.6398931694241892, 0.0105], "ExpExact-iVi": [9.610020744831768e-203, 0.215], "ExpExact-Res iVi": [0.01512953257863315, 0.0221]}, "U_p_values_50": {"ExpExact-Ogata": [0.7229401381401557, 0.0098], "ExpExact-iVi": [3.603088566507035e-18, 0.0639], "ExpExact-Res iVi": [0.31338762324335184, 0.0136]}, "N_p_values_50": {"ExpExact-Ogata": [0.6398931694241892, 0.0105], "ExpExact-iVi": [3.7805627315956485e-14, 0.0562], "ExpExact-Res iVi": [0.042915742476880514, 0.0196]}, "U_p_values_100": {"ExpExact-Ogata": [0.7229401381401557, 0.0098], "ExpExact-iVi": [0.0001043687301288486, 0.0314], "ExpExact-Res iVi": [0.14028451762374075, 0.0163]}, "N_p_values_100": {"ExpExact-Ogata": [0.6398931694241892, 0.0105], "ExpExact-iVi": [0.000471449734729324, 0.0289], "ExpExact-Res iVi": [0.009627220439461456, 0.0231]}, "U_p_values_1000": {"ExpExact-Ogata": [0.7229401381401557, 0.0098], "ExpExact-iVi": [0.44629561636001003, 0.0122], "ExpExact-Res iVi": [0.08717458640626448, 0.0177]}, "N_p_values_1000": {"ExpExact-Ogata": [0.6398931694241892, 0.0105], "ExpExact-iVi": [0.08118453676750115, 0.0179], "ExpExact-Res iVi": [0.012657224426456587, 0.0225]}, "n_paths_ivi": 1000000, "mc_std_U": 9.494588705786646e-05, "mc_std_N": 0.00013514812011458367, "time_iVi_20": 0.29769244194030764, "errors_ivi": {"U": {"iVi": [0.03420335492460874, 0.019362131840459818, 0.013484461105204626, 0.010325540499258934, 0.008410478624027162, 0.006579212524208844, 0.003176741526485116, 0.0017392306261934665, 0.0012896855483864322, 0.0007240269269508381, 0.0006780753957043029, 0.00023449841967992935], "Res iVi": [0.00015511248292471302, 0.0001596559059480196, 0.00038662768490055344, 0.00028708403425997675, 0.00016942505837336252, 0.00018418189733132584, 0.00015388876380556527, 0.00016232494026408029, 0.00015622768842998846, 1.2769423550718084e-05, 9.17420814541825e-05, 7.253119163785904e-05]}, "N": {"iVi": [0.03386795693013778, 0.018844562258285846, 0.013048934979962068, 0.009962398678200257, 0.008121178252588068, 0.006265657293543558, 0.002969234161643186, 0.0016264719411138717, 0.0012215298381643702, 0.0006268380254126904, 0.0006547677861507561, 0.00020918073435644002], "Res iVi": [3.2316718331038e-05, 0.00041015153046125574, 0.0006034701910432316, 0.00047219014909799517, 0.0002784041286095773, 0.00027499940299707815, 0.00019219979153572986, 0.00019422010270037093, 0.00016475147399558354, 2.0065904447197358e-05, 7.857368739200288e-05, 6.791745202522348e-05]}}, "time_iVi_35": 0.4904951095581055, "time_iVi_50": 0.6785281896591187, "time_iVi_65": 0.8477408170700074, "time_iVi_80": 1.0324685811996461, "time_iVi_100": 1.3029568672180176, "time_iVi_200": 2.687565135955811, "time_iVi_350": 4.421062588691711, "time_iVi_500": 6.336219477653504, "time_iVi_750": 9.540552520751953, "time_iVi_1000": 12.849032616615297, "time_iVi_2000": 29.201504278182984, "time_Res iVi_20": 0.2798579454421997, "time_Res iVi_35": 0.44982628822326665, "time_Res iVi_50": 0.6287026643753052, "time_Res iVi_65": 0.7861161231994629, "time_Res iVi_80": 0.9721040010452271, "time_Res iVi_100": 1.197496795654297, "time_Res iVi_200": 2.405433559417725, "time_Res iVi_350": 4.2057773828506475, "time_Res iVi_500": 6.072307205200196, "time_Res iVi_750": 9.233650398254396, "time_Res iVi_1000": 12.60984959602356, "time_Res iVi_2000": 28.669472002983095, "mc_std_iVi_U": 9.58349291478178e-05, "mc_std_Res iVi_U": 9.577019464352531e-05, "mc_std_iVi_N": 0.000136831797322925, "mc_std_Res iVi_N": 0.00013676173567524186}