{"methods_ivi": ["iVi", "Res iVi"], "methods_non_ivi": ["Population", "Ogata"], "n_paths_time_meas": 100000, "n_paths_non_ivi": 10000, "time_Population": 255.31536102294922, "time_Ogata": 78.44717979431152, "mean_N_T": 24.695163078136517, "U_p_values_10": {"Population-Ogata": [0.734599370602186, 0.0097], "Population-iVi": [2.041247976612352e-170, 0.1972], "Population-Res iVi": [0.0, 0.3485]}, "N_p_values_10": {"Population-Ogata": [0.40535690578815814, 0.0126], "Population-iVi": [1e-323, 0.2936], "Population-Res iVi": [0.0, 0.3594]}, "U_p_values_50": {"Population-Ogata": [0.734599370602186, 0.0097], "Population-iVi": [9.170776105117147e-07, 0.0382], "Population-Res iVi": [2.37513863418661e-27, 0.0787]}, "N_p_values_50": {"Population-Ogata": [0.40535690578815814, 0.0126], "Population-iVi": [3.603088566507035e-18, 0.0639], "Population-Res iVi": [2.773523165873862e-38, 0.0933]}, "U_p_values_100": {"Population-Ogata": [0.734599370602186, 0.0097], "Population-iVi": [0.018824742428484434, 0.0216], "Population-Res iVi": [1.4454663662221341e-06, 0.0376]}, "N_p_values_100": {"Population-Ogata": [0.40535690578815814, 0.0126], "Population-iVi": [4.6080233255856335e-10, 0.0471], "Population-Res iVi": [4.2803087927759237e-13, 0.054]}, "U_p_values_1000": {"Population-Ogata": [0.734599370602186, 0.0097], "Population-iVi": [0.5457429448400982, 0.0113], "Population-Res iVi": [0.43585275359069964, 0.0123]}, "N_p_values_1000": {"Population-Ogata": [0.40535690578815814, 0.0126], "Population-iVi": [1.4487913385734907e-05, 0.0344], "Population-Res iVi": [1.7794418993158944e-05, 0.0341]}, "n_steps_arr_cf": [20, 35, 50, 65, 80, 100, 200, 350, 500, 750, 1000], "n_paths_ivi": 100000, "mc_std_U": 0.0003132936382176148, "mc_std_N": 0.0005207841993631714, "time_iVi_20": 0.18209409713745117, "errors_ivi": {"U": {"iVi": [0.02236141806552089, 0.012665907635913576, 0.008498784306935958, 0.006726406224561554, 0.005843994868157454, 0.004807063784915744, 0.0018671346348631546, 0.0010454754971642721, 0.0010308807181174107, 0.00047855174238048415, 0.00016890326741170192], "Res iVi": [0.04301739609232824, 0.025212407826232297, 0.01762919168358651, 0.013452123492525336, 0.011285254516157472, 0.009172793178347738, 0.004045655597919251, 0.0024888474274939454, 0.001925505351704826, 0.0009997281009031522, 0.0010070467835683328]}, "N": {"iVi": [0.05842957259398285, 0.030973504175160926, 0.020657366123562892, 0.016387091923378394, 0.01375434483152388, 0.01122242175711069, 0.004461828465484485, 0.0024343821901194884, 0.0019997965083534686, 0.001290602835417487, 0.0005641242162781057], "Res iVi": [0.076771371893186, 0.04293636337091883, 0.02954841939283681, 0.022366899385505512, 0.018690836913989706, 0.014963082968202868, 0.0065876911326490095, 0.003901680175385447, 0.0029964642754553017, 0.0017234058292306953, 0.0016448677937624945]}}, "time_iVi_35": 0.3188045024871826, "time_iVi_50": 0.43689918518066406, "time_iVi_65": 0.5320858955383301, "time_iVi_80": 0.6731324195861816, "time_iVi_100": 0.7894694805145264, "time_iVi_200": 1.6397125720977783, "time_iVi_350": 2.934298515319824, "time_iVi_500": 4.471782922744751, "time_iVi_750": 6.660507917404175, "time_iVi_1000": 9.39665961265564, "time_Res iVi_20": 0.20503711700439453, "time_Res iVi_35": 0.3218965530395508, "time_Res iVi_50": 0.4196743965148926, "time_Res iVi_65": 0.5272691249847412, "time_Res iVi_80": 0.6173887252807617, "time_Res iVi_100": 0.8057899475097656, "time_Res iVi_200": 1.6326994895935059, "time_Res iVi_350": 2.9328277111053467, "time_Res iVi_500": 4.31724739074707, "time_Res iVi_750": 6.913742542266846, "time_Res iVi_1000": 9.238566160202026, "mc_std_iVi_U": 0.00031491616285694634, "mc_std_Res iVi_U": 0.00031536149621783923, "mc_std_iVi_N": 0.0005256059566101805, "mc_std_Res iVi_N": 0.0005269520379567963}