{"methods_ivi": ["iVi", "Res iVi"], "methods_non_ivi": ["Population", "Ogata"], "n_paths_time_meas": 100000, "n_paths_non_ivi": 10000, "time_Population": 406.9922995567322, "time_Ogata": 515.1401424407959, "mean_N_T": 39.166083671688654, "U_p_values_10": {"Population-Ogata": [0.175326677835407, 0.0156], "Population-iVi": [1e-323, 0.2987], "Population-Res iVi": [0.03518876957795689, 0.0201]}, "N_p_values_10": {"Population-Ogata": [0.3667356837968788, 0.013], "Population-iVi": [1.1364593665360968e-194, 0.2107], "Population-Res iVi": [0.010081483182653565, 0.023]}, "U_p_values_50": {"Population-Ogata": [0.175326677835407, 0.0156], "Population-iVi": [5.914587820491248e-13, 0.0537], "Population-Res iVi": [0.8232670451557268, 0.0089]}, "N_p_values_50": {"Population-Ogata": [0.3667356837968788, 0.013], "Population-iVi": [2.4339509917186877e-09, 0.0453], "Population-Res iVi": [0.019653913806156054, 0.0215]}, "U_p_values_100": {"Population-Ogata": [0.175326677835407, 0.0156], "Population-iVi": [6.273904229741002e-05, 0.0322], "Population-Res iVi": [0.7229401381401557, 0.0098]}, "N_p_values_100": {"Population-Ogata": [0.3667356837968788, 0.013], "Population-iVi": [1.0983762625225961e-05, 0.0348], "Population-Res iVi": [0.012657224426456587, 0.0225]}, "U_p_values_1000": {"Population-Ogata": [0.175326677835407, 0.0156], "Population-iVi": [0.27321683386131995, 0.0141], "Population-Res iVi": [0.5342696653345376, 0.0114]}, "N_p_values_1000": {"Population-Ogata": [0.3667356837968788, 0.013], "Population-iVi": [0.026427483341253152, 0.0208], "Population-Res iVi": [0.09030614497194767, 0.0176]}, "n_steps_arr_cf": [20, 35, 50, 65, 80, 100, 200, 350, 500, 750, 1000], "n_paths_ivi": 100000, "mc_std_U": 0.00027487956405425134, "mc_std_N": 0.00043663287293946746, "time_iVi_20": 0.2549734115600586, "errors_ivi": {"U": {"iVi": [0.0299984793812636, 0.016233078222851027, 0.011060637662281658, 0.008559484926808691, 0.006762209598786151, 0.005729955380390561, 0.0026560269530483405, 0.0017638604721991746, 0.0007232699550668853, 0.0008756765858179971, 4.9621048260950484e-05], "Res iVi": [0.0012100178550325524, 0.0003222538735193625, 0.0006225613842695821, 0.0002777756742309845, 0.0005092564445361991, 5.176210320584351e-05, 1.7877272471988892e-05, 8.868257661054368e-06, 0.0004351990714600573, 2.2884291226155096e-05, 0.0005472977430018289]}, "N": {"iVi": [0.029030904519936562, 0.015475546986306599, 0.010582455590115947, 0.007979737209078575, 0.00636944738275913, 0.0056246947665261615, 0.0027016754005561583, 0.0016879885065825828, 0.00034531681017496707, 0.0007649825274740896, 0.00018656332986799473], "Res iVi": [0.002082179528828776, 0.0005026454960423421, 0.0008205132659958037, 0.0003812657710016154, 0.0008680455121479191, 0.0001455718745138057, 0.00041216602393073787, 4.260123740396082e-05, 0.0006134994361767787, 0.00014987655807341405, 0.0007115819023801873]}}, "time_iVi_35": 0.44898223876953125, "time_iVi_50": 0.664283275604248, "time_iVi_65": 0.8795983791351318, "time_iVi_80": 1.185987949371338, "time_iVi_100": 1.5303854942321777, "time_iVi_200": 4.001014709472656, "time_iVi_350": 9.89099645614624, "time_iVi_500": 16.288225650787354, "time_iVi_750": 31.37160348892212, "time_iVi_1000": 48.72535157203674, "time_Res iVi_20": 0.36872386932373047, "time_Res iVi_35": 0.42673158645629883, "time_Res iVi_50": 0.6153104305267334, "time_Res iVi_65": 0.8230314254760742, "time_Res iVi_80": 1.0606694221496582, "time_Res iVi_100": 1.4095568656921387, "time_Res iVi_200": 3.5706286430358887, "time_Res iVi_350": 8.269755840301514, "time_Res iVi_500": 14.891412019729614, "time_Res iVi_750": 30.335055589675903, "time_Res iVi_1000": 50.54991888999939, "mc_std_iVi_U": 0.000275893399847473, "mc_std_Res iVi_U": 0.00027454762739024906, "mc_std_iVi_N": 0.00043856196193653907, "mc_std_Res iVi_N": 0.0004369269870989492}