{"methods_ivi": ["iVi", "Res iVi"], "methods_non_ivi": ["Population", "Ogata"], "n_paths_time_meas": 100000, "n_paths_non_ivi": 10000, "time_Population": 1705.3508257865906, "time_Ogata": 778.5758543014526, "mean_N_T": 309.05680343098845, "U_p_values_10": {"Population-Ogata": [0.934921367863862, 0.0076], "Population-iVi": [0.0, 0.6726], "Population-Res iVi": [0.0, 0.8248]}, "N_p_values_10": {"Population-Ogata": [0.9282795837972042, 0.0077], "Population-iVi": [0.0, 0.8477], "Population-Res iVi": [0.0, 0.8797]}, "U_p_values_50": {"Population-Ogata": [0.934921367863862, 0.0076], "Population-iVi": [1.0728993042973394e-52, 0.1096], "Population-Res iVi": [1.0671444051933122e-162, 0.1927]}, "N_p_values_50": {"Population-Ogata": [0.9282795837972042, 0.0077], "Population-iVi": [1.2228230450682983e-104, 0.1546], "Population-Res iVi": [1.6576075713093319e-183, 0.2046]}, "U_p_values_100": {"Population-Ogata": [0.934921367863862, 0.0076], "Population-iVi": [5.409049204108268e-12, 0.0516], "Population-Res iVi": [4.090817104055436e-42, 0.0979]}, "N_p_values_100": {"Population-Ogata": [0.9282795837972042, 0.0077], "Population-iVi": [1.5536417567787078e-26, 0.0775], "Population-Res iVi": [2.1008074882120754e-43, 0.0994]}, "U_p_values_1000": {"Population-Ogata": [0.934921367863862, 0.0076], "Population-iVi": [0.4568717692969701, 0.0121], "Population-Res iVi": [0.1449137168873294, 0.0162]}, "N_p_values_1000": {"Population-Ogata": [0.9282795837972042, 0.0077], "Population-iVi": [0.08413471385146415, 0.0178], "Population-Res iVi": [0.04462706511711022, 0.0195]}, "n_steps_arr_cf": [20, 35, 50, 65, 80, 100, 200, 350, 500, 750, 1000], "n_paths_ivi": 100000, "mc_std_U": 0.00021979576816733996, "mc_std_N": 0.0002814787411130323, "time_iVi_20": 0.22571277618408203, "errors_ivi": {"U": {"iVi": [0.05162143360554322, 0.026412197056427666, 0.017840710824003514, 0.013514546691571538, 0.010857100261129349, 0.008565804497204066, 0.004430970068049711, 0.002395130077037788, 0.0015617457214679442, 0.0011670007392900472, 0.0007314376537390088], "Res iVi": [0.08150028626316819, 0.04634425824760796, 0.03220874700700527, 0.025035677450124028, 0.020302493368218377, 0.016149016888900414, 0.00804086537780535, 0.004660798884781936, 0.002735143058579581, 0.0019973057525199955, 0.001307647898480091]}, "N": {"iVi": [0.13699516744761192, 0.05768535472507763, 0.03592378376037353, 0.02590834208835796, 0.020239002902749326, 0.015597031690299634, 0.007576869433494504, 0.004071617355647317, 0.0026274448701893993, 0.0018814502911655984, 0.001262182862410255], "Res iVi": [0.1416210195156246, 0.07222927152726794, 0.047921378324249364, 0.03640336570862257, 0.02896780882725042, 0.02270204699473638, 0.010979196515027767, 0.006298136657618469, 0.0037250344726048046, 0.0026595607961839574, 0.0017254940473623859]}}, "time_iVi_35": 0.37494826316833496, "time_iVi_50": 0.5038549900054932, "time_iVi_65": 0.6221539974212646, "time_iVi_80": 0.7519693374633789, "time_iVi_100": 0.9704775810241699, "time_iVi_200": 1.9063198566436768, "time_iVi_350": 3.4013240337371826, "time_iVi_500": 4.816413879394531, "time_iVi_750": 7.195845603942871, "time_iVi_1000": 10.018744230270386, "time_Res iVi_20": 0.25781702995300293, "time_Res iVi_35": 0.36339473724365234, "time_Res iVi_50": 0.508540153503418, "time_Res iVi_65": 0.6061065196990967, "time_Res iVi_80": 0.7623484134674072, "time_Res iVi_100": 0.9404544830322266, "time_Res iVi_200": 1.9081783294677734, "time_Res iVi_350": 3.3970797061920166, "time_Res iVi_500": 4.785504102706909, "time_Res iVi_750": 7.210775136947632, "time_Res iVi_1000": 9.867107391357422, "mc_std_iVi_U": 0.0002227123453378901, "mc_std_Res iVi_U": 0.0002220253270733805, "mc_std_iVi_N": 0.00028739566307335016, "mc_std_Res iVi_N": 0.00028651621484600406}