{"methods_ivi": ["iVi", "Res iVi"], "methods_non_ivi": ["Population", "Ogata"], "n_paths_time_meas": 100000, "n_paths_non_ivi": 10000, "time_Population": 935.9482550621033, "time_Ogata": 226.75146341323853, "mean_N_T": 111.81142129826466, "U_p_values_10": {"Population-Ogata": [0.5228883388356883, 0.0115], "Population-iVi": [0.0, 0.5001], "Population-Res iVi": [1.54372176340479e-12, 0.0528]}, "N_p_values_10": {"Population-Ogata": [0.4568717692969701, 0.0121], "Population-iVi": [0.0, 0.9278], "Population-Res iVi": [0.0017823478988117213, 0.0265]}, "U_p_values_50": {"Population-Ogata": [0.5228883388356883, 0.0115], "Population-iVi": [1e-323, 0.2733], "Population-Res iVi": [0.09685235111383245, 0.0174]}, "N_p_values_50": {"Population-Ogata": [0.4568717692969701, 0.0121], "Population-iVi": [0.0, 0.4531], "Population-Res iVi": [0.1449137168873294, 0.0162]}, "U_p_values_100": {"Population-Ogata": [0.5228883388356883, 0.0115], "Population-iVi": [1.1288604733407856e-91, 0.1447], "Population-Res iVi": [0.8811642663237643, 0.0083]}, "N_p_values_100": {"Population-Ogata": [0.4568717692969701, 0.0121], "Population-iVi": [6.893065230785126e-270, 0.2478], "Population-Res iVi": [0.8533882178607826, 0.0086]}, "U_p_values_1000": {"Population-Ogata": [0.5228883388356883, 0.0115], "Population-iVi": [0.016521429620682752, 0.0219], "Population-Res iVi": [0.6756592612416861, 0.0102]}, "N_p_values_1000": {"Population-Ogata": [0.4568717692969701, 0.0121], "Population-iVi": [2.261927602555562e-06, 0.037], "Population-Res iVi": [0.46757740082070737, 0.012]}, "n_steps_arr_cf": [20, 35, 50, 65, 80, 100, 200, 350, 500, 750, 1000], "n_paths_ivi": 100000, "mc_std_U": 0.00028096921450605994, "mc_std_N": 0.00038018717196316337, "time_iVi_20": 0.2099764347076416, "errors_ivi": {"U": {"iVi": [0.13046142637421226, 0.08643054970582936, 0.06277962618831345, 0.0485713386837876, 0.039720926642760834, 0.032300390651761046, 0.016007504356493896, 0.008982162296614471, 0.006053079558543895, 0.004322988126112759, 0.0033572675676984964], "Res iVi": [0.0017985236210312228, 0.0011003468254259796, 0.000755126609475576, 0.0006888616443119777, 0.0008327879864937771, 0.0004596208494267451, 0.00020621419820782139, 1.9637371563741013e-05, 0.0003594074712721107, 8.562027564240626e-05, 0.00021003367630040293]}, "N": {"iVi": [0.27967498209386815, 0.191117050063759, 0.1407187416330641, 0.11004825593320472, 0.09035979814550044, 0.07334088185527515, 0.0368463557545311, 0.020907316756483718, 0.014431435267986015, 0.009949298971798415, 0.00766450962795745], "Res iVi": [0.002096701870596185, 0.0013959932159270938, 0.00095083153737896, 0.0009209390103016579, 0.001108582433107741, 0.000606361035315861, 0.0002730583853742252, 6.550204798810855e-05, 0.0004909050119081271, 7.455285247887078e-05, 0.00028330277524263314]}}, "time_iVi_35": 0.4272117614746094, "time_iVi_50": 0.509965181350708, "time_iVi_65": 0.6510152816772461, "time_iVi_80": 0.7372465133666992, "time_iVi_100": 1.0090296268463135, "time_iVi_200": 1.8278956413269043, "time_iVi_350": 3.352147340774536, "time_iVi_500": 5.274453401565552, "time_iVi_750": 7.356922626495361, "time_iVi_1000": 9.330372095108032, "time_Res iVi_20": 0.30451226234436035, "time_Res iVi_35": 0.3330118656158447, "time_Res iVi_50": 0.48281192779541016, "time_Res iVi_65": 0.5745148658752441, "time_Res iVi_80": 0.7506103515625, "time_Res iVi_100": 0.8864803314208984, "time_Res iVi_200": 1.8371543884277344, "time_Res iVi_350": 3.0526175498962402, "time_Res iVi_500": 4.530555009841919, "time_Res iVi_750": 6.561474800109863, "time_Res iVi_1000": 9.7378830909729, "mc_std_iVi_U": 0.00028439792690278904, "mc_std_Res iVi_U": 0.0002838867456174015, "mc_std_iVi_N": 0.0003837363769793818, "mc_std_Res iVi_N": 0.00038422533092672106}