{"time_Population_10000": 27.602774620056152, "time_Ogata_10000": 11.978077173233032, "mean_N_T": 52.46246246246246, "U_p_values_10": {"Population-Ogata": [0.7689615674766569, 0.0094], "Population-iVi": [1e-323, 0.321], "Population-Res iVi": [0.00044492209659532624, 0.029]}, "N_p_values_10": {"Population-Ogata": [0.9711713729518725, 0.0069], "Population-iVi": [1e-323, 0.2817], "Population-Res iVi": [0.023305587030701742, 0.0211]}, "U_p_values_50": {"Population-Ogata": [0.7689615674766569, 0.0094], "Population-iVi": [7.051305907101806e-21, 0.0686], "Population-Res iVi": [0.7112026399498019, 0.0099]}, "N_p_values_50": {"Population-Ogata": [0.9711713729518725, 0.0069], "Population-iVi": [3.0806551184546733e-21, 0.0692], "Population-Res iVi": [0.41538042565668437, 0.0125]}, "U_p_values_100": {"Population-Ogata": [0.7689615674766569, 0.0094], "Population-iVi": [0.0001111240923452992, 0.0313], "Population-Res iVi": [0.4784083389368079, 0.0119]}, "N_p_values_100": {"Population-Ogata": [0.9711713729518725, 0.0069], "Population-iVi": [1.4994173877292366e-07, 0.0405], "Population-Res iVi": [0.02870902529941938, 0.0206]}, "U_p_values_1000": {"Population-Ogata": [0.7689615674766569, 0.0094], "Population-iVi": [0.8898368093550385, 0.0082], "Population-Res iVi": [0.9062284518844627, 0.008]}, "N_p_values_1000": {"Population-Ogata": [0.9711713729518725, 0.0069], "Population-iVi": [0.03966362560959423, 0.0198], "Population-Res iVi": [0.2582344696265808, 0.0143]}, "time_iVi_20": 2.2033464908599854, "time_iVi_35": 4.210716962814331, "time_iVi_50": 5.930387020111084, "time_iVi_65": 8.000107049942017, "time_iVi_80": 10.252496004104614, "time_iVi_100": 13.734523296356201, "time_iVi_200": 34.541918992996216, "time_iVi_350": 79.05211329460144, "time_iVi_500": 139.58033633232117, "time_iVi_750": 280.4489665031433, "time_iVi_1000": 472.33489298820496, "time_Res iVi_20": 2.313126564025879, "time_Res iVi_35": 4.0144970417022705, "time_Res iVi_50": 5.939440488815308, "time_Res iVi_65": 7.9830427169799805, "time_Res iVi_80": 10.132066249847412, "time_Res iVi_100": 13.53659987449646, "time_Res iVi_200": 34.02314329147339, "time_Res iVi_350": 78.5876088142395, "time_Res iVi_500": 139.96890568733215, "time_Res iVi_750": 278.9379918575287, "time_Res iVi_1000": 467.20800733566284, "arriavals_p_values_10": {"Population": [0.17260744260748517, 0.1667410731091676], "Ogata": [0.2999518527645755, 0.15558074421872803], "iVi": [0.21621678914187026, 0.13227044641551322], "Res iVi": [0.37502398807671, 0.09601595857600398]}, "arriavals_p_values_50": {"Population": [0.17260744260748517, 0.1667410731091676], "Ogata": [0.2999518527645755, 0.15558074421872803], "iVi": [0.4800725717776926, 0.09084275004861142], "Res iVi": [0.6984198447493661, 0.10317332773239896]}, "arriavals_p_values_100": {"Population": [0.17260744260748517, 0.1667410731091676], "Ogata": [0.2999518527645755, 0.15558074421872803], "iVi": [0.19248236853492973, 0.13259380304750257], "Res iVi": [0.2929641513032696, 0.14894718524166084]}, "arriavals_p_values_1000": {"Population": [0.17260744260748517, 0.1667410731091676], "Ogata": [0.2999518527645755, 0.15558074421872803], "iVi": [0.8313603407736354, 0.08204142380065008], "Res iVi": [0.018449516777924946, 0.3486968424394695]}}