{"methods_ivi": ["iVi", "Res iVi"], "methods_non_ivi": ["Population", "Ogata"], "n_paths_time_meas": 100000, "n_paths_non_ivi": 10000, "time_Population": 1008.3140110969543, "time_Ogata": 1392.6651573181152, "mean_N_T": 152.18797488298742, "U_p_values_10": {"Population-Ogata": [0.8629266196033867, 0.0085], "Population-iVi": [0.0, 0.5475], "Population-Res iVi": [0.3393633805365633, 0.0133]}, "N_p_values_10": {"Population-Ogata": [0.8533882178607826, 0.0086], "Population-iVi": [0.0, 0.4615], "Population-Res iVi": [0.1646735174066772, 0.0158]}, "U_p_values_50": {"Population-Ogata": [0.8629266196033867, 0.0085], "Population-iVi": [1.2631201963248458e-54, 0.1116], "Population-Res iVi": [0.9411994973047206, 0.0075]}, "N_p_values_50": {"Population-Ogata": [0.8533882178607826, 0.0086], "Population-iVi": [7.190052228455816e-35, 0.089], "Population-Res iVi": [0.8127749152563353, 0.009]}, "U_p_values_100": {"Population-Ogata": [0.8629266196033867, 0.0085], "Population-iVi": [1.2876163329333524e-13, 0.0551], "Population-Res iVi": [0.6756592612416861, 0.0102]}, "N_p_values_100": {"Population-Ogata": [0.8533882178607826, 0.0086], "Population-iVi": [9.015219406659462e-11, 0.0488], "Population-Res iVi": [0.41538042565668437, 0.0125]}, "U_p_values_1000": {"Population-Ogata": [0.8629266196033867, 0.0085], "Population-iVi": [0.02991364969994266, 0.0205], "Population-Res iVi": [0.6398931694241892, 0.0105]}, "N_p_values_1000": {"Population-Ogata": [0.8533882178607826, 0.0086], "Population-iVi": [0.01323855514020171, 0.0224], "Population-Res iVi": [0.34833322133888034, 0.0132]}, "n_steps_arr_cf": [20, 35, 50, 65, 80, 100, 200, 350, 500, 750, 1000], "n_paths_ivi": 1000000, "mc_std_U": 8.990756387079292e-05, "mc_std_N": 0.00011599867993515624, "time_iVi_20": 0.2805928230285645, "errors_ivi": {"U": {"iVi": [0.06458783245353306, 0.03508721509568652, 0.023796963157460438, 0.01790667238129995, 0.01447501085411007, 0.01143515230001757, 0.00539105868580203, 0.0030074084758411335, 0.0018979767026706673, 0.0012253779503055284, 0.0010010916015351645], "Res iVi": [0.0006906374817255978, 0.0006872638504562545, 0.0005893680803433221, 0.000480230090167455, 0.0002852492673887097, 0.00030331074193168384, 0.00029776904695461015, 0.00013057906909913486, 0.0002758842307430953, 8.923999350501921e-05, 0.00012984961990136767]}, "N": {"iVi": [0.06473045674047179, 0.03488309524870148, 0.023546938916593152, 0.017650302123274564, 0.014284554814021744, 0.011244066051689594, 0.005239673704334535, 0.0029255285699312794, 0.0017596550898894558, 0.0011488380528928976, 0.0009568174925239092], "Res iVi": [0.0009746659976115901, 0.0009174100538072993, 0.0007824661568658908, 0.0005932475686962757, 0.0003799689147820362, 0.00037161576661703943, 0.0003575896376371013, 0.00013028708224788188, 0.00034812788155702545, 8.521307531378364e-05, 0.00014513991003861637]}}, "time_iVi_35": 0.43489434719085696, "time_iVi_50": 0.6395689725875855, "time_iVi_65": 0.8655500173568726, "time_iVi_80": 1.091938591003418, "time_iVi_100": 1.4411292552947998, "time_iVi_200": 3.598456692695618, "time_iVi_350": 8.133126163482666, "time_iVi_500": 14.34516260623932, "time_iVi_750": 28.3939101934433, "time_iVi_1000": 47.27324430942536, "time_Res iVi_20": 0.25999567508697513, "time_Res iVi_35": 0.4370086431503296, "time_Res iVi_50": 0.6439234733581544, "time_Res iVi_65": 0.8669826745986939, "time_Res iVi_80": 1.111903977394104, "time_Res iVi_100": 1.487081837654114, "time_Res iVi_200": 3.74785487651825, "time_Res iVi_350": 8.558443236351014, "time_Res iVi_500": 15.252212119102479, "time_Res iVi_750": 30.461039614677432, "time_Res iVi_1000": 50.306663203239445, "mc_std_iVi_U": 9.025510993965046e-05, "mc_std_Res iVi_U": 9.002507644085184e-05, "mc_std_iVi_N": 0.00011621810303201511, "mc_std_Res iVi_N": 0.00011599354923008045}