{"time_Population_10000": 1433.9743139743805, "time_Ogata_10000": 1228.2444624900818, "mean_N_T": 2578.205911686548, "U_p_values_50": {"Population-Ogata": [0.0702415315299295, 0.0183], "Population-iVi": [0.0, 0.3949], "Population-Res iVi": [2.7522193691639167e-11, 0.05]}, "N_p_values_50": {"Population-Ogata": [0.06771054835137846, 0.0184], "Population-iVi": [0.0, 0.5852], "Population-Res iVi": [5.518161998179471e-11, 0.0493]}, "U_p_values_100": {"Population-Ogata": [0.0702415315299295, 0.0183], "Population-iVi": [5.284536030078051e-147, 0.1832], "Population-Res iVi": [0.0012237990083722164, 0.0272]}, "N_p_values_100": {"Population-Ogata": [0.06771054835137846, 0.0184], "Population-iVi": [1e-323, 0.2925], "Population-Res iVi": [0.0016901574904271007, 0.0266]}, "U_p_values_1000": {"Population-Ogata": [0.0702415315299295, 0.0183], "Population-iVi": [0.08717458640626448, 0.0177], "Population-Res iVi": [0.03245716446609041, 0.0203]}, "N_p_values_1000": {"Population-Ogata": [0.06771054835137846, 0.0184], "Population-iVi": [0.004480286858008985, 0.0247], "Population-Res iVi": [0.020515502090086474, 0.0214]}, "time_iVi_20": 2.2804384231567383, "time_iVi_35": 4.325029134750366, "time_iVi_50": 6.751973390579224, "time_iVi_65": 9.022905111312866, "time_iVi_80": 11.806418895721436, "time_iVi_100": 15.584664583206177, "time_iVi_200": 38.35276556015015, "time_iVi_350": 86.74747562408447, "time_iVi_500": 150.51169395446777, "time_iVi_750": 293.9150278568268, "time_iVi_1000": 485.38141083717346, "time_Res iVi_20": 2.417142152786255, "time_Res iVi_35": 4.492300748825073, "time_Res iVi_50": 6.687311887741089, "time_Res iVi_65": 9.114403009414673, "time_Res iVi_80": 11.623870134353638, "time_Res iVi_100": 15.764840841293335, "time_Res iVi_200": 38.36699318885803, "time_Res iVi_350": 87.56355476379395, "time_Res iVi_500": 150.93580603599548, "time_Res iVi_750": 294.80564069747925, "time_Res iVi_1000": 485.9337227344513, "arriavals_p_values_10": {"Population": [0.05747512810910149, 0.029031983633493574], "Ogata": [0.4223701662242656, 0.020222033790376293], "Res iVi": [0.28808860352932597, 0.008488936631890875]}, "arriavals_p_values_50": {"Population": [0.05747512810910149, 0.029031983633493574], "Ogata": [0.4223701662242656, 0.020222033790376293], "iVi": [3.337530469389115e-11, 0.02697143051390105], "Res iVi": [0.7539766182022143, 0.011592099332996764]}, "arriavals_p_values_100": {"Population": [0.05747512810910149, 0.029031983633493574], "Ogata": [0.4223701662242656, 0.020222033790376293], "iVi": [0.23510037982958143, 0.01644685194933382], "Res iVi": [0.4989116535881889, 0.015777123510109736]}, "arriavals_p_values_1000": {"Population": [0.05747512810910149, 0.029031983633493574], "Ogata": [0.4223701662242656, 0.020222033790376293], "iVi": [0.016864718824961544, 0.16730693651611983], "Res iVi": [0.7043700900835859, 0.04202279714142598]}}