{"time_Population_10000": 2.3797407150268555, "time_Ogata_10000": 3.9816336631774902, "mean_N_T": 7.37231604438123, "U_p_values_10": {"Population-Ogata": [0.11890214798175557, 0.0168], "Population-iVi": [8.300515761340325e-06, 0.0352], "Population-Res iVi": [0.02141057602373857, 0.0213]}, "N_p_values_10": {"Population-Ogata": [0.031162582913927636, 0.0204], "Population-iVi": [4.347151708936561e-08, 0.042], "Population-Res iVi": [6.744222195597755e-07, 0.0386]}, "U_p_values_50": {"Population-Ogata": [0.11890214798175557, 0.0168], "Population-iVi": [0.05012122567386552, 0.0192], "Population-Res iVi": [0.4568717692969701, 0.0121]}, "N_p_values_50": {"Population-Ogata": [0.031162582913927636, 0.0204], "Population-iVi": [1.0825430653223063e-07, 0.0409], "Population-Res iVi": [9.270472922739023e-09, 0.0438]}, "U_p_values_100": {"Population-Ogata": [0.11890214798175557, 0.0168], "Population-iVi": [0.175326677835407, 0.0156], "Population-Res iVi": [0.05619041963691477, 0.0189]}, "N_p_values_100": {"Population-Ogata": [0.031162582913927636, 0.0204], "Population-iVi": [2.773254541722611e-13, 0.0544], "Population-Res iVi": [9.077596061626571e-13, 0.0533]}, "U_p_values_1000": {"Population-Ogata": [0.11890214798175557, 0.0168], "Population-iVi": [0.14966522632015317, 0.0161], "Population-Res iVi": [0.19231550503923178, 0.0153]}, "N_p_values_1000": {"Population-Ogata": [0.031162582913927636, 0.0204], "Population-iVi": [5.128014906231592e-16, 0.0599], "Population-Res iVi": [5.128014906231592e-16, 0.0599]}}