{"methods_ivi": ["iVi", "Res iVi"], "methods_non_ivi": ["Population", "Ogata"], "n_paths_time_meas": 100000, "n_paths_non_ivi": 10000, "time_Population": 1273.5570812225342, "time_Ogata": 531.2572360038757, "mean_N_T": 209.76951781806642, "U_p_values_10": {"Population-Ogata": [0.9968729274259033, 0.0057], "Population-iVi": [1e-323, 0.2904], "Population-Res iVi": [7.081931920219995e-20, 0.0669]}, "N_p_values_10": {"Population-Ogata": [0.9968729274259033, 0.0057], "Population-iVi": [9.382608977449918e-279, 0.2518], "Population-Res iVi": [4.230353169945253e-14, 0.0561]}, "U_p_values_50": {"Population-Ogata": [0.9968729274259033, 0.0057], "Population-iVi": [4.0308798712512307e-38, 0.0931], "Population-Res iVi": [0.5228883388356883, 0.0115]}, "N_p_values_50": {"Population-Ogata": [0.9968729274259033, 0.0057], "Population-iVi": [9.044370890233839e-23, 0.0717], "Population-Res iVi": [0.3574576387469889, 0.0131]}, "U_p_values_100": {"Population-Ogata": [0.9968729274259033, 0.0057], "Population-iVi": [1.762541034284342e-07, 0.0403], "Population-Res iVi": [0.6398931694241892, 0.0105]}, "N_p_values_100": {"Population-Ogata": [0.9968729274259033, 0.0057], "Population-iVi": [1.0244011678295582e-05, 0.0349], "Population-Res iVi": [0.4893600375017084, 0.0118]}, "U_p_values_1000": {"Population-Ogata": [0.9968729274259033, 0.0057], "Population-iVi": [0.3667356837968788, 0.013], "Population-Res iVi": [0.8721898676274492, 0.0084]}, "N_p_values_1000": {"Population-Ogata": [0.9968729274259033, 0.0057], "Population-iVi": [0.3574576387469889, 0.0131], "Population-Res iVi": [0.6875487335121528, 0.0101]}, "n_steps_arr_cf": [20, 35, 50, 65, 80, 100, 200, 350, 500, 750, 1000], "n_paths_ivi": 1000000, "mc_std_U": 7.922621389859998e-05, "mc_std_N": 0.00010275010182754552, "time_iVi_20": 0.23917114734649658, "errors_ivi": {"U": {"iVi": [0.03576673548548476, 0.022833936662678855, 0.01633202472853018, 0.012644776545684688, 0.010214201020743885, 0.008110163373152124, 0.003976486072429675, 0.002189159891634429, 0.0015547052872485478, 0.0010850519918025325, 0.0007403436567601229], "Res iVi": [0.001478633509399696, 0.0005788422700409579, 0.00025159524345458317, 5.122774081062209e-05, 5.0680670352576396e-05, 4.3242579938929104e-05, 0.00012939708399528627, 6.818050568913048e-05, 7.453793541289944e-05, 7.16792380753839e-05, 0.0001298270450518224]}, "N": {"iVi": [0.037297040317346486, 0.02343061841612104, 0.016579992024181645, 0.012770370072486381, 0.010244231761307898, 0.00809039058970884, 0.003935534187121947, 0.002128404646793758, 0.0015388701152365125, 0.0010901901828589966, 0.0007366144542427233], "Res iVi": [0.0019197004607990897, 0.0007170846067232062, 0.00030417365670143415, 8.817606255961952e-05, 4.9369753681416384e-05, 7.102478697162962e-05, 0.0001722480310367147, 5.6401579497655785e-05, 9.242832462785788e-05, 7.328149228424952e-05, 0.00013568790319762325]}}, "time_iVi_35": 0.37137057781219485, "time_iVi_50": 0.5185487747192383, "time_iVi_65": 0.642768931388855, "time_iVi_80": 0.7915688991546631, "time_iVi_100": 1.001206874847412, "time_iVi_200": 1.9667423248291016, "time_iVi_350": 3.429733443260193, "time_iVi_500": 4.957805633544922, "time_iVi_750": 7.1488384962081915, "time_iVi_1000": 9.946586012840271, "time_Res iVi_20": 0.2591264247894287, "time_Res iVi_35": 0.36764025688171387, "time_Res iVi_50": 0.49394347667694094, "time_Res iVi_65": 0.6201557874679566, "time_Res iVi_80": 0.7713546991348267, "time_Res iVi_100": 0.9673429489135743, "time_Res iVi_200": 1.9070315837860108, "time_Res iVi_350": 3.3679146766662598, "time_Res iVi_500": 4.735838675498963, "time_Res iVi_750": 7.142662477493286, "time_Res iVi_1000": 10.011568713188172, "mc_std_iVi_U": 7.90839242460531e-05, "mc_std_Res iVi_U": 7.904055801203883e-05, "mc_std_iVi_N": 0.00010274982862367906, "mc_std_Res iVi_N": 0.0001026995082665618}