{"methods_ivi": ["iVi", "Res iVi"], "methods_non_ivi": ["Population", "Ogata"], "n_paths_time_meas": 100000, "n_paths_non_ivi": 10000, "time_Population": 1249.256567955017, "time_Ogata": 515.501754283905, "mean_N_T": 209.76951781806642, "U_p_values_10": {"Population-Ogata": [0.9968729274259033, 0.0057], "Population-iVi": [0.0, 0.9999], "Population-Res iVi": [5.130881849372382e-109, 0.1578]}, "N_p_values_10": {"Population-Ogata": [0.9968729274259033, 0.0057], "Population-iVi": [3.4729384894094116e-220, 0.224], "Population-Res iVi": [2.2363393366418407e-30, 0.083]}, "U_p_values_50": {"Population-Ogata": [0.9968729274259033, 0.0057], "Population-iVi": [0.0, 0.6214], "Population-Res iVi": [2.6698813920069608e-05, 0.0335]}, "N_p_values_50": {"Population-Ogata": [0.9968729274259033, 0.0057], "Population-iVi": [4.179230358363566e-70, 0.1265], "Population-Res iVi": [0.00405711323877029, 0.0249]}, "U_p_values_100": {"Population-Ogata": [0.9968729274259033, 0.0057], "Population-iVi": [1e-323, 0.3277], "Population-Res iVi": [0.0066097390500499155, 0.0239]}, "N_p_values_100": {"Population-Ogata": [0.9968729274259033, 0.0057], "Population-iVi": [1.5536417567787078e-26, 0.0775], "Population-Res iVi": [0.020515502090086474, 0.0214]}, "U_p_values_1000": {"Population-Ogata": [0.9968729274259033, 0.0057], "Population-iVi": [7.133746468885948e-05, 0.032], "Population-Res iVi": [0.9471107086522933, 0.0074]}, "N_p_values_1000": {"Population-Ogata": [0.9968729274259033, 0.0057], "Population-iVi": [0.127110543245193, 0.0166], "Population-Res iVi": [0.8232670451557268, 0.0089]}, "n_steps_arr_cf": [20, 35, 50, 65, 80, 100, 200, 350, 500, 750, 1000], "n_paths_ivi": 100000, "mc_std_U": 0.0002505352863112642, "mc_std_N": 0.0003249243515892733, "time_iVi_20": 0.23018836975097656, "errors_ivi": {"U": {"iVi": [0.24967900130885112, 0.15983338026249605, 0.11570909694424392, 0.09025658141155996, 0.07388844303246128, 0.059432192827200137, 0.029898622761330262, 0.017184316866651506, 0.011575229807629595, 0.00782491656981904, 0.006213326377002282], "Res iVi": [0.0038257073299084454, 0.002538057515246328, 0.0017028457014440779, 0.001246053036117245, 0.0010336465774263837, 0.0006496836227995462, 0.00020345614650119082, 0.00024609474209091875, 0.0002977850379313751, 0.00032759892950023906, 0.00032270486133517684]}, "N": {"iVi": [0.038535696859939184, 0.02691962640545953, 0.020660783899348167, 0.016785122790097418, 0.014002904736104216, 0.011503478930343147, 0.006111425547023097, 0.003481437579765989, 0.003076887431619768, 0.0019443007287949787, 0.001019392071766767], "Res iVi": [0.004392346982123707, 0.0030318389391448264, 0.002137238232140737, 0.0015529659285523634, 0.0012355922639166184, 0.0007709875201644123, 0.0002727663779037437, 0.0003564272455218176, 0.00044156835107783676, 0.00042092298517032445, 0.0003917180872302639]}}, "time_iVi_35": 0.35312366485595703, "time_iVi_50": 0.5081415176391602, "time_iVi_65": 0.6352412700653076, "time_iVi_80": 0.7424201965332031, "time_iVi_100": 0.9477143287658691, "time_iVi_200": 1.873932123184204, "time_iVi_350": 3.3185245990753174, "time_iVi_500": 4.793017864227295, "time_iVi_750": 7.025234937667847, "time_iVi_1000": 9.670421361923218, "time_Res iVi_20": 0.30705761909484863, "time_Res iVi_35": 0.37500524520874023, "time_Res iVi_50": 0.47129130363464355, "time_Res iVi_65": 0.6306180953979492, "time_Res iVi_80": 0.7342836856842041, "time_Res iVi_100": 0.9229578971862793, "time_Res iVi_200": 1.8920745849609375, "time_Res iVi_350": 3.289494514465332, "time_Res iVi_500": 4.634381294250488, "time_Res iVi_750": 7.037095069885254, "time_Res iVi_1000": 9.818530082702637, "mc_std_iVi_U": 0.0002436585243023233, "mc_std_Res iVi_U": 0.000248560954257154, "mc_std_iVi_N": 0.0003184645442108068, "mc_std_Res iVi_N": 0.00032358040734753706}