{"methods_ivi": ["iVi", "Res iVi"], "methods_non_ivi": ["Population", "Ogata"], "n_paths_time_meas": 100000, "n_paths_non_ivi": 10000, "time_Population": 1162.689356803894, "time_Ogata": 651.7932343482971, "mean_N_T": 209.76951781806642, "U_p_values_10": {"Population-Ogata": [0.9968729274259033, 0.0057], "Population-iVi": [0.0, 0.5827], "Population-Res iVi": [5.479610505139134e-32, 0.0852]}, "N_p_values_10": {"Population-Ogata": [0.9968729274259033, 0.0057], "Population-iVi": [0.0, 0.9841], "Population-Res iVi": [1.762541034284342e-07, 0.0403]}, "U_p_values_50": {"Population-Ogata": [0.9968729274259033, 0.0057], "Population-iVi": [0.0, 0.6338], "Population-Res iVi": [0.05012122567386552, 0.0192]}, "N_p_values_50": {"Population-Ogata": [0.9968729274259033, 0.0057], "Population-iVi": [0.0, 0.8268], "Population-Res iVi": [0.23009750585879926, 0.0147]}, "U_p_values_100": {"Population-Ogata": [0.9968729274259033, 0.0057], "Population-iVi": [0.0, 0.3662], "Population-Res iVi": [0.2968514903604106, 0.0138]}, "N_p_values_100": {"Population-Ogata": [0.9968729274259033, 0.0057], "Population-iVi": [0.0, 0.5195], "Population-Res iVi": [0.3574576387469889, 0.0131]}, "U_p_values_1000": {"Population-Ogata": [0.9968729274259033, 0.0057], "Population-iVi": [2.849058988036629e-07, 0.0397], "Population-Res iVi": [0.6994009459719119, 0.01]}, "N_p_values_1000": {"Population-Ogata": [0.9968729274259033, 0.0057], "Population-iVi": [9.317531154624841e-16, 0.0594], "Population-Res iVi": [0.3667356837968788, 0.013]}, "n_steps_arr_cf": [20, 35, 50, 65, 80, 100, 200, 350, 500, 750, 1000], "n_paths_ivi": 100000, "mc_std_U": 0.0002505352863112642, "mc_std_N": 0.0003249243515892733, "time_iVi_20": 0.21400856971740723, "errors_ivi": {"U": {"iVi": [0.26685693466587695, 0.2055060947416292, 0.15262189445912255, 0.11872877767414303, 0.09637623202401535, 0.07714707353127187, 0.03763303729524392, 0.02155204908158026, 0.01466991455701433, 0.010579263533496419, 0.00673355345115445], "Res iVi": [0.002019599656521376, 0.0014534799464654413, 0.0009868149039641838, 0.0005094297396570635, 0.0005784547196607814, 0.00039233704659830115, 0.00013210267018359811, 8.780027170179894e-05, 0.00016226883944359116, 1.7781996901389263e-05, 0.0003405225971874759]}, "N": {"iVi": [0.3681896643070676, 0.3191460997729533, 0.257692262823695, 0.20946772659949062, 0.1744263998163857, 0.14226940280665737, 0.0720449223264541, 0.04163625672362925, 0.02864370397151811, 0.020205603569860953, 0.013625831426696156], "Res iVi": [0.0021058105706499575, 0.0015688942665805228, 0.0011633431800616156, 0.0006273812414778757, 0.0006713661935005, 0.00046747803447177994, 0.00018148895174635582, 9.283349316330236e-05, 0.00023513567849786643, 1.040951774844423e-05, 0.0004315985362328134]}}, "time_iVi_35": 0.38145995140075684, "time_iVi_50": 0.543867826461792, "time_iVi_65": 0.6854887008666992, "time_iVi_80": 0.7788150310516357, "time_iVi_100": 0.9893434047698975, "time_iVi_200": 1.887854814529419, "time_iVi_350": 3.3057122230529785, "time_iVi_500": 4.677621841430664, "time_iVi_750": 7.070565223693848, "time_iVi_1000": 9.83259892463684, "time_Res iVi_20": 0.2771720886230469, "time_Res iVi_35": 0.362823486328125, "time_Res iVi_50": 0.4785444736480713, "time_Res iVi_65": 0.6103837490081787, "time_Res iVi_80": 0.7524652481079102, "time_Res iVi_100": 0.9516518115997314, "time_Res iVi_200": 1.9184696674346924, "time_Res iVi_350": 3.322281837463379, "time_Res iVi_500": 4.6896772384643555, "time_Res iVi_750": 7.10334324836731, "time_Res iVi_1000": 9.745483875274658, "mc_std_iVi_U": 0.0002505287289954191, "mc_std_Res iVi_U": 0.00024955518452853795, "mc_std_iVi_N": 0.000323952410653318, "mc_std_Res iVi_N": 0.00032465555349241816}