{"time_Population_10000": 544.5539042949677, "time_Ogata_10000": 2634.7550132274628, "mean_N_T": 1095.7390051186712, "U_p_values_10": {"Population-Ogata": [0.9578278872766892, 0.0072], "Population-iVi": [0.0, 0.7186], "Population-Res iVi": [4.727828077144241e-08, 0.0419]}, "N_p_values_10": {"Population-Ogata": [0.9212790168134688, 0.0078], "Population-iVi": [0.0, 0.943], "Population-Res iVi": [0.0009828645572326894, 0.0276]}, "U_p_values_50": {"Population-Ogata": [0.9578278872766892, 0.0072], "Population-iVi": [2.018090367843662e-24, 0.0743], "Population-Res iVi": [3.9720207266406064e-49, 0.1058]}, "N_p_values_50": {"Population-Ogata": [0.9212790168134688, 0.0078], "Population-iVi": [1e-323, 0.3293], "Population-Res iVi": [1.2621667926911265e-44, 0.1008]}, "U_p_values_100": {"Population-Ogata": [0.9578278872766892, 0.0072], "Population-iVi": [2.7806186723432776e-27, 0.0786], "Population-Res iVi": [4.090817104055436e-42, 0.0979]}, "N_p_values_100": {"Population-Ogata": [0.9212790168134688, 0.0078], "Population-iVi": [8.290871607551258e-172, 0.198], "Population-Res iVi": [8.99134701471385e-39, 0.0939]}, "U_p_values_1000": {"Population-Ogata": [0.9578278872766892, 0.0072], "Population-iVi": [1.9518840091914736e-16, 0.0607], "Population-Res iVi": [3.820183408389844e-09, 0.0448]}, "N_p_values_1000": {"Population-Ogata": [0.9212790168134688, 0.0078], "Population-iVi": [1.2876163329333524e-13, 0.0551], "Population-Res iVi": [3.101038755709402e-08, 0.0424]}, "time_iVi_20": 2.9424405097961426, "errors_ivi": {"U": {"iVi": [0.15909144125294766, 0.05573248760977467, 0.01997759544153127, 0.00389059303301309, 0.005033147231950863, 0.012241975505484892, 0.021787644044833188, 0.022489287322519702, 0.021291359829333167, 0.0199578106276192, 0.01877589888683817], "Res iVi": [0.02822169314791756, 0.033553277584890795, 0.034173068871422296, 0.03329762062756275, 0.03261555507733832, 0.03108328968023444, 0.027194864463120028, 0.022984621821323714, 0.020473139161004017, 0.01790256029337689, 0.01551989840286272]}, "N": {"iVi": [0.3694151536400053, 0.2582476579819444, 0.1967896754351557, 0.16080593945834382, 0.13710216575658907, 0.11528168952406914, 0.06931626985021211, 0.04749378624343259, 0.03809646749275275, 0.029442680856013537, 0.024680080642926983], "Res iVi": [0.027158559021392803, 0.033276523553659565, 0.03415675523741868, 0.03339092974283031, 0.032745293155138355, 0.031239632996357347, 0.02741825229630057, 0.023191263371909465, 0.020678742336878386, 0.018083158558340306, 0.01566217793907254]}}, "time_iVi_35": 5.242380857467651, "time_iVi_50": 8.400537014007568, "time_iVi_65": 10.773966789245605, "time_iVi_80": 13.793853759765625, "time_iVi_100": 17.953088521957397, "time_iVi_200": 43.008304834365845, "time_iVi_350": 94.63758158683777, "time_iVi_500": 162.58022737503052, "time_iVi_750": 318.4004189968109, "time_iVi_1000": 521.9949195384979, "time_Res iVi_20": 3.0837948322296143, "time_Res iVi_35": 5.465716123580933, "time_Res iVi_50": 8.038208484649658, "time_Res iVi_65": 10.820754051208496, "time_Res iVi_80": 13.833481550216675, "time_Res iVi_100": 18.189820528030396, "time_Res iVi_200": 44.104029417037964, "time_Res iVi_350": 97.40568089485168, "time_Res iVi_500": 167.57891964912415, "time_Res iVi_750": 325.2816150188446, "time_Res iVi_1000": 532.8249168395996, "arriavals_p_values_10": {"Population": [0.4135423402584305, 0.034704467930228966], "Ogata": [3.6662121523092454e-05, 0.2543052331926345], "iVi": [7.461095325275364e-190, 0.08845339921187156], "Res iVi": [0.043583938868105965, 0.04280759504838369]}, "arriavals_p_values_50": {"Population": [0.4135423402584305, 0.034704467930228966], "Ogata": [3.6662121523092454e-05, 0.2543052331926345], "iVi": [0.0019281209954330658, 0.04544980633001358], "Res iVi": [0.057904932264157716, 0.07638514527208468]}, "arriavals_p_values_100": {"Population": [0.4135423402584305, 0.034704467930228966], "Ogata": [3.6662121523092454e-05, 0.2543052331926345], "iVi": [0.3406785526721974, 0.05068282231598831], "Res iVi": [0.03128954014245644, 0.04064345133732744]}, "arriavals_p_values_1000": {"Population": [0.4135423402584305, 0.034704467930228966], "Ogata": [3.6662121523092454e-05, 0.2543052331926345], "iVi": [0.005122744418155667, 0.0792001793776331], "Res iVi": [0.15973828431882564, 0.034894598263132987]}}