{"is_log_time": false, "methods_ivi": ["iVi", "Res iVi"], "methods_non_ivi": ["ExpExact", "Ogata"], "n_paths_time_meas": 100000, "n_steps_arr_cf": [20, 35, 50, 65, 80, 100, 200, 350, 500, 750, 1000, 2000], "n_batch_cf": 10, "batch_size_cf": 100000, "n_paths_non_ivi": 10000, "time_ExpExact": 87.79418468475342, "time_Ogata": 135.0378680229187, "n_paths_ivi": 1000000, "mean_N_T": 65.33336952141568, "mc_std_U": 9.494588705786646e-05, "mc_std_N": 0.00013514812011458367, "time_iVi_20": 0.20157382488250733, "errors_ivi": {"U": {"iVi": [0.04376111595061072, 0.013902436979686739, 0.004693947128356024, 0.0008822675970187599, 0.0006905283831873388, 0.0019384115010809277, 0.0021079785114904714, 0.0016397956296776428, 0.0013723837992761223, 0.0009184521404335677, 0.0006939958579649796, 0.0004131357265259594], "Res iVi": [0.00016389102829184043, 0.0002484029696800949, 0.0002753377684591163, 0.00028270496968141323, 0.00018051099803989556, 0.00011513577181859747, 0.00015198572666852428, 0.0002858002739119514, 0.00023890907308604659, 0.0001253248705669341, 0.00014271621517425448, 1.4210672950765169e-05]}, "N": {"iVi": [0.13236478808150504, 0.07389383088551899, 0.04974233698079855, 0.03691295245430998, 0.029339220398493127, 0.02250117835555593, 0.010712287565984191, 0.005769133175078878, 0.0037960279033557587, 0.0025641315172422185, 0.001928403203898088, 0.0008870475279947332], "Res iVi": [0.004206094445230901, 0.0022924756965821413, 0.0016701705529211242, 0.0011928579241536341, 0.0010874115345268498, 0.0009319544683122905, 0.0004017390906575491, 3.0085285855629973e-05, 6.303172844446259e-05, 0.00035500366698898445, 2.742812770062386e-05, 8.71697356946699e-05]}}, "time_iVi_35": 0.35377275943756104, "time_iVi_50": 0.5563667535781861, "time_iVi_65": 0.9104184150695801, "time_iVi_80": 0.9627726554870606, "time_iVi_100": 1.209806275367737, "time_iVi_200": 2.3109402894973754, "time_iVi_350": 3.5338232994079593, "time_iVi_500": 4.293977546691894, "time_iVi_750": 6.79267852306366, "time_iVi_1000": 9.784192752838136, "time_iVi_2000": 22.13114733695984, "time_Res iVi_20": 0.23128054141998292, "time_Res iVi_35": 0.35164909362792973, "time_Res iVi_50": 0.4867723464965821, "time_Res iVi_65": 0.6622173070907593, "time_Res iVi_80": 0.7540579080581665, "time_Res iVi_100": 0.9256762742996216, "time_Res iVi_200": 1.80772864818573, "time_Res iVi_350": 3.2188894748687744, "time_Res iVi_500": 4.653015732765198, "time_Res iVi_750": 7.164618372917175, "time_Res iVi_1000": 9.792118668556213, "time_Res iVi_2000": 21.91806309223175, "mc_std_iVi_U": 9.57332910435271e-05, "mc_std_Res iVi_U": 9.577125179108473e-05, "mc_std_iVi_N": 0.00013662127251813476, "mc_std_Res iVi_N": 0.00013662279913095234}