{"methods_ivi": ["iVi", "Res iVi"], "methods_non_ivi": ["Population", "Ogata"], "n_paths_time_meas": 1000000, "n_paths_non_ivi": 10000, "time_Population": 991.2031173706055, "time_Ogata": 1844.5683002471924, "mean_N_T": 19.829738027630263, "U_p_values_10": {"Population-Ogata": [0.10378951258539135, 0.0172], "Population-iVi": [1.1697601773666608e-111, 0.1597], "Population-Res iVi": [0.022340230544746754, 0.0212]}, "N_p_values_10": {"Population-Ogata": [0.0029982320081052387, 0.0255], "Population-iVi": [1e-323, 0.3206], "Population-Res iVi": [0.025348024964927197, 0.0209]}, "U_p_values_50": {"Population-Ogata": [0.10378951258539135, 0.0172], "Population-iVi": [5.397146907250133e-37, 0.0917], "Population-Res iVi": [0.09353139411912735, 0.0175]}, "N_p_values_50": {"Population-Ogata": [0.0029982320081052387, 0.0255], "Population-iVi": [2.588407929560696e-86, 0.1404], "Population-Res iVi": [5.166734198543513e-05, 0.0325]}, "U_p_values_100": {"Population-Ogata": [0.10378951258539135, 0.0172], "Population-iVi": [3.1688305359489834e-16, 0.0603], "Population-Res iVi": [0.06525767706262187, 0.0185]}, "N_p_values_100": {"Population-Ogata": [0.0029982320081052387, 0.0255], "Population-iVi": [1.979892123412575e-39, 0.0947], "Population-Res iVi": [3.723410418903642e-05, 0.033]}, "U_p_values_1000": {"Population-Ogata": [0.10378951258539135, 0.0172], "Population-iVi": [0.06288105634528753, 0.0186], "Population-Res iVi": [0.12295028892712498, 0.0167]}, "N_p_values_1000": {"Population-Ogata": [0.0029982320081052387, 0.0255], "Population-iVi": [1.6909366208780338e-09, 0.0457], "Population-Res iVi": [5.513283443567753e-05, 0.0324]}, "n_steps_arr_cf": [20, 35, 50, 65, 80, 100, 200, 350, 500, 750, 1000], "n_paths_ivi": 1000000, "mc_std_U": 7.729506476345459e-05, "mc_std_N": 0.00015273847516296667, "time_iVi_20": 2.1174561977386475, "errors_ivi": {"U": {"iVi": [0.02877496574897187, 0.023039854055509013, 0.019611089339991006, 0.01721059253590229, 0.015617693689239931, 0.013825519521335705, 0.00953119948585257, 0.007073707691187481, 0.005756620997984685, 0.0044791260865433835, 0.0039474800096090945], "Res iVi": [0.000653205175858651, 0.0003316703449101066, 0.00016279014145281767, 0.00029610390507944784, 0.00029517450243249366, 9.680036045239815e-05, 8.967515481844712e-05, 0.00012010307824522615, 0.00012949123654776296, 5.6148346880280364e-06, 6.836507316693163e-05]}, "N": {"iVi": [0.08398942768249529, 0.06157552307498748, 0.050458521277991886, 0.04336531984842251, 0.038630248589415106, 0.0338503969032769, 0.022555928074680653, 0.016381173707475993, 0.013188999119199407, 0.010295050601741684, 0.00881811260702342], "Res iVi": [0.001145237920130382, 0.0007009869197134311, 0.00034749889967822245, 0.0006725194322652062, 0.0005706888758464368, 0.00019392244619775845, 0.00022381929456882776, 0.00013257516558179416, 0.00021205834975512872, 5.360630162998259e-05, 7.663871428342794e-05]}}, "time_iVi_35": 3.781233549118042, "time_iVi_50": 5.608768939971924, "time_iVi_65": 7.656576633453369, "time_iVi_80": 9.626362800598145, "time_iVi_100": 12.717039585113525, "time_iVi_200": 33.058650732040405, "time_iVi_350": 77.22518610954285, "time_iVi_500": 137.2937457561493, "time_iVi_750": 283.57891821861267, "time_iVi_1000": 469.88265204429626, "time_Res iVi_20": 2.14026141166687, "time_Res iVi_35": 3.749919891357422, "time_Res iVi_50": 5.548675060272217, "time_Res iVi_65": 7.545249700546265, "time_Res iVi_80": 9.600481510162354, "time_Res iVi_100": 12.824286222457886, "time_Res iVi_200": 33.23271346092224, "time_Res iVi_350": 79.73537349700928, "time_Res iVi_500": 141.1248369216919, "time_Res iVi_750": 283.40540647506714, "time_Res iVi_1000": 475.8844118118286, "arriavals_p_values_10": {"Population": [0.627274330965874, 0.14977309879264555], "Ogata": [0.13697172042420425, 0.21264596676505776], "iVi": [0.7225890070745846, 0.13804249691965903], "Res iVi": [0.3302488487397487, 0.20902932936712454]}, "arriavals_p_values_50": {"Population": [0.627274330965874, 0.14977309879264555], "Ogata": [0.13697172042420425, 0.21264596676505776], "iVi": [0.24403959729202063, 0.18468379213118868], "Res iVi": [0.7851415829596138, 0.1647580249402535]}, "arriavals_p_values_100": {"Population": [0.627274330965874, 0.14977309879264555], "Ogata": [0.13697172042420425, 0.21264596676505776], "iVi": [0.7647233188916795, 0.14535935544228895], "Res iVi": [0.7738618236019011, 0.16664451642771705]}, "arriavals_p_values_1000": {"Population": [0.627274330965874, 0.14977309879264555], "Ogata": [0.13697172042420425, 0.21264596676505776], "iVi": [0.5621808954590339, 0.16489311541887897], "Res iVi": [0.14060309693480244, 0.31805406574792794]}}