{"time_Population_10000": 28.56265902519226, "time_Ogata_10000": 16.735931396484375, "mean_N_T": 29.97497497497499, "U_p_values_10": {"Population-Ogata": [0.898195296299018, 0.0081], "Population-iVi": [1.7185983041456525e-235, 0.2316], "Population-Res iVi": [2.813612844441207e-180, 0.2028]}, "N_p_values_10": {"Population-Ogata": [0.6637453476707832, 0.0103], "Population-iVi": [3.0836952626418683e-253, 0.2401], "Population-Res iVi": [4.918018328559283e-61, 0.118]}, "U_p_values_50": {"Population-Ogata": [0.898195296299018, 0.0081], "Population-iVi": [7.790688152311687e-08, 0.0413], "Population-Res iVi": [1.3563684076469432e-30, 0.0833]}, "N_p_values_50": {"Population-Ogata": [0.6637453476707832, 0.0103], "Population-iVi": [3.515679020657396e-35, 0.0894], "Population-Res iVi": [7.833447935626117e-23, 0.0718]}, "U_p_values_100": {"Population-Ogata": [0.898195296299018, 0.0081], "Population-iVi": [0.0014394936857743386, 0.0269], "Population-Res iVi": [7.776685772517619e-09, 0.044]}, "N_p_values_100": {"Population-Ogata": [0.6637453476707832, 0.0103], "Population-iVi": [8.175494994388866e-11, 0.0489], "Population-Res iVi": [4.727828077144241e-08, 0.0419]}, "U_p_values_1000": {"Population-Ogata": [0.898195296299018, 0.0081], "Population-iVi": [0.9626361027684857, 0.0071], "Population-Res iVi": [0.24386411273382524, 0.0145]}, "N_p_values_1000": {"Population-Ogata": [0.6637453476707832, 0.0103], "Population-iVi": [0.06288105634528753, 0.0186], "Population-Res iVi": [0.01725950480602568, 0.0218]}, "time_iVi_20": 4.282080411911011, "errors_ivi": {"U": {"iVi": [0.046631763969248174, 0.02155967414191562, 0.01305545761589233, 0.009400827655866861, 0.0069210742339998466, 0.005387896103030365, 0.002168279923830063, 0.0011984432378400744, 0.0012820341539020452, 0.0006973522820237776, 0.0005827275906522544], "Res iVi": [0.036379753016860916, 0.026863867558583276, 0.020769633020985334, 0.017346588251993422, 0.014679766522126048, 0.012044115878451389, 0.006192965306218601, 0.003802370844347036, 0.0025571030282849905, 0.0014079321836074632, 0.0015556760268133907]}, "N": {"iVi": [0.1049843469124685, 0.0662408821720663, 0.048271482083424355, 0.0375116945544674, 0.03116471104233126, 0.024930822853022006, 0.012920265575104117, 0.007445434979289622, 0.004630672152799997, 0.003236610033127696, 0.002415846282330658], "Res iVi": [0.03737418933748654, 0.028642558175908328, 0.022361381754503085, 0.018780689252934357, 0.0159309062401069, 0.013125617063372508, 0.006663681132191013, 0.004217099857175166, 0.0028295355413766043, 0.0015507010246774144, 0.0017725977569594265]}}, "time_iVi_35": 5.987159252166748, "time_iVi_50": 8.41954517364502, "time_iVi_65": 10.9274423122406, "time_iVi_80": 13.94390320777893, "time_iVi_100": 18.793352365493774, "time_iVi_200": 45.39658236503601, "time_iVi_350": 98.97137570381165, "time_iVi_500": 170.19068241119385, "time_iVi_750": 334.5535008907318, "time_iVi_1000": 543.4923579692841, "time_Res iVi_20": 3.6894500255584717, "time_Res iVi_35": 5.932701110839844, "time_Res iVi_50": 8.416635751724243, "time_Res iVi_65": 10.884773969650269, "time_Res iVi_80": 13.833187580108643, "time_Res iVi_100": 18.25871777534485, "time_Res iVi_200": 44.34009027481079, "time_Res iVi_350": 98.89517116546631, "time_Res iVi_500": 172.44113326072693, "time_Res iVi_750": 331.06997871398926, "time_Res iVi_1000": 543.2370879650116, "arriavals_p_values_10": {"Population": [0.7799781614783161, 0.12559809193730267], "Ogata": [0.5509205973796028, 0.41582710720860433], "iVi": [0.7340755778158712, 0.1793334931873543], "Res iVi": [0.07925650404974005, 0.1815419412233027]}, "arriavals_p_values_50": {"Population": [0.7799781614783161, 0.12559809193730267], "Ogata": [0.5509205973796028, 0.41582710720860433], "iVi": [0.6321544519431685, 0.09787828207551963], "Res iVi": [0.6168549853132397, 0.3119339807481444]}, "arriavals_p_values_100": {"Population": [0.7799781614783161, 0.12559809193730267], "Ogata": [0.5509205973796028, 0.41582710720860433], "iVi": [0.7258573074280776, 0.18069449253050607], "Res iVi": [0.6088655611102605, 0.13168753945211664]}, "arriavals_p_values_1000": {"Population": [0.7799781614783161, 0.12559809193730267], "Ogata": [0.5509205973796028, 0.41582710720860433], "iVi": [0.7141484274295968, 0.06997370498140232], "Res iVi": [0.37654876387966607, 0.2409364873616589]}}