{"methods_ivi": ["iVi", "Res iVi"], "methods_non_ivi": ["Population", "Ogata"], "n_paths_time_meas": 100000, "n_paths_non_ivi": 10000, "time_Population": 696.3998770713806, "time_Ogata": 1128.9445090293884, "mean_N_T": 162.91873522984577, "U_p_values_10": {"Population-Ogata": [0.37616617897202725, 0.0129], "Population-iVi": [0.0, 0.4422], "Population-Res iVi": [0.0020876942681196885, 0.0262]}, "N_p_values_10": {"Population-Ogata": [0.6637453476707832, 0.0103], "Population-iVi": [4.971308563495993e-173, 0.1987], "Population-Res iVi": [5.8222499692007835e-06, 0.0357]}, "U_p_values_50": {"Population-Ogata": [0.37616617897202725, 0.0129], "Population-iVi": [3.734643016999497e-37, 0.0919], "Population-Res iVi": [0.19231550503923178, 0.0153]}, "N_p_values_50": {"Population-Ogata": [0.6637453476707832, 0.0103], "Population-iVi": [2.2520699072727212e-11, 0.0502], "Population-Res iVi": [0.006004628256311834, 0.0241]}, "U_p_values_100": {"Population-Ogata": [0.37616617897202725, 0.0129], "Population-iVi": [5.409049204108268e-12, 0.0516], "Population-Res iVi": [0.6398931694241892, 0.0105]}, "N_p_values_100": {"Population-Ogata": [0.6637453476707832, 0.0103], "Population-iVi": [9.200976539765021e-05, 0.0316], "Population-Res iVi": [0.020515502090086474, 0.0214]}, "U_p_values_1000": {"Population-Ogata": [0.37616617897202725, 0.0129], "Population-iVi": [0.1111339652837609, 0.017], "Population-Res iVi": [0.7689615674766569, 0.0094]}, "N_p_values_1000": {"Population-Ogata": [0.6637453476707832, 0.0103], "Population-iVi": [0.186515593263376, 0.0154], "Population-Res iVi": [0.031162582913927636, 0.0204]}, "n_steps_arr_cf": [20, 35, 50, 65, 80, 100, 200, 350, 500, 750, 1000], "n_paths_ivi": 1000000, "mc_std_U": 1.8823906870134782e-05, "mc_std_N": 4.6025920566825155e-05, "time_iVi_20": 0.2571406841278076, "errors_ivi": {"U": {"iVi": [0.01066763032052076, 0.006186739835393529, 0.004368361169042101, 0.003373622650872876, 0.002723907551165805, 0.0022157399367601083, 0.0010802391162736957, 0.0006182538882182342, 0.00041774969697400133, 0.0002705309895422725, 0.00023298416609640604], "Res iVi": [6.101685697662562e-05, 2.7038415062852206e-05, 5.414397856956521e-05, 2.5119371993620465e-05, 1.2892425732602408e-05, 1.1899654819513827e-05, 3.3752916257179244e-05, 2.9703568507843947e-05, 2.6693728463034194e-05, 1.5144247304421654e-05, 4.269566389325519e-08]}, "N": {"iVi": [0.010696038009929798, 0.0062134637112499225, 0.004424454104107967, 0.003398339200143208, 0.00271415131183933, 0.002261435102678122, 0.0010744244621300192, 0.0006089894140097751, 0.0004077736002205401, 0.00025086262532453274, 0.0002384485113326451], "Res iVi": [0.00012364991514340895, 4.749305401224868e-05, 0.00010864843818197967, 5.378855190402154e-05, 1.8627621235778324e-05, 8.875225319338043e-06, 6.366951474490179e-05, 3.382827472930838e-05, 3.936337747484364e-05, 9.822369459844271e-06, 1.2438840756023861e-05]}}, "time_iVi_35": 0.4357160806655884, "time_iVi_50": 0.6584098815917969, "time_iVi_65": 0.8502155780792237, "time_iVi_80": 1.0967515707015991, "time_iVi_100": 1.4458744049072267, "time_iVi_200": 3.652067828178406, "time_iVi_350": 8.21337594985962, "time_iVi_500": 14.302878332138063, "time_iVi_750": 28.493502974510193, "time_iVi_1000": 48.06911571025849, "time_Res iVi_20": 0.28295812606811527, "time_Res iVi_35": 0.4368518114089966, "time_Res iVi_50": 0.6427619695663452, "time_Res iVi_65": 0.8617860555648804, "time_Res iVi_80": 1.1055536270141602, "time_Res iVi_100": 1.4662099838256837, "time_Res iVi_200": 3.6829936027526857, "time_Res iVi_350": 8.341101622581482, "time_Res iVi_500": 14.66969451904297, "time_Res iVi_750": 29.03675312995911, "time_Res iVi_1000": 48.220418596267706, "mc_std_iVi_U": 1.8571727088218418e-05, "mc_std_Res iVi_U": 1.876307939268424e-05, "mc_std_iVi_N": 4.5889338436055955e-05, "mc_std_Res iVi_N": 4.6107807264204205e-05}