{"methods_ivi": ["iVi", "Res iVi"], "methods_non_ivi": ["Population", "Ogata"], "n_paths_time_meas": 100000, "n_paths_non_ivi": 10000, "time_Population": 129.97840881347656, "time_Ogata": 53.86948823928833, "mean_N_T": 24.695163078136517, "U_p_values_10": {"Population-Ogata": [0.734599370602186, 0.0097], "Population-iVi": [1.442774785552453e-222, 0.2252], "Population-Res iVi": [9.658683238549156e-15, 0.0574]}, "N_p_values_10": {"Population-Ogata": [0.40535690578815814, 0.0126], "Population-iVi": [2.3335052653930922e-120, 0.1658], "Population-Res iVi": [1.3981651773175553e-20, 0.0681]}, "U_p_values_50": {"Population-Ogata": [0.734599370602186, 0.0097], "Population-iVi": [4.528060773540109e-11, 0.0495], "Population-Res iVi": [0.04822817851247244, 0.0193]}, "N_p_values_50": {"Population-Ogata": [0.40535690578815814, 0.0126], "Population-iVi": [8.083148109530224e-10, 0.0465], "Population-Res iVi": [0.0013639447962066767, 0.027]}, "U_p_values_100": {"Population-Ogata": [0.734599370602186, 0.0097], "Population-iVi": [0.00470673563176954, 0.0246], "Population-Res iVi": [0.6637453476707832, 0.0103]}, "N_p_values_100": {"Population-Ogata": [0.40535690578815814, 0.0126], "Population-iVi": [0.00041980308599243296, 0.0291], "Population-Res iVi": [0.007989835535840706, 0.0235]}, "U_p_values_1000": {"Population-Ogata": [0.734599370602186, 0.0097], "Population-iVi": [0.4568717692969701, 0.0121], "Population-Res iVi": [0.37616617897202725, 0.0129]}, "N_p_values_1000": {"Population-Ogata": [0.40535690578815814, 0.0126], "Population-iVi": [0.0036709697323378866, 0.0251], "Population-Res iVi": [0.0006645359294741041, 0.0283]}, "n_steps_arr_cf": [20, 35, 50, 65, 80, 100, 200, 350, 500, 750, 1000], "n_paths_ivi": 100000, "mc_std_U": 0.0003132936382176148, "mc_std_N": 0.0005207841993631714, "time_iVi_20": 0.18272662162780762, "errors_ivi": {"U": {"iVi": [0.02664068163279204, 0.015415296664214373, 0.010808584865170279, 0.008176632497139236, 0.007090628492885109, 0.005609534601826116, 0.0022669845652675824, 0.001737681896346488, 0.0011882128002999037, 0.00018914698688810017, 0.00037574667910433845], "Res iVi": [0.0028393759048785383, 0.0018125988261961101, 0.0015229262120498577, 0.0012275542182000332, 0.0010812170378958763, 0.000936146545158667, 4.497795415842054e-05, 0.00035490300531232366, 0.00014701111663045774, 0.00036780203113051524, 1.7821940159479244e-05]}, "N": {"iVi": [0.03148157789361394, 0.018739479481970134, 0.01317585537362359, 0.010024894248518823, 0.00871683490326991, 0.006763921857777411, 0.002604077004839167, 0.002247576882338398, 0.0015712028492688157, 8.884361400118834e-05, 0.0004721717913164225], "Res iVi": [0.00812084364025667, 0.005247430382558704, 0.00430990960448463, 0.003363773634060596, 0.0027552182766794053, 0.002438786330648368, 0.00029090897471362176, 0.0009373340472488279, 0.0004374490385555818, 0.00037573794015671735, 0.00013858189547771849]}}, "time_iVi_35": 0.3157980442047119, "time_iVi_50": 0.42000818252563477, "time_iVi_65": 0.5419826507568359, "time_iVi_80": 0.6665551662445068, "time_iVi_100": 0.8542807102203369, "time_iVi_200": 1.656846523284912, "time_iVi_350": 3.0019593238830566, "time_iVi_500": 4.432963132858276, "time_iVi_750": 6.746097564697266, "time_iVi_1000": 9.157122373580933, "time_Res iVi_20": 0.22566819190979004, "time_Res iVi_35": 0.29511046409606934, "time_Res iVi_50": 0.4007718563079834, "time_Res iVi_65": 0.5307788848876953, "time_Res iVi_80": 0.6323292255401611, "time_Res iVi_100": 0.7798480987548828, "time_Res iVi_200": 1.6190283298492432, "time_Res iVi_350": 2.9119679927825928, "time_Res iVi_500": 4.3013787269592285, "time_Res iVi_750": 6.654562711715698, "time_Res iVi_1000": 9.313445568084717, "mc_std_iVi_U": 0.00031500730384849033, "mc_std_Res iVi_U": 0.00031487829194140875, "mc_std_iVi_N": 0.0005242700403176302, "mc_std_Res iVi_N": 0.0005241072465857016}