{"time_Population_10000": 262.1744546890259, "time_Ogata_10000": 759.9048049449921, "mean_N_T": 733.1670598840102, "U_p_values_10": {"Population-Ogata": [0.9711713729518725, 0.0069], "Population-iVi": [0.0, 0.7358], "Population-Res iVi": [1.1633754714723069e-76, 0.1323]}, "N_p_values_10": {"Population-Ogata": [0.9626361027684857, 0.0071], "Population-iVi": [0.0, 0.9423], "Population-Res iVi": [5.0213660109169114e-74, 0.13]}, "U_p_values_50": {"Population-Ogata": [0.9711713729518725, 0.0069], "Population-iVi": [1.0728993042973394e-52, 0.1096], "Population-Res iVi": [3.084305112309125e-07, 0.0396]}, "N_p_values_50": {"Population-Ogata": [0.9626361027684857, 0.0071], "Population-iVi": [1e-323, 0.2807], "Population-Res iVi": [1.5582502873684015e-06, 0.0375]}, "U_p_values_100": {"Population-Ogata": [0.9711713729518725, 0.0069], "Population-iVi": [1.614066761277084e-10, 0.0482], "Population-Res iVi": [0.0012237990083722164, 0.0272]}, "N_p_values_100": {"Population-Ogata": [0.9626361027684857, 0.0071], "Population-iVi": [1.3126061198100872e-94, 0.147], "Population-Res iVi": [0.001602414825486658, 0.0267]}, "U_p_values_1000": {"Population-Ogata": [0.9711713729518725, 0.0069], "Population-iVi": [0.01323855514020171, 0.0224], "Population-Res iVi": [0.5116055794163079, 0.0116]}, "N_p_values_1000": {"Population-Ogata": [0.9626361027684857, 0.0071], "Population-iVi": [1.5518585074250996e-05, 0.0343], "Population-Res iVi": [0.6042251174586427, 0.0108]}, "time_iVi_20": 3.079462766647339, "time_iVi_35": 5.526700258255005, "time_iVi_50": 8.597532510757446, "time_iVi_65": 11.071537256240845, "time_iVi_80": 14.112802267074585, "time_iVi_100": 19.09228205680847, "time_iVi_200": 38.067946672439575, "time_iVi_350": 91.2169759273529, "time_iVi_500": 168.0942599773407, "time_iVi_750": 320.95740938186646, "time_iVi_1000": 522.4048273563385, "time_Res iVi_20": 3.1719493865966797, "time_Res iVi_35": 5.700854778289795, "time_Res iVi_50": 8.326262950897217, "time_Res iVi_65": 11.16908049583435, "time_Res iVi_80": 14.014681577682495, "time_Res iVi_100": 18.865335702896118, "time_Res iVi_200": 45.1824746131897, "time_Res iVi_350": 100.43384313583374, "time_Res iVi_500": 172.82470297813416, "time_Res iVi_750": 328.9819526672363, "time_Res iVi_1000": 537.9818050861359, "arriavals_p_values_10": {"Population": [0.3383508960191298, 0.028089672455180875], "Ogata": [0.12806257067064597, 0.044968643102028694], "iVi": [2.9704743749113547e-25, 0.0937439268014596], "Res iVi": [0.5665007080289814, 0.04210488559437697]}, "arriavals_p_values_50": {"Population": [0.3383508960191298, 0.028089672455180875], "Ogata": [0.12806257067064597, 0.044968643102028694], "iVi": [0.25636975121875916, 0.03578399405946453], "Res iVi": [0.4509345751020398, 0.01766432868452439]}, "arriavals_p_values_100": {"Population": [0.3383508960191298, 0.028089672455180875], "Ogata": [0.12806257067064597, 0.044968643102028694], "iVi": [0.21541061349136514, 0.03483618489295748], "Res iVi": [0.6088950971319771, 0.024137448949240026]}, "arriavals_p_values_1000": {"Population": [0.3383508960191298, 0.028089672455180875], "Ogata": [0.12806257067064597, 0.044968643102028694], "iVi": [0.9307821004347698, 0.016822041521699083], "Res iVi": [0.33031154051281253, 0.03348715126387103]}}