{"time_Population_10000": 355.5459084510803, "time_Ogata_10000": 1030.4762938022614, "mean_N_T": 733.1670598840102, "U_p_values_10": {"Population-Ogata": [0.9711713729518725, 0.0069], "Population-iVi": [0.0, 0.7358], "Population-Res iVi": [3.2192033198497964e-12, 0.0521]}, "N_p_values_10": {"Population-Ogata": [0.9626361027684857, 0.0071], "Population-iVi": [0.0, 0.9423], "Population-Res iVi": [7.776685772517619e-09, 0.044]}, "U_p_values_50": {"Population-Ogata": [0.9711713729518725, 0.0069], "Population-iVi": [1.0728993042973394e-52, 0.1096], "Population-Res iVi": [1.2049450982809622e-22, 0.0715]}, "N_p_values_50": {"Population-Ogata": [0.9626361027684857, 0.0071], "Population-iVi": [1e-323, 0.2807], "Population-Res iVi": [5.753928303521954e-22, 0.0704]}, "U_p_values_100": {"Population-Ogata": [0.9711713729518725, 0.0069], "Population-iVi": [1.614066761277084e-10, 0.0482], "Population-Res iVi": [2.2520699072727212e-11, 0.0502]}, "N_p_values_100": {"Population-Ogata": [0.9626361027684857, 0.0071], "Population-iVi": [9.760727226902662e-95, 0.1471], "Population-Res iVi": [5.518161998179471e-11, 0.0493]}, "U_p_values_1000": {"Population-Ogata": [0.9711713729518725, 0.0069], "Population-iVi": [0.01323855514020171, 0.0224], "Population-Res iVi": [0.0013639447962066767, 0.027]}, "N_p_values_1000": {"Population-Ogata": [0.9626361027684857, 0.0071], "Population-iVi": [1.9048870270005854e-05, 0.034], "Population-Res iVi": [0.0003960229461626993, 0.0292]}, "time_iVi_20": 2.956110715866089, "errors_ivi": {"U": {"iVi": [0.17459455890341624, 0.08092783306978252, 0.04828828818251785, 0.03170385279349275, 0.02249581712794141, 0.015081366841679655, 0.0017086801485970415, 0.0023809806463311323, 0.003540178805970018, 0.004341074418279467, 0.0040698756257006585], "Res iVi": [0.021378814746078223, 0.02114910113171209, 0.019540332149977746, 0.017512205708875572, 0.01626644882731909, 0.015029695175043545, 0.010808931667759147, 0.007864885250176423, 0.006524158513637024, 0.005393723396046046, 0.004402573262819731]}, "N": {"iVi": [0.3283138512560672, 0.20733794334471187, 0.15001100159788489, 0.1173978911137945, 0.09713124603747181, 0.07939484495522664, 0.04241191744966882, 0.026024477022888792, 0.019093170414983207, 0.01322639621512961, 0.010614645917189636], "Res iVi": [0.021236545749174496, 0.02132339101930597, 0.019793361854708147, 0.017751412750791118, 0.016494608549883993, 0.015259691168821254, 0.010996381561284463, 0.008013200621304117, 0.006638231777011394, 0.0054996765809937065, 0.0044828551234931124]}}, "time_iVi_35": 5.28297758102417, "time_iVi_50": 8.237234354019165, "time_iVi_65": 10.65611481666565, "time_iVi_80": 13.5753812789917, "time_iVi_100": 17.599485158920288, "time_iVi_200": 42.39023160934448, "time_iVi_350": 94.09104895591736, "time_iVi_500": 162.44741892814636, "time_iVi_750": 316.06767892837524, "time_iVi_1000": 519.6628105640411, "time_Res iVi_20": 3.0994484424591064, "time_Res iVi_35": 5.3152875900268555, "time_Res iVi_50": 8.065268754959106, "time_Res iVi_65": 10.74709439277649, "time_Res iVi_80": 13.702428102493286, "time_Res iVi_100": 17.904694318771362, "time_Res iVi_200": 43.35413384437561, "time_Res iVi_350": 95.58101010322571, "time_Res iVi_500": 165.12167048454285, "time_Res iVi_750": 322.09625697135925, "time_Res iVi_1000": 529.9599003791809, "arriavals_p_values_10": {"Population": [0.3383508960191298, 0.028089672455180875], "Ogata": [0.12806257067064597, 0.044968643102028694], "iVi": [2.9704743749113547e-25, 0.0937439268014596], "Res iVi": [0.05881025393606232, 0.11136938876177666]}, "arriavals_p_values_50": {"Population": [0.3383508960191298, 0.028089672455180875], "Ogata": [0.12806257067064597, 0.044968643102028694], "iVi": [0.25636975121875916, 0.03578399405946453], "Res iVi": [0.8081930012909536, 0.012173112061045765]}, "arriavals_p_values_100": {"Population": [0.3383508960191298, 0.028089672455180875], "Ogata": [0.12806257067064597, 0.044968643102028694], "iVi": [0.21541061349136514, 0.03483618489295748], "Res iVi": [0.6305648389610239, 0.021271113036381545]}, "arriavals_p_values_1000": {"Population": [0.3383508960191298, 0.028089672455180875], "Ogata": [0.12806257067064597, 0.044968643102028694], "iVi": [0.9307821004347698, 0.016822041521699083], "Res iVi": [0.20653700209391979, 0.04424694718769709]}}