{"methods_ivi": ["iVi", "Res iVi"], "methods_non_ivi": ["Population", "Ogata"], "n_paths_time_meas": 100000, "n_steps_arr_cf": [20, 35, 50, 65, 80, 100, 200, 350, 500, 750, 1000, 2000], "n_batch_cf": 10, "batch_size_cf": 100000, "n_paths_non_ivi": 10000, "time_Population": 65.98310470581055, "time_Ogata": 92.1613883972168, "mean_N_T": 7.37231604438123, "U_p_values_10": {"Population-Ogata": [0.11890214798175557, 0.0168], "Population-iVi": [1.5282513643318188e-42, 0.0984], "Population-Res iVi": [3.2615360632130744e-05, 0.0332]}, "N_p_values_10": {"Population-Ogata": [0.031162582913927636, 0.0204], "Population-iVi": [1.044038376030117e-22, 0.0716], "Population-Res iVi": [3.515679020657396e-35, 0.0894]}, "U_p_values_50": {"Population-Ogata": [0.11890214798175557, 0.0168], "Population-iVi": [0.014473851205715274, 0.0222], "Population-Res iVi": [0.3574576387469889, 0.0131]}, "N_p_values_50": {"Population-Ogata": [0.031162582913927636, 0.0204], "Population-iVi": [4.585036479758856e-26, 0.0768], "Population-Res iVi": [7.040783648697654e-29, 0.0809]}, "U_p_values_100": {"Population-Ogata": [0.11890214798175557, 0.0168], "Population-iVi": [0.21692483428445863, 0.0149], "Population-Res iVi": [0.05207814814192635, 0.0191]}, "N_p_values_100": {"Population-Ogata": [0.031162582913927636, 0.0204], "Population-iVi": [9.97409198999349e-36, 0.0901], "Population-Res iVi": [2.917748636524854e-33, 0.0869]}, "U_p_values_1000": {"Population-Ogata": [0.11890214798175557, 0.0168], "Population-iVi": [0.14966522632015317, 0.0161], "Population-Res iVi": [0.19231550503923178, 0.0153]}, "N_p_values_1000": {"Population-Ogata": [0.031162582913927636, 0.0204], "Population-iVi": [8.409750964239297e-30, 0.0822], "Population-Res iVi": [5.848137049160979e-33, 0.0865]}, "n_paths_ivi": 1000000, "mc_std_U": 6.660194025393524e-05, "mc_std_N": 0.00019296289050698548, "time_iVi_20": 0.2043842077255249, "errors_ivi": {"U": {"iVi": [0.008873803672872438, 0.005052617899854284, 0.0035285294802030465, 0.0028085479535045477, 0.0020903990443779663, 0.0017052669178700963, 0.0009195781085870047, 0.0005275824908846372, 0.0003134916175564495, 0.0002546194332592733, 0.00010905171697139782, 7.728463942330288e-05], "Res iVi": [0.0006625445853835066, 0.00029565543963588903, 0.00022878654650465569, 8.748127005231421e-05, 0.00016446834548955458, 0.00015935922116033785, 3.0352366462815805e-05, 2.2400877077444203e-05, 4.579527099396463e-05, 2.9820624783571947e-05, 6.556322469092324e-05, 2.9649779417384448e-05]}, "N": {"iVi": [0.007278265287980257, 0.004344146793711312, 0.0030973193259949405, 0.0025003913038473824, 0.001655079212057875, 0.0014116028996217778, 0.0007494935509625988, 0.0006209390762546563, 0.0003408546545178859, 0.00023245589832632252, 0.00010161165721422893, 0.00016415733314528724], "Res iVi": [0.0018130144160838357, 0.0007508967149191803, 0.0005660676886972138, 0.00032311667872569894, 0.0004494287220598303, 0.00041590009452219245, 7.889149598483414e-06, 5.007782076976719e-05, 3.62836854794768e-05, 4.99844798799165e-05, 8.876518225758856e-05, 1.2057711033519602e-05]}}, "time_iVi_35": 0.3709199190139771, "time_iVi_50": 0.5575320482254028, "time_iVi_65": 0.7604582786560059, "time_iVi_80": 0.9572675228118896, "time_iVi_100": 1.3058884143829346, "time_iVi_200": 3.459828567504883, "time_iVi_350": 7.983725666999817, "time_iVi_500": 14.451780462265015, "time_iVi_750": 28.662590217590335, "time_iVi_1000": 48.08515810966492, "time_iVi_2000": 173.44932787418367, "time_Res iVi_20": 0.22021968364715577, "time_Res iVi_35": 0.38271913528442386, "time_Res iVi_50": 0.5665150880813599, "time_Res iVi_65": 0.7973584413528443, "time_Res iVi_80": 0.9936122894287109, "time_Res iVi_100": 1.339475226402283, "time_Res iVi_200": 3.5888946771621706, "time_Res iVi_350": 8.346637725830078, "time_Res iVi_500": 15.076378107070923, "time_Res iVi_750": 30.113936853408816, "time_Res iVi_1000": 50.63895559310913, "time_Res iVi_2000": 184.94217700958254, "mc_std_iVi_U": 6.61943568530788e-05, "mc_std_Res iVi_U": 6.621298542214969e-05, "mc_std_iVi_N": 0.0001919338426882187, "mc_std_Res iVi_N": 0.0001921506976544725}