{"methods_ivi": ["iVi", "Res iVi"], "methods_non_ivi": ["Population", "Ogata"], "n_paths_time_meas": 100000, "n_paths_non_ivi": 10000, "time_Population": 1009.4187188148499, "time_Ogata": 1373.2756042480469, "mean_N_T": 152.18797488298742, "U_p_values_10": {"Population-Ogata": [0.8629266196033867, 0.0085], "Population-iVi": [0.0, 0.5475], "Population-Res iVi": [0.3393633805365633, 0.0133]}, "N_p_values_10": {"Population-Ogata": [0.8533882178607826, 0.0086], "Population-iVi": [0.0, 0.4615], "Population-Res iVi": [0.1646735174066772, 0.0158]}, "U_p_values_50": {"Population-Ogata": [0.8629266196033867, 0.0085], "Population-iVi": [1.2631201963248458e-54, 0.1116], "Population-Res iVi": [0.9411994973047206, 0.0075]}, "N_p_values_50": {"Population-Ogata": [0.8533882178607826, 0.0086], "Population-iVi": [7.190052228455816e-35, 0.089], "Population-Res iVi": [0.8127749152563353, 0.009]}, "U_p_values_100": {"Population-Ogata": [0.8629266196033867, 0.0085], "Population-iVi": [1.2876163329333524e-13, 0.0551], "Population-Res iVi": [0.6756592612416861, 0.0102]}, "N_p_values_100": {"Population-Ogata": [0.8533882178607826, 0.0086], "Population-iVi": [9.015219406659462e-11, 0.0488], "Population-Res iVi": [0.41538042565668437, 0.0125]}, "U_p_values_1000": {"Population-Ogata": [0.8629266196033867, 0.0085], "Population-iVi": [0.02991364969994266, 0.0205], "Population-Res iVi": [0.6398931694241892, 0.0105]}, "N_p_values_1000": {"Population-Ogata": [0.8533882178607826, 0.0086], "Population-iVi": [0.01323855514020171, 0.0224], "Population-Res iVi": [0.34833322133888034, 0.0132]}, "n_steps_arr_cf": [20, 35, 50, 65, 80, 100, 200, 350, 500, 750, 1000], "n_paths_ivi": 100000, "mc_std_U": 0.0002843126807087701, "mc_std_N": 0.00036682003416796654, "time_iVi_20": 0.27153563499450684, "errors_ivi": {"U": {"iVi": [0.0646974639792558, 0.0352199218237757, 0.023958317556025288, 0.017648496238236555, 0.014594572052574917, 0.011525459487405854, 0.005227231252575293, 0.0030522951397861653, 0.001723782201618007, 0.0012033308263334486, 0.0007474580884441195], "Res iVi": [0.0010288531962938663, 0.00021881465839723724, 0.0005825547472516068, 0.0005564144304180396, 0.0001550853294591814, 0.0004546775611999343, 0.00011276292615813865, 3.6370933098606173e-06, 8.521898928748328e-06, 0.0002490696348755317, 0.00034686181934590055]}, "N": {"iVi": [0.06491775413827738, 0.03503448925385427, 0.02378359023071286, 0.017296561249337816, 0.014427891686645544, 0.011326871509503789, 0.005018153571498207, 0.003008737595712685, 0.001504441521470834, 0.0010497054227482372, 0.0006737064646402668], "Res iVi": [0.001439082331967989, 0.00034576951521697596, 0.0007299086130212462, 0.0006604057429758226, 0.0002179682604797617, 0.0006159471720469378, 0.00011815697279377035, 0.0001578266373133408, 1.000715347893033e-05, 0.0003217608669781602, 0.0004230544196803243]}}, "time_iVi_35": 0.4384603500366211, "time_iVi_50": 0.6626927852630615, "time_iVi_65": 0.8601107597351074, "time_iVi_80": 1.0975863933563232, "time_iVi_100": 1.417905569076538, "time_iVi_200": 3.62475323677063, "time_iVi_350": 8.176118850708008, "time_iVi_500": 14.214529752731323, "time_iVi_750": 28.73230266571045, "time_iVi_1000": 50.28423762321472, "time_Res iVi_20": 0.3204531669616699, "time_Res iVi_35": 0.4800713062286377, "time_Res iVi_50": 0.6549332141876221, "time_Res iVi_65": 0.869133710861206, "time_Res iVi_80": 1.1583547592163086, "time_Res iVi_100": 1.5187501907348633, "time_Res iVi_200": 3.860071897506714, "time_Res iVi_350": 8.805575609207153, "time_Res iVi_500": 15.553165674209595, "time_Res iVi_750": 31.094703435897827, "time_Res iVi_1000": 56.52060580253601, "mc_std_iVi_U": 0.00028447470353149174, "mc_std_Res iVi_U": 0.00028549773489537633, "mc_std_iVi_N": 0.00036645522678934546, "mc_std_Res iVi_N": 0.00036786886357328095}