{"methods_ivi": ["iVi", "Res iVi"], "methods_non_ivi": ["Population", "Ogata"], "n_paths_time_meas": 100000, "n_paths_non_ivi": 10000, "time_Population": 129.56639051437378, "time_Ogata": 62.747650146484375, "mean_N_T": 24.695163078136517, "U_p_values_10": {"Population-Ogata": [0.734599370602186, 0.0097], "Population-iVi": [0.0, 0.3689], "Population-Res iVi": [4.100535218416419e-11, 0.0496]}, "N_p_values_10": {"Population-Ogata": [0.40535690578815814, 0.0126], "Population-iVi": [6.561580150128706e-119, 0.1648], "Population-Res iVi": [1.4487913385734907e-05, 0.0344]}, "U_p_values_50": {"Population-Ogata": [0.734599370602186, 0.0097], "Population-iVi": [2.7806186723432776e-27, 0.0786], "Population-Res iVi": [0.5228883388356883, 0.0115]}, "N_p_values_50": {"Population-Ogata": [0.40535690578815814, 0.0126], "Population-iVi": [3.8147229939069957e-10, 0.0473], "Population-Res iVi": [0.06288105634528753, 0.0186]}, "U_p_values_100": {"Population-Ogata": [0.734599370602186, 0.0097], "Population-iVi": [3.084305112309125e-07, 0.0396], "Population-Res iVi": [0.8811642663237643, 0.0083]}, "N_p_values_100": {"Population-Ogata": [0.40535690578815814, 0.0126], "Population-iVi": [0.00026182395806761743, 0.0299], "Population-Res iVi": [0.060578846945709426, 0.0187]}, "U_p_values_1000": {"Population-Ogata": [0.734599370602186, 0.0097], "Population-iVi": [0.9212790168134688, 0.0078], "Population-Res iVi": [0.5228883388356883, 0.0115]}, "N_p_values_1000": {"Population-Ogata": [0.40535690578815814, 0.0126], "Population-iVi": [0.004943640510915934, 0.0245], "Population-Res iVi": [0.0066097390500499155, 0.0239]}, "n_steps_arr_cf": [20, 35, 50, 65, 80, 100, 200, 350, 500, 750, 1000], "n_paths_ivi": 100000, "mc_std_U": 0.0003132936382176148, "mc_std_N": 0.0005207841993631714, "time_iVi_20": 0.28323817253112793, "errors_ivi": {"U": {"iVi": [0.04025212592760963, 0.023035788270441226, 0.016132256064232353, 0.012551550820971591, 0.009757174260292656, 0.007859921450908913, 0.004463719050763093, 0.0021135575384169103, 0.0015073256047162253, 0.001604905682729807, 0.0009711971597975988], "Res iVi": [0.0021076798449973233, 0.0012131971130519004, 0.0007585422318993063, 0.0008991588141613049, 0.0006099784701980027, 0.0006207245804001338, 0.0003199508351908187, 0.00018271667238167755, 0.00017727542227252702, 0.00047507285857728565, 0.0003374095381560305]}, "N": {"iVi": [0.03148157789361389, 0.018739479481970134, 0.01317585537362359, 0.010024894248518823, 0.008716834903270021, 0.006763921857777411, 0.002604077004839167, 0.002247576882338398, 0.0015712028492688157, 8.884361400118834e-05, 0.0004721717913164225], "Res iVi": [0.0031960646999478204, 0.002019988123862171, 0.0013897955374218562, 0.0015552874477963718, 0.0009178490145121954, 0.0009872466565445381, 0.0005750473655650179, 0.00028946882242569805, 0.0004037619716898422, 0.0006073340453024434, 0.0003376103563426103]}}, "time_iVi_35": 0.4554331302642822, "time_iVi_50": 0.6699731349945068, "time_iVi_65": 0.8768064975738525, "time_iVi_80": 1.0066254138946533, "time_iVi_100": 1.1779310703277588, "time_iVi_200": 2.262946605682373, "time_iVi_350": 4.101486921310425, "time_iVi_500": 5.816736936569214, "time_iVi_750": 8.910480499267578, "time_iVi_1000": 12.151633501052856, "time_Res iVi_20": 0.28238964080810547, "time_Res iVi_35": 0.408674955368042, "time_Res iVi_50": 0.5818407535552979, "time_Res iVi_65": 0.6938738822937012, "time_Res iVi_80": 0.830289363861084, "time_Res iVi_100": 1.1160590648651123, "time_Res iVi_200": 2.1689484119415283, "time_Res iVi_350": 3.9674906730651855, "time_Res iVi_500": 5.713407278060913, "time_Res iVi_750": 8.961612224578857, "time_Res iVi_1000": 12.687881231307983, "mc_std_iVi_U": 0.0003142651818302813, "mc_std_Res iVi_U": 0.0003143579866527699, "mc_std_iVi_N": 0.0005242700403176302, "mc_std_Res iVi_N": 0.0005234493242963396}